fish,trial,frame,frame_raw,time_ms,pt_num,landmark,x,y,z
bass_1,s01,1,186,0,5,basi,7.262659,6.689217,5.941217
bass_1,s01,1,186,0,3,eye,7.653178,7.652991,6.987397
bass_1,s01,1,186,0,1,lj,6.103724,7.197144,5.673198
bass_1,s01,1,186,0,6,p2,11.05071946544245,6.131641188335817,7.267551571192426
bass_1,s01,1,186,0,4,pm,6.341527,7.645784,5.874519
bass_1,s01,1,186,0,8,quad,8.052699622082143,6.637460983890975,6.541945407738087
bass_1,s01,1,186,0,2,so,8.818252,6.385042,6.880896
bass_1,s01,1,186,0,7,uro,7.574792,6.666962,6.004682
bass_1,s01,2,187,1,5,basi,7.215035,6.652286,5.882383
bass_1,s01,2,187,1,3,eye,7.611751,7.617596,6.941242
bass_1,s01,2,187,1,1,lj,6.076952,7.136809,5.596354
bass_1,s01,2,187,1,6,p2,11.039136850542114,6.125597812395265,7.260365195027271
bass_1,s01,2,187,1,4,pm,6.288049,7.609009,5.721039
bass_1,s01,2,187,1,8,quad,8.0292632672902,6.536829926612138,6.499930394669147
bass_1,s01,2,187,1,2,so,8.760179,6.353124,6.838482
bass_1,s01,2,187,1,7,uro,7.542467,6.61379,5.957239
bass_1,s01,3,188,2,5,basi,7.191731,6.615068,5.812567
bass_1,s01,3,188,2,3,eye,7.572202,7.576854,6.882204
bass_1,s01,3,188,2,1,lj,6.032707,7.081619,5.532221
bass_1,s01,3,188,2,6,p2,11.026846420127583,6.117536700191971,7.254328011785329
bass_1,s01,3,188,2,4,pm,6.257904,7.602882,5.607186
bass_1,s01,3,188,2,8,quad,7.975356648391675,6.542669467212991,6.427907690310063
bass_1,s01,3,188,2,2,so,8.696372,6.324061,6.782164
bass_1,s01,3,188,2,7,uro,7.489168,6.581702,5.902355
bass_1,s01,4,189,3,5,basi,7.141694,6.577946,5.777166
bass_1,s01,4,189,3,3,eye,7.525102,7.557718,6.830196
bass_1,s01,4,189,3,1,lj,5.991977,7.0209,5.468235
bass_1,s01,4,189,3,6,p2,11.014815468797329,6.109217050624467,7.247031288504578
bass_1,s01,4,189,3,4,pm,6.211383,7.583005,5.573493
bass_1,s01,4,189,3,8,quad,7.939823105885132,6.5004650712607726,6.353479736968836
bass_1,s01,4,189,3,2,so,8.667786,6.277959,6.725715
bass_1,s01,4,189,3,7,uro,7.442952,6.535808,5.839816
bass_1,s01,5,190,4,5,basi,7.089609,6.541077,5.695582
bass_1,s01,5,190,4,3,eye,7.475151,7.510975,6.789984
bass_1,s01,5,190,4,1,lj,5.938532,6.966091,5.385532
bass_1,s01,5,190,4,6,p2,11.002180337283525,6.101261636813888,7.239559782487297
bass_1,s01,5,190,4,4,pm,6.166372,7.541267,5.526414
bass_1,s01,5,190,4,8,quad,7.8674964762837165,6.4612545297025905,6.343782775081441
bass_1,s01,5,190,4,2,so,8.624424,6.271459,6.701616
bass_1,s01,5,190,4,7,uro,7.381985,6.476518,5.769445
bass_1,s01,6,191,5,5,basi,7.039885,6.491113,5.637358
bass_1,s01,6,191,5,3,eye,7.421104,7.479988,6.762765
bass_1,s01,6,191,5,1,lj,5.900937,6.909671,5.347096
bass_1,s01,6,191,5,6,p2,10.976463387137354,6.08541494604547,7.224988014881733
bass_1,s01,6,191,5,4,pm,6.112335,7.517316,5.453258
bass_1,s01,6,191,5,8,quad,7.81890874375454,6.424301972869283,6.315956263672886
bass_1,s01,6,191,5,2,so,8.560839,6.217398,6.652105
bass_1,s01,6,191,5,7,uro,7.296754,6.437817,5.714368
bass_1,s01,7,192,6,5,basi,6.986962,6.453428,5.590372
bass_1,s01,7,192,6,3,eye,7.365772,7.444073,6.735797
bass_1,s01,7,192,6,1,lj,5.82167,6.854009,5.308303
bass_1,s01,7,192,6,6,p2,10.9478493503766,6.068962317124861,7.209134559626928
bass_1,s01,7,192,6,4,pm,6.055434,7.486602,5.412934
bass_1,s01,7,192,6,8,quad,7.7228027667551284,6.368128654726408,6.208092518141555
bass_1,s01,7,192,6,2,so,8.496265,6.203118,6.595986
bass_1,s01,7,192,6,7,uro,7.261368,6.419,5.65282
bass_1,s01,8,193,7,5,basi,6.960989,6.389695,5.532657
bass_1,s01,8,193,7,3,eye,7.266631,7.403268,6.714287
bass_1,s01,8,193,7,1,lj,5.773059,6.802789,5.276245
bass_1,s01,8,193,7,6,p2,10.91508571953003,6.048449616462087,7.194931137602696
bass_1,s01,8,193,7,4,pm,6.016704,7.466554,5.372923
bass_1,s01,8,193,7,8,quad,7.697673734331249,6.364143305047968,6.205496709929324
bass_1,s01,8,193,7,2,so,8.46173,6.155057,6.577861
bass_1,s01,8,193,7,7,uro,7.225744,6.357896,5.628761
bass_1,s01,9,194,8,5,basi,6.896431,6.365182,5.485834
bass_1,s01,9,194,8,3,eye,7.206288,7.371646,6.705883
bass_1,s01,9,194,8,1,lj,5.725409,6.76712,5.250558
bass_1,s01,9,194,8,6,p2,10.879640833584048,6.028821563638621,7.175625524446404
bass_1,s01,9,194,8,4,pm,5.935672,7.447168,5.339045
bass_1,s01,9,194,8,8,quad,7.641637767407283,6.280567169379678,6.102869158062434
bass_1,s01,9,194,8,2,so,8.385826,6.126057,6.514236
bass_1,s01,9,194,8,7,uro,7.170665,6.332345,5.582357
bass_1,s01,10,195,9,5,basi,6.852343,6.287732,5.462035
bass_1,s01,10,195,9,3,eye,7.159486,7.328976,6.684651
bass_1,s01,10,195,9,1,lj,5.660618,6.712974,5.199733
bass_1,s01,10,195,9,6,p2,10.840956350239264,6.007763083824746,7.15726468281197
bass_1,s01,10,195,9,4,pm,5.882577,7.432269,5.318632
bass_1,s01,10,195,9,8,quad,7.561210092747807,6.243411676443548,6.075994489666679
bass_1,s01,10,195,9,2,so,8.310046,6.104835,6.458665
bass_1,s01,10,195,9,7,uro,7.119451,6.285705,5.54339
bass_1,s01,11,196,10,5,basi,6.755008,6.263981,5.426606
bass_1,s01,11,196,10,3,eye,7.072213,7.287908,6.650671
bass_1,s01,11,196,10,1,lj,5.574671,6.653663,5.179864
bass_1,s01,11,196,10,6,p2,10.7976718546206,5.985489205228966,7.138970091087416
bass_1,s01,11,196,10,4,pm,5.808797,7.395519,5.297902
bass_1,s01,11,196,10,8,quad,7.5482737413044845,6.265914727412737,6.083818504887239
bass_1,s01,11,196,10,2,so,8.273608,6.081818,6.442112
bass_1,s01,11,196,10,7,uro,7.040331,6.23222,5.496157
bass_1,s01,12,197,11,5,basi,6.701722,6.238688,5.414243
bass_1,s01,12,197,11,3,eye,7.004607,7.240348,6.642041
bass_1,s01,12,197,11,1,lj,5.511754,6.584916,5.141745
bass_1,s01,12,197,11,6,p2,10.751591384706868,5.962954568167098,7.121169169340195
bass_1,s01,12,197,11,4,pm,5.757689,7.330591,5.27091
bass_1,s01,12,197,11,8,quad,7.484525603379384,6.18643529840184,6.0223787132190285
bass_1,s01,12,197,11,2,so,8.220567,6.034936,6.424648
bass_1,s01,12,197,11,7,uro,6.992237,6.2061,5.465199
bass_1,s01,13,198,12,5,basi,6.651818,6.174694,5.368064
bass_1,s01,13,198,12,3,eye,6.944661,7.203565,6.621094
bass_1,s01,13,198,12,1,lj,5.455919,6.548395,5.141079
bass_1,s01,13,198,12,6,p2,10.700611136220823,5.938969915857301,7.1007753872518835
bass_1,s01,13,198,12,4,pm,5.67971,7.271807,5.243675
bass_1,s01,13,198,12,8,quad,7.431800619890359,6.152402209935778,6.076433073165797
bass_1,s01,13,198,12,2,so,8.171844,6.011171,6.399514
bass_1,s01,13,198,12,7,uro,6.906557,6.132196,5.441073
bass_1,s01,14,199,13,5,basi,6.578802,6.11026,5.366732
bass_1,s01,14,199,13,3,eye,6.875901,7.158949,6.606133
bass_1,s01,14,199,13,1,lj,5.377584,6.493182,5.133803
bass_1,s01,14,199,13,6,p2,10.64722881525798,5.914862376707437,7.081515576462047
bass_1,s01,14,199,13,4,pm,5.596548,7.239951,5.242506
bass_1,s01,14,199,13,8,quad,7.347437369795361,6.14233063416574,6.073651899052984
bass_1,s01,14,199,13,2,so,8.121804,5.964323,6.390052
bass_1,s01,14,199,13,7,uro,6.82509,6.071588,5.416877
bass_1,s01,15,200,14,5,basi,6.511992,6.072358,5.343108
bass_1,s01,15,200,14,3,eye,6.79452,7.105569,6.590723
bass_1,s01,15,200,14,1,lj,5.321882,6.428355,5.133171
bass_1,s01,15,200,14,6,p2,10.591000993109668,5.8910678781992125,7.063854729657608
bass_1,s01,15,200,14,4,pm,5.523122,7.186529,5.215432
bass_1,s01,15,200,14,8,quad,7.266385469145854,6.022887118890992,6.019296706905666
bass_1,s01,15,200,14,2,so,8.059136,5.925254,6.372864
bass_1,s01,15,200,14,7,uro,6.749266,6.017912,5.392995
bass_1,s01,16,201,15,5,basi,6.40939,6.048128,5.330356
bass_1,s01,16,201,15,3,eye,6.728393,7.058427,6.582187
bass_1,s01,16,201,15,1,lj,5.24398,6.378049,5.126003
bass_1,s01,16,201,15,6,p2,10.532364249158448,5.867856948424749,7.0482525643715634
bass_1,s01,16,201,15,4,pm,5.4638,7.121023,5.20809
bass_1,s01,16,201,15,8,quad,7.173154772438495,6.032485767748889,6.029172111328566
bass_1,s01,16,201,15,2,so,8.010891,5.885478,6.366207
bass_1,s01,16,201,15,7,uro,6.65942,5.998954,5.384189
bass_1,s01,17,202,16,5,basi,6.330132,5.98396,5.317815
bass_1,s01,17,202,16,3,eye,6.65999,7.011246,6.56088
bass_1,s01,17,202,16,1,lj,5.158994,6.318632,5.106442
bass_1,s01,17,202,16,6,p2,10.471699760473482,5.843768705263097,7.033480289439245
bass_1,s01,17,202,16,4,pm,5.386332,7.072606,5.200549
bass_1,s01,17,202,16,8,quad,7.153860136997723,5.992162408786384,6.003046438663834
bass_1,s01,17,202,16,2,so,7.963312,5.861801,6.360006
bass_1,s01,17,202,16,7,uro,6.58896,5.952025,5.375609
bass_1,s01,18,203,17,5,basi,6.227349,5.933369,5.305031
bass_1,s01,18,203,17,3,eye,6.588206,6.980601,6.546586
bass_1,s01,18,203,17,1,lj,5.092488,6.267981,5.093242
bass_1,s01,18,203,17,6,p2,10.407794067415402,5.821354680460955,7.018815195520945
bass_1,s01,18,203,17,4,pm,5.299462,7.013165,5.186335
bass_1,s01,18,203,17,8,quad,7.135185689560284,5.952897773689199,6.002758395379978
bass_1,s01,18,203,17,2,so,7.873045,5.831713,6.353581
bass_1,s01,18,203,17,7,uro,6.476701,5.905765,5.343775
bass_1,s01,19,204,18,5,basi,6.184643,5.907963,5.293172
bass_1,s01,19,204,18,3,eye,6.517457,6.952631,6.538279
bass_1,s01,19,204,18,1,lj,5.006007,6.189671,5.073823
bass_1,s01,19,204,18,6,p2,10.342540442254416,5.798059912623037,7.0072007586363645
bass_1,s01,19,204,18,4,pm,5.222082,6.993288,5.159498
bass_1,s01,19,204,18,8,quad,7.008737000435047,5.883747128593783,6.021752072166421
bass_1,s01,19,204,18,2,so,7.799073,5.80073,6.369884
bass_1,s01,19,204,18,7,uro,6.403825,5.872565,5.342717
bass_1,s01,20,205,19,5,basi,6.123838,5.830023,5.303343
bass_1,s01,20,205,19,3,eye,6.449554,6.928213,6.524107
bass_1,s01,20,205,19,1,lj,4.913826,6.125391,5.072789
bass_1,s01,20,205,19,6,p2,10.274900145549008,5.773908894887173,6.996326537776815
bass_1,s01,20,205,19,4,pm,5.145145,6.983537,5.15843
bass_1,s01,20,205,19,8,quad,6.900424631438598,5.839989983985226,5.98598789643799
bass_1,s01,20,205,19,2,so,7.697919,5.745836,6.389483
bass_1,s01,20,205,19,7,uro,6.356851,5.824897,5.349374
bass_1,s01,21,206,20,5,basi,6.021422,5.818784,5.31319
bass_1,s01,21,206,20,3,eye,6.349433,6.924099,6.510155
bass_1,s01,21,206,20,1,lj,4.822423,6.061336,5.022644
bass_1,s01,21,206,20,6,p2,10.20518910134392,5.750004987812057,6.987732780836102
bass_1,s01,21,206,20,4,pm,5.047827,6.996714,5.150624
bass_1,s01,21,206,20,8,quad,6.786731702006943,5.844635406254733,6.077710077606833
bass_1,s01,21,206,20,2,so,7.569288,5.723873,6.414223
bass_1,s01,21,206,20,7,uro,6.276048,5.764018,5.370504
bass_1,s01,22,207,21,5,basi,5.976876,5.740761,5.29001
bass_1,s01,22,207,21,3,eye,6.277323,6.929571,6.47822
bass_1,s01,22,207,21,1,lj,4.725664,5.978461,4.985019
bass_1,s01,22,207,21,6,p2,10.135183736740736,5.725326621243546,6.978645967686157
bass_1,s01,22,207,21,4,pm,4.955802,7.032942,5.130131
bass_1,s01,22,207,21,8,quad,6.7027503046062415,5.764840213065613,6.057669651038006
bass_1,s01,22,207,21,2,so,7.480792,5.693323,6.457656
bass_1,s01,22,207,21,7,uro,6.210433,5.702979,5.361907
bass_1,s01,23,208,22,5,basi,5.867937,5.690179,5.277263
bass_1,s01,23,208,22,3,eye,6.195458,6.942058,6.440266
bass_1,s01,23,208,22,1,lj,4.626136,5.852989,4.923329
bass_1,s01,23,208,22,6,p2,10.062539539887467,5.7032025816756144,6.9711057881039675
bass_1,s01,23,208,22,4,pm,4.874953,7.042319,5.05797
bass_1,s01,23,208,22,8,quad,6.6031369608657915,5.720346005059461,6.0923977147370065
bass_1,s01,23,208,22,2,so,7.3874,5.670949,6.478411
bass_1,s01,23,208,22,7,uro,6.106697,5.656517,5.33797
bass_1,s01,24,209,23,5,basi,5.791623,5.599508,5.231401
bass_1,s01,24,209,23,3,eye,6.113663,6.954707,6.396113
bass_1,s01,24,209,23,1,lj,4.559586,5.750389,4.880596
bass_1,s01,24,209,23,6,p2,9.990612650153553,5.678478994756925,6.963688058334873
bass_1,s01,24,209,23,4,pm,4.770103,7.046321,4.985404
bass_1,s01,24,209,23,8,quad,6.52553583319976,5.72776557617725,6.051576453508905
bass_1,s01,24,209,23,2,so,7.288789,5.641038,6.499119
bass_1,s01,24,209,23,7,uro,6.036001,5.5747,5.314378
bass_1,s01,25,210,24,5,basi,5.738771,5.508273,5.208331
bass_1,s01,25,210,24,3,eye,6.025475,6.97075,6.3519
bass_1,s01,25,210,24,1,lj,4.457717,5.609614,4.770954
bass_1,s01,25,210,24,6,p2,9.918272350216329,5.653027811787605,6.955839011084542
bass_1,s01,25,210,24,4,pm,4.654343,7.084211,4.919103
bass_1,s01,25,210,24,8,quad,6.438689902486531,5.557356244212213,5.972338017692268
bass_1,s01,25,210,24,2,so,7.158438,5.627121,6.496563
bass_1,s01,25,210,24,7,uro,5.975751,5.492626,5.268782
bass_1,s01,26,211,25,5,basi,5.674635,5.403716,5.174088
bass_1,s01,26,211,25,3,eye,5.917024,6.970848,6.307001
bass_1,s01,26,211,25,1,lj,4.401727,5.498434,4.777566
bass_1,s01,26,211,25,6,p2,9.84523776558768,5.627788399673744,6.947958710664743
bass_1,s01,26,211,25,4,pm,4.535153,7.105154,4.846118
bass_1,s01,26,211,25,8,quad,6.289698882198836,5.534554863381032,5.9901742479412325
bass_1,s01,26,211,25,2,so,7.022052,5.59737,6.50263
bass_1,s01,26,211,25,7,uro,5.929221,5.389401,5.253121
bass_1,s01,27,212,26,5,basi,5.569979,5.313329,5.128496
bass_1,s01,27,212,26,3,eye,5.809782,6.967621,6.262059
bass_1,s01,27,212,26,1,lj,4.3425,5.355317,4.724359
bass_1,s01,27,212,26,6,p2,9.772602203199842,5.602712341261803,6.93959331220195
bass_1,s01,27,212,26,4,pm,4.402737,7.115437,4.786308
bass_1,s01,27,212,26,8,quad,6.183358778344811,5.530764056515996,6.014864647425646
bass_1,s01,27,212,26,2,so,6.89633,5.559125,6.51746
bass_1,s01,27,212,26,7,uro,5.920859,5.3151,5.22344
bass_1,s01,28,213,27,5,basi,5.535519,5.247604,5.050816
bass_1,s01,28,213,27,3,eye,5.724967,6.960476,6.223551
bass_1,s01,28,213,27,1,lj,4.261837,5.259004,4.654895
bass_1,s01,28,213,27,6,p2,9.701128966742822,5.5775093062794445,6.929789590642775
bass_1,s01,28,213,27,4,pm,4.258351,7.113617,4.75215
bass_1,s01,28,213,27,8,quad,6.095594230478354,5.459626521903351,6.012298000958864
bass_1,s01,28,213,27,2,so,6.787994,5.545442,6.506653
bass_1,s01,28,213,27,7,uro,5.892476,5.221621,5.178764
bass_1,s01,29,214,28,5,basi,5.442206,5.208933,4.994452
bass_1,s01,29,214,28,3,eye,5.600053,6.950578,6.196782
bass_1,s01,29,214,28,1,lj,4.200555,5.167179,4.596985
bass_1,s01,29,214,28,6,p2,9.630311631075816,5.552049695113679,6.919583191291917
bass_1,s01,29,214,28,4,pm,4.146472,7.122322,4.718276
bass_1,s01,29,214,28,8,quad,5.985565713823497,5.425171318315846,5.975891265520173
bass_1,s01,29,214,28,2,so,6.654706,5.555566,6.513736
bass_1,s01,29,214,28,7,uro,5.821987,5.133849,5.118998
bass_1,s01,30,215,29,5,basi,5.300999,5.132011,4.949032
bass_1,s01,30,215,29,3,eye,5.522887,6.939445,6.176866
bass_1,s01,30,215,29,1,lj,4.110599,5.079174,4.501652
bass_1,s01,30,215,29,6,p2,9.560093639767423,5.525281397343665,6.907562281373196
bass_1,s01,30,215,29,4,pm,4.056447,7.188588,4.697059
bass_1,s01,30,215,29,8,quad,5.880244304683875,5.417310181991358,5.9763114894659655
bass_1,s01,30,215,29,2,so,6.507826,5.542214,6.515667
bass_1,s01,30,215,29,7,uro,5.790382,5.056203,5.109499
bass_1,s01,31,216,30,5,basi,5.229519,5.053287,4.893608
bass_1,s01,31,216,30,3,eye,5.43488,6.932878,6.156901
bass_1,s01,31,216,30,1,lj,4.017935,5.042449,4.421966
bass_1,s01,31,216,30,6,p2,9.489868080532064,5.499588190421214,6.894141804975091
bass_1,s01,31,216,30,4,pm,3.951249,7.216501,4.601845
bass_1,s01,31,216,30,8,quad,5.703779584912294,5.365348433736678,5.896143391430032
bass_1,s01,31,216,30,2,so,6.407488,5.528103,6.509283
bass_1,s01,31,216,30,7,uro,5.783933,4.972407,5.065629
bass_1,s01,32,217,31,5,basi,5.135563,4.988715,4.871033
bass_1,s01,32,217,31,3,eye,5.325668,6.927099,6.124331
bass_1,s01,32,217,31,1,lj,3.893576,5.04419,4.362285
bass_1,s01,32,217,31,6,p2,9.421219103054725,5.473823651889869,6.878956823677062
bass_1,s01,32,217,31,4,pm,3.867991,7.182355,4.540936
bass_1,s01,32,217,31,8,quad,5.606749670118692,5.417953782403404,5.913861043795954
bass_1,s01,32,217,31,2,so,6.263618,5.562894,6.504117
bass_1,s01,32,217,31,7,uro,5.720894,4.900659,5.08688
bass_1,s01,33,218,32,5,basi,5.048559,4.963728,4.826541
bass_1,s01,33,218,32,3,eye,5.210242,6.916007,6.137654
bass_1,s01,33,218,32,1,lj,3.799031,5.062969,4.294234
bass_1,s01,33,218,32,6,p2,9.353719440846618,5.4486768740975355,6.861129149348329
bass_1,s01,33,218,32,4,pm,3.727191,7.171785,4.479004
bass_1,s01,33,218,32,8,quad,5.48475042220542,5.408364925584894,5.897530743505642
bass_1,s01,33,218,32,2,so,6.162603,5.532566,6.497653
bass_1,s01,33,218,32,7,uro,5.684679,4.843293,5.042753
bass_1,s01,34,219,33,5,basi,4.903588,4.899005,4.781331
bass_1,s01,34,219,33,3,eye,5.108858,6.901471,6.096901
bass_1,s01,34,219,33,1,lj,3.649251,5.17983,4.268557
bass_1,s01,34,219,33,6,p2,9.286198444842292,5.423220443384304,6.840657544613935
bass_1,s01,34,219,33,4,pm,3.611477,7.160003,4.417112
bass_1,s01,34,219,33,8,quad,5.384674522950147,5.420330799068097,5.863258739340286
bass_1,s01,34,219,33,2,so,6.040002,5.494539,6.494623
bass_1,s01,34,219,33,7,uro,5.668185,4.785784,5.009939
bass_1,s01,35,220,34,5,basi,4.852014,4.899695,4.726283
bass_1,s01,35,220,34,3,eye,5.001963,6.8732,6.088348
bass_1,s01,35,220,34,1,lj,3.571871,5.227272,4.245069
bass_1,s01,35,220,34,6,p2,9.218174504971998,5.397508548497133,6.817500945443971
bass_1,s01,35,220,34,4,pm,3.552252,7.109647,4.400526
bass_1,s01,35,220,34,8,quad,5.216229093981113,5.4132516861222735,5.823530958867009
bass_1,s01,35,220,34,2,so,5.921351,5.480583,6.468325
bass_1,s01,35,220,34,7,uro,5.626547,4.72795,4.933301
bass_1,s01,36,221,35,5,basi,4.737717,4.914921,4.724654
bass_1,s01,36,221,35,3,eye,4.91303,6.83585,6.060257
bass_1,s01,36,221,35,1,lj,3.461237,5.332159,4.192331
bass_1,s01,36,221,35,6,p2,9.151033811294765,5.3736241513447975,6.791351762488316
bass_1,s01,36,221,35,4,pm,3.456658,7.036713,4.36622
bass_1,s01,36,221,35,8,quad,5.181127895186438,5.413958669420004,5.855444660073317
bass_1,s01,36,221,35,2,so,5.817722,5.426028,6.477124
bass_1,s01,36,221,35,7,uro,5.576807,4.686561,4.889396
bass_1,s01,37,222,36,5,basi,4.614381,4.903218,4.63616
bass_1,s01,37,222,36,3,eye,4.813105,6.798217,6.058014
bass_1,s01,37,222,36,1,lj,3.385353,5.380813,4.190527
bass_1,s01,37,222,36,6,p2,9.085097368686997,5.348378246894697,6.761903528821348
bass_1,s01,37,222,36,4,pm,3.394584,6.932651,4.341657
bass_1,s01,37,222,36,8,quad,5.065725119148163,5.407986054158582,5.84406529536206
bass_1,s01,37,222,36,2,so,5.718587,5.395838,6.474681
bass_1,s01,37,222,36,7,uro,5.519427,4.676509,4.856076
bass_1,s01,38,223,37,5,basi,4.558838,4.930424,4.634913
bass_1,s01,38,223,37,3,eye,4.744576,6.755737,6.036607
bass_1,s01,38,223,37,1,lj,3.311898,5.434115,4.188875
bass_1,s01,38,223,37,6,p2,9.01848666011666,5.323901193484832,6.728825260958125
bass_1,s01,38,223,37,4,pm,3.342379,6.851362,4.32575
bass_1,s01,38,223,37,8,quad,5.00068012174902,5.432119465219975,5.829258330106761
bass_1,s01,38,223,37,2,so,5.615435,5.369008,6.484389
bass_1,s01,38,223,37,7,uro,5.45138,4.661357,4.822676
bass_1,s01,39,224,38,5,basi,4.47951,4.958232,4.644322
bass_1,s01,39,224,38,3,eye,4.701824,6.704717,6.015833
bass_1,s01,39,224,38,1,lj,3.246852,5.468155,4.179527
bass_1,s01,39,224,38,6,p2,8.951407701078784,5.299831386724473,6.692299597151342
bass_1,s01,39,224,38,4,pm,3.275882,6.731669,4.31004
bass_1,s01,39,224,38,8,quad,4.873129134566243,5.389645142416757,5.853425472784475
bass_1,s01,39,224,38,2,so,5.533707,5.346335,6.466395
bass_1,s01,39,224,38,7,uro,5.36822,4.65281,4.843477
bass_1,s01,40,225,39,5,basi,4.422566,4.959515,4.589446
bass_1,s01,40,225,39,3,eye,4.598397,6.640838,5.98709
bass_1,s01,40,225,39,1,lj,3.202576,5.524379,4.184793
bass_1,s01,40,225,39,6,p2,8.884581271513941,5.275077951334049,6.654224199431738
bass_1,s01,40,225,39,4,pm,3.245084,6.67946,4.302181
bass_1,s01,40,225,39,8,quad,4.898170959574449,5.397069241275178,5.876316338310521
bass_1,s01,40,225,39,2,so,5.48667,5.323366,6.465005
bass_1,s01,40,225,39,7,uro,5.288497,4.663814,4.777238
bass_1,s01,41,226,40,5,basi,4.368034,5.000619,4.599156
bass_1,s01,41,226,40,3,eye,4.531984,6.593771,5.959274
bass_1,s01,41,226,40,1,lj,3.157027,5.594092,4.218646
bass_1,s01,41,226,40,6,p2,8.817923768157392,5.2502303187858494,6.6120606437433445
bass_1,s01,41,226,40,4,pm,3.210369,6.58083,4.337451
bass_1,s01,41,226,40,8,quad,4.857084299558695,5.416328643995929,5.834489331639213
bass_1,s01,41,226,40,2,so,5.447616,5.299997,6.431713
bass_1,s01,41,226,40,7,uro,5.180272,4.685484,4.710392
bass_1,s01,42,227,41,5,basi,4.328605,5.028922,4.587929
bass_1,s01,42,227,41,3,eye,4.496124,6.541979,5.951493
bass_1,s01,42,227,41,1,lj,3.104971,5.646134,4.252549
bass_1,s01,42,227,41,6,p2,8.752749746694294,5.2251755147579555,6.567745101583283
bass_1,s01,42,227,41,4,pm,3.169519,6.498419,4.355588
bass_1,s01,42,227,41,8,quad,4.681547052218838,5.377281971154313,5.827117144967872
bass_1,s01,42,227,41,2,so,5.369959,5.25349,6.409203
bass_1,s01,42,227,41,7,uro,5.087045,4.687026,4.687593
bass_1,s01,43,228,42,5,basi,4.259739,5.029381,4.608407
bass_1,s01,43,228,42,3,eye,4.462976,6.499698,5.931378
bass_1,s01,43,228,42,1,lj,3.044353,5.738057,4.279253
bass_1,s01,43,228,42,6,p2,8.687650749562119,5.2001192065509665,6.521829040946249
bass_1,s01,43,228,42,4,pm,3.125896,6.438315,4.364432
bass_1,s01,43,228,42,8,quad,4.705585029779852,5.374773769227707,5.733911661611094
bass_1,s01,43,228,42,2,so,5.329423,5.201701,6.375303
bass_1,s01,43,228,42,7,uro,5.014433,4.709086,4.675545
bass_1,s01,44,229,43,5,basi,4.1803,5.070209,4.584787
bass_1,s01,44,229,43,3,eye,4.389173,6.47024,5.910359
bass_1,s01,44,229,43,1,lj,2.989867,5.80712,4.327397
bass_1,s01,44,229,43,6,p2,8.623688204019267,5.174969917660891,6.47503813357896
bass_1,s01,44,229,43,4,pm,3.103293,6.385449,4.390438
bass_1,s01,44,229,43,8,quad,4.663919902801654,5.339912226377143,5.777501970628213
bass_1,s01,44,229,43,2,so,5.289262,5.178301,6.334249
bass_1,s01,44,229,43,7,uro,4.901053,4.737029,4.662866
bass_1,s01,45,230,44,5,basi,4.086338,5.113181,4.594642
bass_1,s01,45,230,44,3,eye,4.333848,6.444794,5.889697
bass_1,s01,45,230,44,1,lj,2.976465,5.875639,4.347588
bass_1,s01,45,230,44,6,p2,8.561291043585108,5.149710481866657,6.428123205249785
bass_1,s01,45,230,44,4,pm,3.051242,6.340481,4.40724
bass_1,s01,45,230,44,8,quad,4.585289539002688,5.3515934136217185,5.771054294955723
bass_1,s01,45,230,44,2,so,5.265079,5.12146,6.296769
bass_1,s01,45,230,44,7,uro,4.786577,4.764912,4.6069
bass_1,s01,46,231,45,5,basi,4.035004,5.141926,4.572453
bass_1,s01,46,231,45,3,eye,4.318115,6.419169,5.869934
bass_1,s01,46,231,45,1,lj,2.94696,5.949606,4.368088
bass_1,s01,46,231,45,6,p2,8.501354462745665,5.123995282185108,6.380128001133433
bass_1,s01,46,231,45,4,pm,3.039259,6.302419,4.424435
bass_1,s01,46,231,45,8,quad,4.580331535406558,5.313072324166851,5.712009383735593
bass_1,s01,46,231,45,2,so,5.197765,5.078261,6.203069
bass_1,s01,46,231,45,7,uro,4.699204,4.77678,4.583971
bass_1,s01,47,232,46,5,basi,3.990663,5.168899,4.593074
bass_1,s01,47,232,46,3,eye,4.290232,6.372295,5.875463
bass_1,s01,47,232,46,1,lj,2.871891,5.995599,4.386755
bass_1,s01,47,232,46,6,p2,8.444791790674925,5.098666900912567,6.334192773571493
bass_1,s01,47,232,46,4,pm,3.036763,6.287447,4.441673
bass_1,s01,47,232,46,8,quad,4.475606536022358,5.325749776254659,5.6581400794758325
bass_1,s01,47,232,46,2,so,5.157554,5.044598,6.153922
bass_1,s01,47,232,46,7,uro,4.594017,4.820523,4.571144
bass_1,s01,48,233,47,5,basi,3.961372,5.196575,4.581675
bass_1,s01,48,233,47,3,eye,4.252552,6.331829,5.854921
bass_1,s01,48,233,47,1,lj,2.862274,5.988362,4.387384
bass_1,s01,48,233,47,6,p2,8.390808724197315,5.073703501831687,6.289223099184173
bass_1,s01,48,233,47,4,pm,3.011353,6.282055,4.450876
bass_1,s01,48,233,47,8,quad,4.490285757045723,5.3122015151594635,5.639472072622154
bass_1,s01,48,233,47,2,so,5.145271,5.034955,6.121836
bass_1,s01,48,233,47,7,uro,4.50652,4.853259,4.526118
bass_1,s01,49,234,48,5,basi,3.902537,5.209093,4.590654
bass_1,s01,49,234,48,3,eye,4.23855,6.302993,5.841554
bass_1,s01,49,234,48,1,lj,2.811017,5.984819,4.357763
bass_1,s01,49,234,48,6,p2,8.34007985113915,5.049593635537847,6.245936882251602
bass_1,s01,49,234,48,4,pm,2.978633,6.297543,4.458582
bass_1,s01,49,234,48,8,quad,4.517773157248698,5.28165111007113,5.639413271155309
bass_1,s01,49,234,48,2,so,5.135155,5.02064,6.105556
bass_1,s01,49,234,48,7,uro,4.402711,4.907693,4.534795
bass_1,s01,50,235,49,5,basi,3.867191,5.209867,4.568407
bass_1,s01,50,235,49,3,eye,4.202512,6.274762,5.802301
bass_1,s01,50,235,49,1,lj,2.763946,5.969379,4.350657
bass_1,s01,50,235,49,6,p2,8.292431816584577,5.025566847926113,6.204319795498533
bass_1,s01,50,235,49,4,pm,2.923473,6.281947,4.491221
bass_1,s01,50,235,49,8,quad,4.4992944929510745,5.251201555319601,5.616051264677834
bass_1,s01,50,235,49,2,so,5.116735,4.991941,6.076993
bass_1,s01,50,235,49,7,uro,4.331623,4.929664,4.522561
bass_1,s01,51,236,50,5,basi,3.863663,5.210895,4.547018
bass_1,s01,51,236,50,3,eye,4.176648,6.257279,5.801511
bass_1,s01,51,236,50,1,lj,2.742736,5.930271,4.336932
bass_1,s01,51,236,50,6,p2,8.248509852488917,5.001318381630813,6.164657214312712
bass_1,s01,51,236,50,4,pm,2.892558,6.266299,4.498917
bass_1,s01,51,236,50,8,quad,4.459292996261384,5.195849610615908,5.537122940460071
bass_1,s01,51,236,50,2,so,5.100636,4.977084,6.036755
bass_1,s01,51,236,50,7,uro,4.318935,4.956983,4.522359
bass_1,s01,52,237,51,5,basi,3.851906,5.211141,4.535956
bass_1,s01,52,237,51,3,eye,4.170139,6.240257,5.795022
bass_1,s01,52,237,51,1,lj,2.702571,5.911989,4.336737
bass_1,s01,52,237,51,6,p2,8.208276803480024,4.97878538226746,6.1269863185290365
bass_1,s01,52,237,51,4,pm,2.868257,6.252733,4.490926
bass_1,s01,52,237,51,8,quad,4.412065581965939,5.1972961233513635,5.55612839040937
bass_1,s01,52,237,51,2,so,5.08604,4.928872,6.007884
bass_1,s01,52,237,51,7,uro,4.277851,4.973407,4.521541
bass_1,s01,53,238,52,5,basi,3.845627,5.197549,4.524955
bass_1,s01,53,238,52,3,eye,4.154355,6.222815,5.788087
bass_1,s01,53,238,52,1,lj,2.667068,5.886313,4.344095
bass_1,s01,53,238,52,6,p2,8.1718423101594,4.956605199651826,6.092069440977041
bass_1,s01,53,238,52,4,pm,2.85654,6.254222,4.491474
bass_1,s01,53,238,52,8,quad,4.407947315016187,5.162522779475624,5.522260141141689
bass_1,s01,53,238,52,2,so,5.066172,4.900364,5.98742
bass_1,s01,53,238,52,7,uro,4.262384,4.983846,4.520995
bass_1,s01,54,239,53,5,basi,3.841214,5.158034,4.536687
bass_1,s01,54,239,53,3,eye,4.136192,6.211449,5.78129
bass_1,s01,54,239,53,1,lj,2.641751,5.864081,4.322625
bass_1,s01,54,239,53,6,p2,8.138824939261111,4.9357768940417515,6.059396884058456
bass_1,s01,54,239,53,4,pm,2.807713,6.230794,4.490251
bass_1,s01,54,239,53,8,quad,4.398282177035347,5.158907838922794,5.49937331446863
bass_1,s01,54,239,53,2,so,5.04075,4.871447,5.950998
bass_1,s01,54,239,53,7,uro,4.258117,4.994721,4.520905
bass_1,s01,55,240,54,5,basi,3.835237,5.131077,4.52591
bass_1,s01,55,240,54,3,eye,4.115806,6.200352,5.768183
bass_1,s01,55,240,54,1,lj,2.618675,5.820546,4.309677
bass_1,s01,55,240,54,6,p2,8.109045244932322,4.914991371499239,6.028763442292738
bass_1,s01,55,240,54,4,pm,2.798946,6.23205,4.482262
bass_1,s01,55,240,54,8,quad,4.320530888101143,5.140150209996402,5.4590292869493515
bass_1,s01,55,240,54,2,so,5.024819,4.856887,5.93857
bass_1,s01,55,240,54,7,uro,4.208474,5.038083,4.508901
bass_1,s01,56,241,55,5,basi,3.77419,5.077974,4.547304
bass_1,s01,56,241,55,3,eye,4.097652,6.188981,5.761397
bass_1,s01,56,241,55,1,lj,2.57513,5.782388,4.294926
bass_1,s01,56,241,55,6,p2,8.082431874110478,4.8946408534745824,6.000733011466262
bass_1,s01,56,241,55,4,pm,2.783654,6.231412,4.473092
bass_1,s01,56,241,55,8,quad,4.313731475923299,5.103005648917206,5.4826403862854285
bass_1,s01,56,241,55,2,so,4.995601,4.847341,5.905103
bass_1,s01,56,241,55,7,uro,4.180663,5.027675,4.497667
bass_1,s01,57,242,56,5,basi,3.781525,5.05139,4.537047
bass_1,s01,57,242,56,3,eye,4.078168,6.171582,5.741626
bass_1,s01,57,242,56,1,lj,2.556196,5.745723,4.295939
bass_1,s01,57,242,56,6,p2,8.059351776625727,4.87577998808059,5.974531263473355
bass_1,s01,57,242,56,4,pm,2.7743,6.247622,4.473251
bass_1,s01,57,242,56,8,quad,4.3270953134482255,5.076639181262337,5.437362917146594
bass_1,s01,57,242,56,2,so,4.992195,4.837616,5.883948
bass_1,s01,57,242,56,7,uro,4.166259,4.996644,4.509042
bass_1,s01,58,243,57,5,basi,3.763379,5.038145,4.536903
bass_1,s01,58,243,57,3,eye,4.055505,6.160669,5.728602
bass_1,s01,58,243,57,1,lj,2.543647,5.696945,4.289754
bass_1,s01,58,243,57,6,p2,8.039338802008432,4.858087675880452,5.950779004619763
bass_1,s01,58,243,57,4,pm,2.741885,6.255794,4.464252
bass_1,s01,58,243,57,8,quad,4.313146186631653,5.078296886338789,5.419363746602241
bass_1,s01,58,243,57,2,so,4.990536,4.82309,5.87321
bass_1,s01,58,243,57,7,uro,4.147131,4.981029,4.508986
bass_1,s01,59,244,58,5,basi,3.75137,4.984347,4.537224
bass_1,s01,59,244,58,3,eye,4.047079,6.16098,5.72857
bass_1,s01,59,244,58,1,lj,2.526375,5.656308,4.290791
bass_1,s01,59,244,58,6,p2,8.02229705046932,4.841064225226114,5.928675989081866
bass_1,s01,59,244,58,4,pm,2.70542,6.255251,4.446169
bass_1,s01,59,244,58,8,quad,4.289972296538068,5.043655431233902,5.413944816698794
bass_1,s01,59,244,58,2,so,4.99073,4.813292,5.862556
bass_1,s01,59,244,58,7,uro,4.136574,4.9655,4.520008
bass_1,s01,60,245,59,5,basi,3.733571,4.957743,4.537285
bass_1,s01,60,245,59,3,eye,4.032078,6.143008,5.721423
bass_1,s01,60,245,59,1,lj,2.503361,5.617748,4.283521
bass_1,s01,60,245,59,6,p2,8.00780822177139,4.823958676070161,5.908434783278832
bass_1,s01,60,245,59,4,pm,2.6972,6.241351,4.446873
bass_1,s01,60,245,59,8,quad,4.274409859856919,5.012583902636399,5.394920427840627
bass_1,s01,60,245,59,2,so,4.987338,4.789096,5.844692
bass_1,s01,60,245,59,7,uro,4.136556,4.960333,4.530992
bass_1,s01,61,246,60,5,basi,3.728699,4.944907,4.537651
bass_1,s01,61,246,60,3,eye,4.016353,6.125514,5.71453
bass_1,s01,61,246,60,1,lj,2.493225,5.580687,4.298777
bass_1,s01,61,246,60,6,p2,7.995831376803071,4.807751553295495,5.88940849701576
bass_1,s01,61,246,60,4,pm,2.679538,6.225879,4.44651
bass_1,s01,61,246,60,8,quad,4.218671497569414,4.991025844051554,5.4380462531501195
bass_1,s01,61,246,60,2,so,4.981272,4.784002,5.826994
bass_1,s01,61,246,60,7,uro,4.136725,4.944623,4.542135
bass_1,s01,62,247,61,5,basi,3.724779,4.892036,4.538645
bass_1,s01,62,247,61,3,eye,4.006771,6.107903,5.70773
bass_1,s01,62,247,61,1,lj,2.478703,5.512554,4.299839
bass_1,s01,62,247,61,6,p2,7.986611788798125,4.792862286822509,5.872085207197779
bass_1,s01,62,247,61,4,pm,2.677483,6.203668,4.447064
bass_1,s01,62,247,61,8,quad,4.292769635564945,4.998250523948776,5.406491970099567
bass_1,s01,62,247,61,2,so,4.981248,4.788836,5.827071
bass_1,s01,62,247,61,7,uro,4.126556,4.908027,4.553453
bass_1,s01,63,248,62,5,basi,3.725872,4.838914,4.561204
bass_1,s01,63,248,62,3,eye,4.006995,6.096104,5.707583
bass_1,s01,63,248,62,1,lj,2.480295,5.474764,4.300679
bass_1,s01,63,248,62,6,p2,7.979475586415393,4.778215896370042,5.855652054374086
bass_1,s01,63,248,62,4,pm,2.665233,6.180924,4.447097
bass_1,s01,63,248,62,8,quad,4.242333527713825,5.014908050863822,5.406555557402641
bass_1,s01,63,248,62,2,so,4.981344,4.77912,5.823424
bass_1,s01,63,248,62,7,uro,4.094507,4.898174,4.564097
bass_1,s01,64,249,63,5,basi,3.720368,4.852761,4.561166
bass_1,s01,64,249,63,3,eye,4.00722,6.084305,5.707436
bass_1,s01,64,249,63,1,lj,2.479101,5.433613,4.301772
bass_1,s01,64,249,63,6,p2,7.974599163960838,4.763892355135733,5.840551061250498
bass_1,s01,64,249,63,4,pm,2.663183,6.158717,4.447653
bass_1,s01,64,249,63,8,quad,4.294969119859204,4.972263084943507,5.363865690599971
bass_1,s01,64,249,63,2,so,4.983295,4.774138,5.819848
bass_1,s01,64,249,63,7,uro,4.092943,4.872002,4.564531
bass_1,s01,65,250,64,5,basi,3.718954,4.852043,4.560744
bass_1,s01,65,250,64,3,eye,4.005491,6.055013,5.707124
bass_1,s01,65,250,64,1,lj,2.480694,5.39583,4.302613
bass_1,s01,65,250,64,6,p2,7.971541267715577,4.749580142219053,5.826418301035366
bass_1,s01,65,250,64,4,pm,2.661427,6.128978,4.448348
bass_1,s01,65,250,64,8,quad,4.255781482395988,4.925581565294166,5.365440196949055
bass_1,s01,65,250,64,2,so,4.987639,4.769223,5.81289
bass_1,s01,65,250,64,7,uro,4.093016,4.856448,4.586517
bass_1,s01,66,251,65,5,basi,3.718547,4.865503,4.571413
bass_1,s01,66,251,65,3,eye,4.005828,6.037316,5.706904
bass_1,s01,66,251,65,1,lj,2.473685,5.357567,4.302987
bass_1,s01,66,251,65,6,p2,7.97027982106461,4.735728895297309,5.813079278707573
bass_1,s01,66,251,65,4,pm,2.644708,6.090904,4.448392
bass_1,s01,66,251,65,8,quad,4.307785056848797,4.903338105905935,5.396174255388281
bass_1,s01,66,251,65,2,so,4.993736,4.730305,5.80883
bass_1,s01,66,251,65,7,uro,4.086897,4.829951,4.586666
bass_1,s01,67,252,66,5,basi,3.711409,4.824682,4.58219
bass_1,s01,67,252,66,3,eye,4.010334,6.002015,5.706606
bass_1,s01,67,252,66,1,lj,2.47106,5.350428,4.303324
bass_1,s01,67,252,66,6,p2,7.970596618450814,4.722381345183873,5.800629914704929
bass_1,s01,67,252,66,4,pm,2.630463,6.045964,4.448984
bass_1,s01,67,252,66,8,quad,4.274432897563106,4.892869725491407,5.396642956453005
bass_1,s01,67,252,66,2,so,5.006036,4.705965,5.808641
bass_1,s01,67,252,66,7,uro,4.087092,4.819417,4.586816
bass_1,s01,68,253,67,5,basi,3.712056,4.798018,4.582579
bass_1,s01,68,253,67,3,eye,4.024729,5.972645,5.700282
bass_1,s01,68,253,67,1,lj,2.468192,5.316199,4.310914
bass_1,s01,68,253,67,6,p2,7.972136490822358,4.708705783377961,5.788068449337407
bass_1,s01,68,253,67,4,pm,2.631061,6.030901,4.449258
bass_1,s01,68,253,67,8,quad,4.262783876233392,4.845378350840543,5.388804058775769
bass_1,s01,68,253,67,2,so,5.016011,4.676681,5.808269
bass_1,s01,68,253,67,7,uro,4.087276,4.803754,4.597904
bass_1,s01,69,254,68,5,basi,3.717888,4.770839,4.58281
bass_1,s01,69,254,68,3,eye,4.02528,5.94315,5.69992
bass_1,s01,69,254,68,1,lj,2.468971,5.297342,4.32546
bass_1,s01,69,254,68,6,p2,7.9745902453296464,4.695053746665428,5.776078852939624
bass_1,s01,69,254,68,4,pm,2.632555,5.993246,4.449943
bass_1,s01,69,254,68,8,quad,4.312991252253187,4.842856759018727,5.364590655267181
bass_1,s01,69,254,68,2,so,5.018201,4.65735,5.808016
bass_1,s01,69,254,68,7,uro,4.087557,4.782832,4.609057
bass_1,s01,70,255,69,5,basi,3.717797,4.770978,4.593657
bass_1,s01,70,255,69,3,eye,4.030523,5.907355,5.699373
bass_1,s01,70,255,69,1,lj,2.471713,5.266947,4.333093
bass_1,s01,70,255,69,6,p2,7.97811555890911,4.681188279983974,5.764231204681325
bass_1,s01,70,255,69,4,pm,2.634049,5.955595,4.450628
bass_1,s01,70,255,69,8,quad,4.311289271315545,4.763296758212722,5.364342700017129
bass_1,s01,70,255,69,2,so,5.026389,4.62805,5.800691
bass_1,s01,70,255,69,7,uro,4.094442,4.767201,4.609499
bass_1,s01,71,256,70,5,basi,3.718444,4.744322,4.594039
bass_1,s01,71,256,70,3,eye,4.031724,5.883266,5.698832
bass_1,s01,71,256,70,1,lj,2.472182,5.255641,4.340396
bass_1,s01,71,256,70,6,p2,7.982376120456386,4.667126028015183,5.752387977207349
bass_1,s01,71,256,70,4,pm,2.635842,5.910418,4.451451
bass_1,s01,71,256,70,8,quad,4.339448196070835,4.761217466915224,5.4239287000793155
bass_1,s01,71,256,70,2,so,5.039043,4.613246,5.786796
bass_1,s01,71,256,70,7,uro,4.10989,4.729816,4.610045
bass_1,s01,72,257,71,5,basi,3.719844,4.745056,4.594454
bass_1,s01,72,257,71,3,eye,4.038446,5.853704,5.692246
bass_1,s01,72,257,71,1,lj,2.47475,5.229057,4.354985
bass_1,s01,72,257,71,6,p2,7.987476093977371,4.653159567417745,5.740016914550791
bass_1,s01,72,257,71,4,pm,2.638232,5.850189,4.452547
bass_1,s01,72,257,71,8,quad,4.322464223334389,4.759629185754779,5.373914395302684
bass_1,s01,72,257,71,2,so,5.045607,4.598515,5.772818
bass_1,s01,72,257,71,7,uro,4.121138,4.698047,4.61061
bass_1,s01,73,258,72,5,basi,3.726747,4.731943,4.594903
bass_1,s01,73,258,72,3,eye,4.041177,5.829908,5.691906
bass_1,s01,73,258,72,1,lj,2.483919,5.217381,4.362258
bass_1,s01,73,258,72,6,p2,7.992875019589839,4.63832226467926,5.726981291976192
bass_1,s01,73,258,72,4,pm,2.63883,5.835133,4.452822
bass_1,s01,73,258,72,8,quad,4.36410878313474,4.72738154494618,5.351059194543019
bass_1,s01,73,258,72,2,so,5.06131,4.558799,5.751424
bass_1,s01,73,258,72,7,uro,4.121517,4.676994,4.610898
bass_1,s01,74,259,73,5,basi,3.727066,4.718616,4.595094
bass_1,s01,74,259,73,3,eye,4.049465,5.794699,5.691755
bass_1,s01,74,259,73,1,lj,2.483086,5.202498,4.362658
bass_1,s01,74,259,73,6,p2,7.9986643736931375,4.623161578311208,5.714133050406252
bass_1,s01,74,259,73,4,pm,2.63883,5.835133,4.452822
bass_1,s01,74,259,73,8,quad,4.365620582006071,4.7127054023355965,5.394117161200568
bass_1,s01,74,259,73,2,so,5.074128,4.534096,5.727022
bass_1,s01,74,259,73,7,uro,4.132282,4.671543,4.611103
bass_1,s01,75,260,74,5,basi,3.756812,4.677377,4.584882
bass_1,s01,75,260,74,3,eye,4.054374,5.776604,5.691432
bass_1,s01,75,260,74,1,lj,2.486801,5.183276,4.376979
bass_1,s01,75,260,74,6,p2,8.005231075104076,4.607752983884778,5.700807188995994
bass_1,s01,75,260,74,4,pm,2.641762,5.834735,4.452671
bass_1,s01,75,260,74,8,quad,4.3421111745821435,4.691225942929449,5.370397952836359
bass_1,s01,75,260,74,2,so,5.084766,4.499811,5.709408
bass_1,s01,75,260,74,7,uro,4.141278,4.650475,4.611568
bass_1,s01,76,261,75,5,basi,3.752886,4.624574,4.585814
bass_1,s01,76,261,75,3,eye,4.061901,5.740615,5.690844
bass_1,s01,76,261,75,1,lj,2.491204,5.179834,4.398432
bass_1,s01,76,261,75,6,p2,8.012051326101643,4.591962721351682,5.686901297045765
bass_1,s01,76,261,75,4,pm,2.642598,5.81198,4.478038
bass_1,s01,76,261,75,8,quad,4.319824359877185,4.676083654972614,5.347251584037332
bass_1,s01,76,261,75,2,so,5.092852,4.470156,5.691737
bass_1,s01,76,261,75,7,uro,4.156333,4.639252,4.600934
bass_1,s01,77,262,76,5,basi,3.764322,4.637605,4.585717
bass_1,s01,77,262,76,3,eye,4.06995,5.717207,5.690834
bass_1,s01,77,262,76,1,lj,2.49448,5.169005,4.406024
bass_1,s01,77,262,76,6,p2,8.0195498347844,4.5761339689127745,5.672714578274757
bass_1,s01,77,262,76,4,pm,2.643155,5.796822,4.494936
bass_1,s01,77,262,76,8,quad,4.338492614512573,4.629728097297768,5.352814596937504
bass_1,s01,77,262,76,2,so,5.101296,4.445586,5.677715
bass_1,s01,77,262,76,7,uro,4.160887,4.612594,4.601213
bass_1,s01,78,263,77,5,basi,3.775002,4.623268,4.585603
bass_1,s01,78,263,77,3,eye,4.080281,5.693598,5.690771
bass_1,s01,78,263,77,1,lj,2.496096,5.165058,4.41306
bass_1,s01,78,263,77,6,p2,8.02737148676125,4.559379970276348,5.658016171781021
bass_1,s01,78,263,77,4,pm,2.646682,5.78138,4.495045
bass_1,s01,78,263,77,8,quad,4.3490328147294965,4.621008432254644,5.303257463636502
bass_1,s01,78,263,77,2,so,5.117192,4.444871,5.664
bass_1,s01,78,263,77,7,uro,4.159394,4.581185,4.601695
bass_1,s01,79,264,78,5,basi,3.780498,4.609436,4.585647
bass_1,s01,79,264,78,3,eye,4.080495,5.681803,5.690627
bass_1,s01,79,264,78,1,lj,2.502572,5.146413,4.4488
bass_1,s01,79,264,78,6,p2,8.0357568149422,4.542942422348692,5.643133400322709
bass_1,s01,79,264,78,4,pm,2.650507,5.758419,4.495284
bass_1,s01,79,264,78,8,quad,4.4359605128526285,4.590911315791929,5.351230175236338
bass_1,s01,79,264,78,2,so,5.127681,4.434825,5.650223
bass_1,s01,79,264,78,7,uro,4.187268,4.580964,4.602178
bass_1,s01,80,265,79,5,basi,3.79424,4.583208,4.586536
bass_1,s01,80,265,79,3,eye,4.08483,5.652404,5.690405
bass_1,s01,80,265,79,1,lj,2.502876,5.138914,4.455985
bass_1,s01,80,265,79,6,p2,8.044795268311587,4.526542603814197,5.628301988550615
bass_1,s01,80,265,79,4,pm,2.656941,5.742533,4.503553
bass_1,s01,80,265,79,8,quad,4.399939552216003,4.59240719997184,5.303378490315558
bass_1,s01,80,265,79,2,so,5.139918,4.4152,5.646714
bass_1,s01,80,265,79,7,uro,4.189762,4.554482,4.602501
bass_1,s01,81,266,80,5,basi,3.799423,4.582707,4.586386
bass_1,s01,81,266,80,3,eye,4.085255,5.628814,5.690117
bass_1,s01,81,266,80,1,lj,2.506129,5.130969,4.455958
bass_1,s01,81,266,80,6,p2,8.054266419164964,4.509764015470567,5.613210925398144
bass_1,s01,81,266,80,4,pm,2.657471,5.727358,4.528722
bass_1,s01,81,266,80,8,quad,4.359418118232171,4.640954301618147,5.309113721605639
bass_1,s01,81,266,80,2,so,5.15013,4.385807,5.639592
bass_1,s01,81,266,80,7,uro,4.198951,4.533035,4.58138
bass_1,s01,82,267,81,5,basi,3.806382,4.569413,4.576035
bass_1,s01,82,267,81,3,eye,4.088999,5.621847,5.690173
bass_1,s01,82,267,81,1,lj,2.5097,5.115492,4.456072
bass_1,s01,82,267,81,6,p2,8.064095878853147,4.4934907028385656,5.598796925334501
bass_1,s01,82,267,81,4,pm,2.660973,5.711885,4.537124
bass_1,s01,82,267,81,8,quad,4.422740655760214,4.599091603966125,5.317569714445137
bass_1,s01,82,267,81,2,so,5.160229,4.380716,5.636215
bass_1,s01,82,267,81,7,uro,4.205624,4.500949,4.58171
bass_1,s01,83,268,82,5,basi,3.813242,4.556292,4.576481
bass_1,s01,83,268,82,3,eye,4.099279,5.600444,5.689915
bass_1,s01,83,268,82,1,lj,2.515372,5.084746,4.456385
bass_1,s01,83,268,82,6,p2,8.07415426105039,4.4768488562391235,5.583428560536017
bass_1,s01,83,268,82,4,pm,2.661844,5.689303,4.545787
bass_1,s01,83,268,82,8,quad,4.4275670212917415,4.577700347417592,5.308317334202613
bass_1,s01,83,268,82,2,so,5.168268,4.361084,5.632625
bass_1,s01,83,268,82,7,uro,4.207964,4.490057,4.571039
bass_1,s01,84,269,83,5,basi,3.830767,4.528851,4.576826
bass_1,s01,84,269,83,3,eye,4.109463,5.568993,5.689758
bass_1,s01,84,269,83,1,lj,2.524983,5.06182,4.463822
bass_1,s01,84,269,83,6,p2,8.085016215938545,4.4609712326665045,5.568978672054266
bass_1,s01,84,269,83,4,pm,2.662968,5.659146,4.571148
bass_1,s01,84,269,83,8,quad,4.451199074243374,4.533415120955956,5.301035696881464
bass_1,s01,84,269,83,2,so,5.178157,4.355908,5.629208
bass_1,s01,84,269,83,7,uro,4.214688,4.479676,4.571407
bass_1,s01,85,270,84,5,basi,3.849348,4.515438,4.57737
bass_1,s01,85,270,84,3,eye,4.111684,5.558337,5.689584
bass_1,s01,85,270,84,1,lj,2.538387,5.050439,4.471276
bass_1,s01,85,270,84,6,p2,8.09559507316815,4.444784827576041,5.555702807013317
bass_1,s01,85,270,84,4,pm,2.668575,5.644372,4.579933
bass_1,s01,85,270,84,8,quad,4.436033597139689,4.5001908757500235,5.28714546617483
bass_1,s01,85,270,84,2,so,5.206273,4.321394,5.62573
bass_1,s01,85,270,84,7,uro,4.255626,4.452774,4.572357
bass_1,s01,86,271,85,5,basi,3.856486,4.488985,4.578008
bass_1,s01,86,271,85,3,eye,4.111962,5.542612,5.689392
bass_1,s01,86,271,85,1,lj,2.537374,5.039398,4.478594
bass_1,s01,86,271,85,6,p2,8.105776111607373,4.428570807527884,5.542849252345888
bass_1,s01,86,271,85,4,pm,2.68828,5.621181,4.588645
bass_1,s01,86,271,85,8,quad,4.449512697565576,4.539356211645677,5.338020806721566
bass_1,s01,86,271,85,2,so,5.222587,4.301829,5.625774
bass_1,s01,86,271,85,7,uro,4.258011,4.431554,4.572625
bass_1,s01,87,272,86,5,basi,3.876601,4.475844,4.557399
bass_1,s01,87,272,86,3,eye,4.120568,5.515713,5.688891
bass_1,s01,87,272,86,1,lj,2.544349,5.009375,4.486313
bass_1,s01,87,272,86,6,p2,8.115794853478919,4.413251497970153,5.530634378863923
bass_1,s01,87,272,86,4,pm,2.688845,5.606141,4.597155
bass_1,s01,87,272,86,8,quad,4.501677174893956,4.490377230377851,5.307510473270956
bass_1,s01,87,272,86,2,so,5.232623,4.291964,5.625798
bass_1,s01,87,272,86,7,uro,4.264801,4.4159,4.573066
bass_1,s01,88,273,87,5,basi,3.89917,4.448132,4.568373
bass_1,s01,88,273,87,3,eye,4.135995,5.500334,5.689241
bass_1,s01,88,273,87,1,lj,2.554938,4.997558,4.493439
bass_1,s01,88,273,87,6,p2,8.125415769855671,4.397592086894987,5.519263470299888
bass_1,s01,88,273,87,4,pm,2.713534,5.583217,4.614394
bass_1,s01,88,273,87,8,quad,4.507875791338244,4.448925723766132,5.320642603503668
bass_1,s01,88,273,87,2,so,5.246682,4.27709,5.622365
bass_1,s01,88,273,87,7,uro,4.280021,4.383808,4.573579
bass_1,s01,89,274,88,5,basi,3.917211,4.394063,4.569128
bass_1,s01,89,274,88,3,eye,4.138455,5.479194,5.682684
bass_1,s01,89,274,88,1,lj,2.560294,4.971462,4.494139
bass_1,s01,89,274,88,6,p2,8.134654226387742,4.382378560102165,5.50903184189091
bass_1,s01,89,274,88,4,pm,2.721751,5.575571,4.622897
bass_1,s01,89,274,88,8,quad,4.5081045282501195,4.420435460406841,5.282255098906214
bass_1,s01,89,274,88,2,so,5.260941,4.252595,5.618864
bass_1,s01,89,274,88,7,uro,4.290766,4.383406,4.562956
bass_1,s01,90,275,89,5,basi,3.922394,4.393585,4.568991
bass_1,s01,90,275,89,3,eye,4.140762,5.463298,5.682449
bass_1,s01,90,275,89,1,lj,2.570184,4.941049,4.50167
bass_1,s01,90,275,89,6,p2,8.142892578995724,4.367883821222121,5.499687771834646
bass_1,s01,90,275,89,4,pm,2.733494,5.552555,4.623186
bass_1,s01,90,275,89,8,quad,4.522319483144112,4.479546719422529,5.2597732680390505
bass_1,s01,90,275,89,2,so,5.268932,4.247501,5.615456
bass_1,s01,90,275,89,7,uro,4.293304,4.35166,4.563387
bass_1,s01,91,276,90,5,basi,3.934388,4.379976,4.569292
bass_1,s01,91,276,90,3,eye,4.146763,5.452729,5.682413
bass_1,s01,91,276,90,1,lj,2.568859,4.953239,4.501504
bass_1,s01,91,276,90,6,p2,8.150252330137027,4.35415716664302,5.491686360485002
bass_1,s01,91,276,90,4,pm,2.759984,5.537832,4.632416
bass_1,s01,91,276,90,8,quad,4.494541855489022,4.4467033653058206,5.278388280960235
bass_1,s01,91,276,90,2,so,5.275239,4.237709,5.612029
bass_1,s01,91,276,90,7,uro,4.310812,4.33559,4.553217
bass_1,s01,92,277,91,5,basi,3.935232,4.340004,4.569888
bass_1,s01,92,277,91,3,eye,4.156543,5.442243,5.68251
bass_1,s01,92,277,91,1,lj,2.572295,4.932813,4.501711
bass_1,s01,92,277,91,6,p2,8.156718484182718,4.341649355146744,5.48447136793619
bass_1,s01,92,277,91,4,pm,2.76027,5.530332,4.632521
bass_1,s01,92,277,91,8,quad,4.527603367059856,4.41110563616433,5.307951536349873
bass_1,s01,92,277,91,2,so,5.289332,4.217899,5.605108
bass_1,s01,92,277,91,7,uro,4.313179,4.314373,4.553497
bass_1,s01,93,278,92,5,basi,3.946833,4.339942,4.580726
bass_1,s01,93,278,92,3,eye,4.158846,5.42635,5.682275
bass_1,s01,93,278,92,1,lj,2.574703,4.905884,4.502109
bass_1,s01,93,278,92,6,p2,8.162476724081971,4.329997732862502,5.478247563482121
bass_1,s01,93,278,92,4,pm,2.760843,5.515333,4.63273
bass_1,s01,93,278,92,8,quad,4.546273127247041,4.440374090532771,5.28859427593231
bass_1,s01,93,278,92,2,so,5.293208,4.207885,5.59813
bass_1,s01,93,278,92,7,uro,4.321985,4.298552,4.553903
bass_1,s01,94,279,93,5,basi,3.960151,4.326997,4.581394
bass_1,s01,94,279,93,3,eye,4.164992,5.410527,5.67593
bass_1,s01,94,279,93,1,lj,2.582256,4.889044,4.502488
bass_1,s01,94,279,93,6,p2,8.16735626990638,4.318940161128317,5.472801185106325
bass_1,s01,94,279,93,4,pm,2.766203,5.508121,4.616555
bass_1,s01,94,279,93,8,quad,4.540859678555412,4.388523988153994,5.294642853119681
bass_1,s01,94,279,93,2,so,5.297139,4.192936,5.587667
bass_1,s01,94,279,93,7,uro,4.328004,4.29831,4.564523
bass_1,s01,95,280,94,5,basi,3.977033,4.326245,4.581363
bass_1,s01,95,280,94,3,eye,4.16933,5.394464,5.675655
bass_1,s01,95,280,94,1,lj,2.584937,4.855432,4.503004
bass_1,s01,95,280,94,6,p2,8.171757775417918,4.3084738006987235,5.467753069934212
bass_1,s01,95,280,94,4,pm,2.766775,5.493118,4.616771
bass_1,s01,95,280,94,8,quad,4.547117425411748,4.419502878319929,5.2964008090534715
bass_1,s01,95,280,94,2,so,5.297303,4.173285,5.57715
bass_1,s01,95,280,94,7,uro,4.317633,4.282704,4.564627
bass_1,s01,96,281,95,5,basi,3.99579,4.299506,4.582088
bass_1,s01,96,281,95,3,eye,4.177061,5.384145,5.675795
bass_1,s01,96,281,95,1,lj,2.59584,4.828984,4.50386
bass_1,s01,96,281,95,6,p2,8.17510679180408,4.29973422461257,5.464082422095456
bass_1,s01,96,281,95,4,pm,2.793001,5.485896,4.609351
bass_1,s01,96,281,95,8,quad,4.572542482258531,4.321380450551152,5.326283558160951
bass_1,s01,96,281,95,2,so,5.303122,4.148549,5.566614
bass_1,s01,96,281,95,7,uro,4.324228,4.277573,4.564909
bass_1,s01,97,282,96,5,basi,4.00642,4.285261,4.582027
bass_1,s01,97,282,96,3,eye,4.177387,5.368404,5.669368
bass_1,s01,97,282,96,1,lj,2.599132,4.811909,4.504009
bass_1,s01,97,282,96,6,p2,8.176954213065827,4.295153364680311,5.461958081037078
bass_1,s01,97,282,96,4,pm,2.796543,5.470518,4.592904
bass_1,s01,97,282,96,8,quad,4.54730200589303,4.266316990456586,5.237522944805252
bass_1,s01,97,282,96,2,so,5.309188,4.133492,5.552788
bass_1,s01,97,282,96,7,uro,4.324466,4.261783,4.565143
bass_1,s01,98,283,97,5,basi,4.0132,4.272125,4.582452
bass_1,s01,98,283,97,3,eye,4.179662,5.357734,5.662964
bass_1,s01,98,283,97,1,lj,2.602287,4.798177,4.504099
bass_1,s01,98,283,97,6,p2,8.178433484170917,4.290966133077769,5.460147424369534
bass_1,s01,98,283,97,4,pm,2.796853,5.463018,4.584758
bass_1,s01,98,283,97,8,quad,4.52173563429703,4.3523751851127,5.251949056817988
bass_1,s01,98,283,97,2,so,5.317331,4.123276,5.539058
bass_1,s01,98,283,97,7,uro,4.330922,4.240258,4.565345
bass_1,s01,99,284,98,5,basi,4.019818,4.272071,4.571963
bass_1,s01,99,284,98,3,eye,4.18391,5.346912,5.662756
bass_1,s01,99,284,98,1,lj,2.61183,4.764369,4.497716
bass_1,s01,99,284,98,6,p2,8.180057476011951,4.286931314392142,5.458473636093904
bass_1,s01,99,284,98,4,pm,2.800058,5.45513,4.584728
bass_1,s01,99,284,98,8,quad,4.573263169949205,4.313984964641161,5.185937756162242
bass_1,s01,99,284,98,2,so,5.323671,4.123084,5.532312
bass_1,s01,99,284,98,7,uro,4.33116,4.22447,4.565579
bass_1,s01,100,285,99,5,basi,NA,NA,NA
bass_1,s01,100,285,99,3,eye,4.183998,5.34167,5.662695
bass_1,s01,100,285,99,1,lj,NA,NA,NA
bass_1,s01,100,285,99,6,p2,8.18134420605005,4.282422398002309,5.456900671675001
bass_1,s01,100,285,99,4,pm,2.798251,5.44698,4.584444
bass_1,s01,100,285,99,8,quad,NA,NA,NA
bass_1,s01,100,285,99,2,so,NA,NA,NA
bass_1,s01,100,285,99,7,uro,4.350468,4.213736,4.566032
bass_1,s02,1,40,0,5,basi,NA,NA,NA
bass_1,s02,1,40,0,3,eye,7.698467,8.523268,6.702712
bass_1,s02,1,40,0,1,lj,6.320458,8.256141,5.384427
bass_1,s02,1,40,0,6,p2,10.773249816487208,7.057172057834819,6.959291430757278
bass_1,s02,1,40,0,4,pm,6.520486,8.621415,5.463819
bass_1,s02,1,40,0,8,quad,8.220357004764544,7.645201176163936,6.2073627174215495
bass_1,s02,1,40,0,2,so,8.933773,7.37904,6.485309
bass_1,s02,1,40,0,7,uro,NA,NA,NA
bass_1,s02,2,41,1,5,basi,7.275158,7.7526,5.518765
bass_1,s02,2,41,1,3,eye,7.589749,8.493006,6.677558
bass_1,s02,2,41,1,1,lj,6.201439,8.204244,5.365782
bass_1,s02,2,41,1,6,p2,10.750261174607036,7.056840035225082,6.95352167881746
bass_1,s02,2,41,1,4,pm,6.393934,8.595394,5.425818
bass_1,s02,2,41,1,8,quad,8.121289702704189,7.622223925654717,6.134555956178844
bass_1,s02,2,41,1,2,so,8.840623,7.351326,6.453825
bass_1,s02,2,41,1,7,uro,NA,NA,NA
bass_1,s02,3,42,2,5,basi,7.156219,7.713297,5.472122
bass_1,s02,3,42,2,3,eye,7.466422,8.465043,6.614489
bass_1,s02,3,42,2,1,lj,6.085631,8.164056,5.330235
bass_1,s02,3,42,2,6,p2,10.72655737206941,7.057749182047113,6.94493873007306
bass_1,s02,3,42,2,4,pm,6.258601,8.551488,5.380555
bass_1,s02,3,42,2,8,quad,8.00055899789391,7.533671948881307,6.103557572259066
bass_1,s02,3,42,2,2,so,8.745866,7.295288,6.398534
bass_1,s02,3,42,2,7,uro,NA,NA,NA
bass_1,s02,4,43,3,5,basi,7.051357,7.695723,5.418386
bass_1,s02,4,43,3,3,eye,7.360597,8.43621,6.567192
bass_1,s02,4,43,3,1,lj,5.996985,8.126456,5.222964
bass_1,s02,4,43,3,6,p2,10.703045906757083,7.058400036989383,6.937245889447929
bass_1,s02,4,43,3,4,pm,6.142262,8.520605,5.314139
bass_1,s02,4,43,3,8,quad,7.924854296468297,7.532914032241583,6.079151331390512
bass_1,s02,4,43,3,2,so,8.648731,7.264816,6.365366
bass_1,s02,4,43,3,7,uro,NA,NA,NA
bass_1,s02,5,44,4,5,basi,6.910077,7.65669,5.379261
bass_1,s02,5,44,4,3,eye,7.271637,8.404848,6.534275
bass_1,s02,5,44,4,1,lj,5.856587,8.102257,5.161884
bass_1,s02,5,44,4,6,p2,10.675232344267876,7.058262659258828,6.927459398059363
bass_1,s02,5,44,4,4,pm,6.0237,8.490017,5.240607
bass_1,s02,5,44,4,8,quad,7.783173657215231,7.490177240076139,6.003228841378287
bass_1,s02,5,44,4,2,so,8.55829,7.241709,6.321152
bass_1,s02,5,44,4,7,uro,NA,NA,NA
bass_1,s02,6,45,5,5,basi,6.787789,7.649964,5.332864
bass_1,s02,6,45,5,3,eye,7.156469,8.374146,6.508965
bass_1,s02,6,45,5,1,lj,5.77316,8.097809,5.135465
bass_1,s02,6,45,5,6,p2,10.623931450581996,7.057300976547025,6.911715182309428
bass_1,s02,6,45,5,4,pm,5.940502,8.463585,5.189189
bass_1,s02,6,45,5,8,quad,7.7355142407232655,7.479823365537156,5.96772446774892
bass_1,s02,6,45,5,2,so,8.473054,7.224692,6.307758
bass_1,s02,6,45,5,7,uro,NA,NA,NA
bass_1,s02,7,46,6,5,basi,6.681783,7.631481,5.30934
bass_1,s02,7,46,6,3,eye,7.028159,8.344816,6.468743
bass_1,s02,7,46,6,1,lj,5.676376,8.041136,5.100515
bass_1,s02,7,46,6,6,p2,10.563434742434856,7.05372999211263,6.891433581085363
bass_1,s02,7,46,6,4,pm,5.84809,8.435809,5.166464
bass_1,s02,7,46,6,8,quad,7.573132304959626,7.451946699813337,5.932301462787549
bass_1,s02,7,46,6,2,so,8.337776,7.195462,6.263895
bass_1,s02,7,46,6,7,uro,NA,NA,NA
bass_1,s02,8,47,7,5,basi,6.541471,7.592794,5.247943
bass_1,s02,8,47,7,3,eye,6.93299,8.315279,6.413906
bass_1,s02,8,47,7,1,lj,5.567292,8.029339,5.07803
bass_1,s02,8,47,7,6,p2,10.499716380466822,7.053397478999021,6.864926829125236
bass_1,s02,8,47,7,4,pm,5.724497,8.402845,5.136209
bass_1,s02,8,47,7,8,quad,7.48918812855209,7.398438058071104,5.879430368230042
bass_1,s02,8,47,7,2,so,8.251775,7.181781,6.199486
bass_1,s02,8,47,7,7,uro,6.990759,7.465951,5.321498
bass_1,s02,9,48,8,5,basi,6.414408,7.574483,5.216435
bass_1,s02,9,48,8,3,eye,6.83059,8.284464,6.381382
bass_1,s02,9,48,8,1,lj,5.45644,7.972987,5.043115
bass_1,s02,9,48,8,6,p2,10.428327812784154,7.047421675843087,6.838613506339263
bass_1,s02,9,48,8,4,pm,5.594226,8.363738,5.105914
bass_1,s02,9,48,8,8,quad,7.390719581998592,7.410590236473116,5.873779656769376
bass_1,s02,9,48,8,2,so,8.150721,7.157873,6.186746
bass_1,s02,9,48,8,7,uro,6.877483,7.448235,5.280544
bass_1,s02,10,49,9,5,basi,6.278482,7.557101,5.170214
bass_1,s02,10,49,9,3,eye,6.727234,8.262437,6.34928
bass_1,s02,10,49,9,1,lj,5.338832,7.984497,5.012124
bass_1,s02,10,49,9,6,p2,10.349639544877146,7.039240205737357,6.808959950704085
bass_1,s02,10,49,9,4,pm,5.477942,8.337748,5.054373
bass_1,s02,10,49,9,8,quad,7.274955034303424,7.364845930222163,5.842251960004785
bass_1,s02,10,49,9,2,so,8.014592,7.110768,6.153022
bass_1,s02,10,49,9,7,uro,6.751292,7.429923,5.252345
bass_1,s02,11,50,10,5,basi,6.146762,7.539001,5.138887
bass_1,s02,11,50,10,3,eye,6.59261,8.233141,6.301556
bass_1,s02,11,50,10,1,lj,5.216071,7.965732,4.981141
bass_1,s02,11,50,10,6,p2,10.265141686783815,7.028868605135059,6.777437558445757
bass_1,s02,11,50,10,4,pm,5.386524,8.322777,5.017454
bass_1,s02,11,50,10,8,quad,7.190594167571995,7.336363938268736,5.8157701948405185
bass_1,s02,11,50,10,2,so,7.91955,7.098316,6.100167
bass_1,s02,11,50,10,7,uro,6.609108,7.390996,5.21104
bass_1,s02,12,51,11,5,basi,6.059538,7.541927,5.108096
bass_1,s02,12,51,11,3,eye,6.493508,8.210136,6.284521
bass_1,s02,12,51,11,1,lj,5.13532,7.923338,4.955171
bass_1,s02,12,51,11,6,p2,10.17511910170154,7.0164605807184275,6.741525834300689
bass_1,s02,12,51,11,4,pm,5.293642,8.314511,4.980707
bass_1,s02,12,51,11,8,quad,7.073318349908701,7.3254844158376375,5.773081052214356
bass_1,s02,12,51,11,2,so,7.827108,7.084838,6.057398
bass_1,s02,12,51,11,7,uro,6.491806,7.394375,5.183245
bass_1,s02,13,52,12,5,basi,5.953849,7.501457,5.069871
bass_1,s02,13,52,12,3,eye,6.390598,8.18872,6.237613
bass_1,s02,13,52,12,1,lj,5.016431,7.889,4.94148
bass_1,s02,13,52,12,6,p2,10.078969490746276,7.00224676249963,6.703307349613316
bass_1,s02,13,52,12,4,pm,5.186632,8.298972,4.957869
bass_1,s02,13,52,12,8,quad,6.9594292457739355,7.2689864208821975,5.6751604712805
bass_1,s02,13,52,12,2,so,7.710624,7.011727,6.002302
bass_1,s02,13,52,12,7,uro,6.390447,7.354483,5.142605
bass_1,s02,14,53,13,5,basi,5.857497,7.470989,5.053896
bass_1,s02,14,53,13,3,eye,6.269218,8.158404,6.205383
bass_1,s02,14,53,13,1,lj,4.922387,7.872729,4.83535
bass_1,s02,14,53,13,6,p2,9.980202373708329,6.985096123262838,6.665343560488996
bass_1,s02,14,53,13,4,pm,5.054384,8.266227,4.92066
bass_1,s02,14,53,13,8,quad,6.843357339632684,7.224040135279992,5.621353665731037
bass_1,s02,14,53,13,2,so,7.574785,6.994958,5.948864
bass_1,s02,14,53,13,7,uro,6.300732,7.292092,5.115317
bass_1,s02,15,54,14,5,basi,5.739171,7.453207,5.000762
bass_1,s02,15,54,14,3,eye,6.175129,8.127595,6.165909
bass_1,s02,15,54,14,1,lj,4.823472,7.822277,4.823384
bass_1,s02,15,54,14,6,p2,9.878473430292024,6.965395227409332,6.625586265952427
bass_1,s02,15,54,14,4,pm,4.964476,8.2452,4.884098
bass_1,s02,15,54,14,8,quad,6.741773805724561,7.206203502900881,5.6224786541312985
bass_1,s02,15,54,14,2,so,7.4569,6.986083,5.925652
bass_1,s02,15,54,14,7,uro,6.183351,7.263197,5.074582
bass_1,s02,16,55,15,5,basi,5.638394,7.412419,4.962761
bass_1,s02,16,55,15,3,eye,6.084534,8.105364,6.126786
bass_1,s02,16,55,15,1,lj,4.708086,7.787164,4.81101
bass_1,s02,16,55,15,6,p2,9.776130038995063,6.943768263662264,6.584819997105409
bass_1,s02,16,55,15,4,pm,4.811976,8.212113,4.861004
bass_1,s02,16,55,15,8,quad,6.654231072801854,7.153762024603604,5.651033587395325
bass_1,s02,16,55,15,2,so,7.36402,6.956062,5.903459
bass_1,s02,16,55,15,7,uro,6.066281,7.234649,5.020857
bass_1,s02,17,56,16,5,basi,5.48954,7.373026,4.909491
bass_1,s02,17,56,16,3,eye,5.964492,8.074741,6.094629
bass_1,s02,17,56,16,1,lj,4.600336,7.753325,4.771069
bass_1,s02,17,56,16,6,p2,9.672492715503278,6.920721731569017,6.543836738469474
bass_1,s02,17,56,16,4,pm,4.717741,8.190727,4.831592
bass_1,s02,17,56,16,8,quad,6.552275792132629,7.112471193007662,5.585224257724762
bass_1,s02,17,56,16,2,so,7.270296,6.912536,5.912999
bass_1,s02,17,56,16,7,uro,5.94896,7.22704,4.993266
bass_1,s02,18,57,17,5,basi,5.411244,7.354108,4.864502
bass_1,s02,18,57,17,3,eye,5.862231,8.045712,6.018106
bass_1,s02,18,57,17,1,lj,4.481655,7.712382,4.69717
bass_1,s02,18,57,17,6,p2,9.5680119178185965,6.896028800021694,6.5033258946493095
bass_1,s02,18,57,17,4,pm,4.644311,8.162334,4.8024
bass_1,s02,18,57,17,8,quad,6.47979306839154,7.150361783180097,5.574397006767191
bass_1,s02,18,57,17,2,so,7.199388,6.892176,5.899287
bass_1,s02,18,57,17,7,uro,5.811819,7.187906,4.939512
bass_1,s02,19,58,18,5,basi,5.28934,7.314667,4.797182
bass_1,s02,19,58,18,3,eye,5.754449,8.022675,6.001262
bass_1,s02,19,58,18,1,lj,4.383745,7.663589,4.635374
bass_1,s02,19,58,18,6,p2,9.462953501067174,6.870286480172481,6.462056356591009
bass_1,s02,19,58,18,4,pm,4.53177,8.107003,4.694957
bass_1,s02,19,58,18,8,quad,6.349496260607594,7.107475525477763,5.583972857006611
bass_1,s02,19,58,18,2,so,7.117832,6.872435,5.891991
bass_1,s02,19,58,18,7,uro,5.682174,7.159562,4.885922
bass_1,s02,20,59,19,5,basi,5.157939,7.285264,4.751624
bass_1,s02,20,59,19,3,eye,5.628453,8.010751,5.939781
bass_1,s02,20,59,19,1,lj,4.265893,7.629975,4.573089
bass_1,s02,20,59,19,6,p2,9.35702670999602,6.842958468267215,6.4206247266004235
bass_1,s02,20,59,19,4,pm,4.425129,8.08039,4.637141
bass_1,s02,20,59,19,8,quad,6.216619524500976,7.061427301758121,5.493304383826741
bass_1,s02,20,59,19,2,so,6.99358,6.854346,5.828614
bass_1,s02,20,59,19,7,uro,5.581933,7.118973,4.84585
bass_1,s02,21,60,20,5,basi,5.07104,7.266725,4.699498
bass_1,s02,21,60,20,3,eye,5.544289,7.969702,5.92302
bass_1,s02,21,60,20,1,lj,4.143025,7.551248,4.500651
bass_1,s02,21,60,20,6,p2,9.253026948024646,6.814120026858831,6.378728799416108
bass_1,s02,21,60,20,4,pm,4.322209,8.073949,4.558266
bass_1,s02,21,60,20,8,quad,6.112417278786069,7.029443731337479,5.446116678387871
bass_1,s02,21,60,20,2,so,6.89573,6.80233,5.783677
bass_1,s02,21,60,20,7,uro,5.481947,7.112311,4.766601
bass_1,s02,22,61,21,5,basi,4.953545,7.22686,4.625185
bass_1,s02,22,61,21,3,eye,5.422906,7.949255,5.854225
bass_1,s02,22,61,21,1,lj,4.029985,7.503491,4.417308
bass_1,s02,22,61,21,6,p2,9.148035649334057,6.785223010678973,6.337153021613165
bass_1,s02,22,61,21,4,pm,4.197654,8.073493,4.478736
bass_1,s02,22,61,21,8,quad,5.976670987692215,6.976595543979633,5.420748078844226
bass_1,s02,22,61,21,2,so,6.778676,6.772446,5.744948
bass_1,s02,22,61,21,7,uro,5.328517,7.083759,4.725985
bass_1,s02,23,62,22,5,basi,4.844575,7.208495,4.572903
bass_1,s02,23,62,22,3,eye,5.30029,7.919626,5.792778
bass_1,s02,23,62,22,1,lj,3.94476,7.453682,4.35072
bass_1,s02,23,62,22,6,p2,9.042767890656036,6.75489385145392,6.295936949418653
bass_1,s02,23,62,22,4,pm,4.086183,8.060931,4.392815
bass_1,s02,23,62,22,8,quad,5.930389147666252,6.947516565873096,5.352246315343632
bass_1,s02,23,62,22,2,so,6.69329,6.763427,5.737656
bass_1,s02,23,62,22,7,uro,5.236373,7.0331,4.647573
bass_1,s02,24,63,23,5,basi,4.735964,7.156875,4.513893
bass_1,s02,24,63,23,3,eye,5.215778,7.923467,5.73972
bass_1,s02,24,63,23,1,lj,3.833862,7.37989,4.311775
bass_1,s02,24,63,23,6,p2,8.938630393572248,6.724245672853469,6.252951539814747
bass_1,s02,24,63,23,4,pm,3.956751,8.040628,4.342127
bass_1,s02,24,63,23,8,quad,5.72916820844382,6.870559882922918,5.291565821848791
bass_1,s02,24,63,23,2,so,6.499383,6.735973,5.655319
bass_1,s02,24,63,23,7,uro,5.172175,6.991616,4.608436
bass_1,s02,25,64,24,5,basi,4.640847,7.059669,4.455667
bass_1,s02,25,64,24,3,eye,5.123189,7.901529,5.693903
bass_1,s02,25,64,24,1,lj,3.725023,7.293401,4.21894
bass_1,s02,25,64,24,6,p2,8.834482205520507,6.6919698407489765,6.210555293386418
bass_1,s02,25,64,24,4,pm,3.891783,8.069133,4.291226
bass_1,s02,25,64,24,8,quad,5.6480201239260035,6.863745513917145,5.2434137771802405
bass_1,s02,25,64,24,2,so,6.394921,6.684217,5.592503
bass_1,s02,25,64,24,7,uro,5.043535,6.918828,4.556137
bass_1,s02,26,65,25,5,basi,4.5237,7.030732,4.382065
bass_1,s02,26,65,25,3,eye,5.018547,7.870685,5.640206
bass_1,s02,26,65,25,1,lj,3.629086,7.21399,4.137672
bass_1,s02,26,65,25,6,p2,8.7318273395354,6.660163016590852,6.1675847944702955
bass_1,s02,26,65,25,4,pm,3.789842,8.030564,4.213176
bass_1,s02,26,65,25,8,quad,5.520811879107005,6.766657274442522,5.15506195066102
bass_1,s02,26,65,25,2,so,6.272131,6.655085,5.517695
bass_1,s02,26,65,25,7,uro,4.980589,6.866349,4.491401
bass_1,s02,27,66,26,5,basi,4.385306,6.945912,4.309301
bass_1,s02,27,66,26,3,eye,4.92486,7.857306,5.59457
bass_1,s02,27,66,26,1,lj,3.500303,7.126042,4.044775
bass_1,s02,27,66,26,6,p2,8.629009788474786,6.627274299525274,6.124587137632993
bass_1,s02,27,66,26,4,pm,3.65494,8.050754,4.112603
bass_1,s02,27,66,26,8,quad,5.384343572995775,6.770067904308721,5.087398555582867
bass_1,s02,27,66,26,2,so,6.167145,6.646665,5.485769
bass_1,s02,27,66,26,7,uro,4.847787,6.804211,4.452238
bass_1,s02,28,67,27,5,basi,4.277878,6.848972,4.252125
bass_1,s02,28,67,27,3,eye,4.757443,7.845943,5.525648
bass_1,s02,28,67,27,1,lj,3.395182,7.038,3.986218
bass_1,s02,28,67,27,6,p2,8.526393647294263,6.5940393077784965,6.082377112221641
bass_1,s02,28,67,27,4,pm,3.542782,8.049809,4.047997
bass_1,s02,28,67,27,8,quad,5.33099301107963,6.741600713811694,5.045370990280585
bass_1,s02,28,67,27,2,so,6.06682,6.627576,5.429635
bass_1,s02,28,67,27,7,uro,4.731584,6.75283,4.400333
bass_1,s02,29,68,28,5,basi,4.157261,6.785885,4.165214
bass_1,s02,29,68,28,3,eye,4.706014,7.829849,5.517459
bass_1,s02,29,68,28,1,lj,3.272856,6.955942,3.932015
bass_1,s02,29,68,28,6,p2,8.425410193794832,6.559776050233633,6.038343194516365
bass_1,s02,29,68,28,4,pm,3.435014,8.067709,3.975732
bass_1,s02,29,68,28,8,quad,5.184929630691885,6.692022719546924,5.031662136161283
bass_1,s02,29,68,28,2,so,5.942036,6.607722,5.433884
bass_1,s02,29,68,28,7,uro,4.584354,6.669453,4.310235
bass_1,s02,30,69,29,5,basi,4.037022,6.699655,4.100805
bass_1,s02,30,69,29,3,eye,4.590173,7.816912,5.456669
bass_1,s02,30,69,29,1,lj,3.182728,6.853951,3.9035
bass_1,s02,30,69,29,6,p2,8.323430923169123,6.525890527820828,5.99513027572422
bass_1,s02,30,69,29,4,pm,3.299117,8.099213,3.91011
bass_1,s02,30,69,29,8,quad,5.030251588035936,6.594370724042004,5.010516772362062
bass_1,s02,30,69,29,2,so,5.805657,6.577721,5.401524
bass_1,s02,30,69,29,7,uro,4.500991,6.627841,4.258762
bass_1,s02,31,70,30,5,basi,3.908287,6.625638,4.015065
bass_1,s02,31,70,30,3,eye,4.468172,7.83075,5.403687
bass_1,s02,31,70,30,1,lj,3.05293,6.788358,3.823758
bass_1,s02,31,70,30,6,p2,8.223854245600293,6.491301111714411,5.952436529409653
bass_1,s02,31,70,30,4,pm,3.151315,8.122958,3.844468
bass_1,s02,31,70,30,8,quad,4.937079338249743,6.629565386404548,4.913995557847189
bass_1,s02,31,70,30,2,so,5.639454,6.58137,5.37506
bass_1,s02,31,70,30,7,uro,4.401648,6.575844,4.194778
bass_1,s02,32,71,31,5,basi,3.788711,6.539357,3.929838
bass_1,s02,32,71,31,3,eye,4.360095,7.826634,5.335743
bass_1,s02,32,71,31,1,lj,2.917911,6.704253,3.702497
bass_1,s02,32,71,31,6,p2,8.124489158115361,6.456271495043468,5.9107351449598395
bass_1,s02,32,71,31,4,pm,3.015598,8.129202,3.750746
bass_1,s02,32,71,31,8,quad,4.756406889300127,6.5888308190658424,4.858602622759499
bass_1,s02,32,71,31,2,so,5.496387,6.540069,5.348686
bass_1,s02,32,71,31,7,uro,4.258889,6.490828,4.143838
bass_1,s02,33,72,32,5,basi,3.707514,6.497886,3.844514
bass_1,s02,33,72,32,3,eye,4.230022,7.831347,5.297429
bass_1,s02,33,72,32,1,lj,2.809011,6.631596,3.624422
bass_1,s02,33,72,32,6,p2,8.024561061808255,6.421649688633989,5.868547617327417
bass_1,s02,33,72,32,4,pm,2.856982,8.198171,3.627276
bass_1,s02,33,72,32,8,quad,4.617186224796115,6.577000549043529,4.818710907418453
bass_1,s02,33,72,32,2,so,5.322472,6.521696,5.339755
bass_1,s02,33,72,32,7,uro,4.123915,6.450861,4.041349
bass_1,s02,34,73,33,5,basi,3.670254,6.431629,3.796053
bass_1,s02,34,73,33,3,eye,4.101617,7.836935,5.214532
bass_1,s02,34,73,33,1,lj,2.713487,6.560165,3.50436
bass_1,s02,34,73,33,6,p2,7.92607505941706,6.385911962390352,5.827188858249123
bass_1,s02,34,73,33,4,pm,2.72125,8.24767,3.546709
bass_1,s02,34,73,33,8,quad,4.479577117292734,6.5111955900370555,4.792331553201737
bass_1,s02,34,73,33,2,so,5.165349,6.470024,5.289152
bass_1,s02,34,73,33,7,uro,4.084458,6.419206,4.003685
bass_1,s02,35,74,34,5,basi,3.571942,6.377782,3.732332
bass_1,s02,35,74,34,3,eye,4.010797,7.840675,5.176705
bass_1,s02,35,74,34,1,lj,2.586258,6.521523,3.381904
bass_1,s02,35,74,34,6,p2,7.828578577244867,6.350955416967132,5.78600673564477
bass_1,s02,35,74,34,4,pm,2.573995,8.27995,3.473507
bass_1,s02,35,74,34,8,quad,4.2809987355206145,6.500077003458076,4.775919459098727
bass_1,s02,35,74,34,2,so,4.947813,6.474846,5.262207
bass_1,s02,35,74,34,7,uro,4.006173,6.365777,3.94051
bass_1,s02,36,75,35,5,basi,3.464166,6.35812,3.660469
bass_1,s02,36,75,35,3,eye,3.87519,7.85569,5.093993
bass_1,s02,36,75,35,1,lj,2.441341,6.455942,3.347539
bass_1,s02,36,75,35,6,p2,7.731512939911295,6.316785859391839,5.74583329759718
bass_1,s02,36,75,35,4,pm,2.435152,8.288187,3.366117
bass_1,s02,36,75,35,8,quad,4.120580498228191,6.4870536233963385,4.672727245388818
bass_1,s02,36,75,35,2,so,4.76303,6.445776,5.227633
bass_1,s02,36,75,35,7,uro,3.918353,6.313759,3.890873
bass_1,s02,37,76,36,5,basi,3.395518,6.337784,3.596425
bass_1,s02,37,76,36,3,eye,3.778867,7.859568,5.041104
bass_1,s02,37,76,36,1,lj,2.353522,6.453896,3.2478
bass_1,s02,37,76,36,6,p2,7.635859718186844,6.281829850608201,5.706736788985008
bass_1,s02,37,76,36,4,pm,2.298007,8.330653,3.250084
bass_1,s02,37,76,36,8,quad,3.970312147162743,6.405567064307029,4.612275228434582
bass_1,s02,37,76,36,2,so,4.632427,6.43682,5.217616
bass_1,s02,37,76,36,7,uro,3.927282,6.220043,3.87992
bass_1,s02,38,77,37,5,basi,3.274558,6.318625,3.539146
bass_1,s02,38,77,37,3,eye,3.655852,7.881672,5.010329
bass_1,s02,38,77,37,1,lj,2.251198,6.408004,3.163027
bass_1,s02,38,77,37,6,p2,7.540158290704303,6.24797202792799,5.6666576307910175
bass_1,s02,38,77,37,4,pm,2.170206,8.32722,3.192356
bass_1,s02,38,77,37,8,quad,3.799598093810625,6.441175847397678,4.618339062438489
bass_1,s02,38,77,37,2,so,4.419403,6.441621,5.174658
bass_1,s02,38,77,37,7,uro,3.875489,6.146356,3.881671
bass_1,s02,39,78,38,5,basi,3.131353,6.322481,3.445009
bass_1,s02,39,78,38,3,eye,3.50428,7.877631,4.971667
bass_1,s02,39,78,38,1,lj,2.121262,6.41064,3.082702
bass_1,s02,39,78,38,6,p2,7.445934254577701,6.214306979883294,5.628014912826873
bass_1,s02,39,78,38,4,pm,2.076392,8.360638,3.084544
bass_1,s02,39,78,38,8,quad,3.7008853865484532,6.436215769481016,4.574784698500333
bass_1,s02,39,78,38,2,so,4.294415,6.421821,5.164946
bass_1,s02,39,78,38,7,uro,3.803461,6.091129,3.807422
bass_1,s02,40,79,39,5,basi,3.001994,6.291171,3.416421
bass_1,s02,40,79,39,3,eye,3.404506,7.872379,4.933657
bass_1,s02,40,79,39,1,lj,2.028133,6.437362,3.018214
bass_1,s02,40,79,39,6,p2,7.353063575326296,6.182192576929422,5.588508671917204
bass_1,s02,40,79,39,4,pm,1.961876,8.373902,3.011623
bass_1,s02,40,79,39,8,quad,3.5633511322089406,6.42150245804251,4.539081881361126
bass_1,s02,40,79,39,2,so,4.169366,6.424705,5.131189
bass_1,s02,40,79,39,7,uro,3.700567,6.051734,3.71922
bass_1,s02,41,80,40,5,basi,2.902383,6.282621,3.373352
bass_1,s02,41,80,40,3,eye,3.304436,7.875683,4.902955
bass_1,s02,41,80,40,1,lj,1.885073,6.483023,2.964805
bass_1,s02,41,80,40,6,p2,7.261375818128194,6.151157282031593,5.548855088181028
bass_1,s02,41,80,40,4,pm,1.846324,8.398242,2.946755
bass_1,s02,41,80,40,8,quad,3.46027434523967,6.460069286103393,4.458566993965454
bass_1,s02,41,80,40,2,so,4.048258,6.438113,5.11336
bass_1,s02,41,80,40,7,uro,3.620059,5.986828,3.645091
bass_1,s02,42,81,41,5,basi,2.795624,6.238027,3.330648
bass_1,s02,42,81,41,3,eye,3.188511,7.879137,4.879463
bass_1,s02,42,81,41,1,lj,1.740164,6.54766,2.916265
bass_1,s02,42,81,41,6,p2,7.171567913941588,6.120381101799162,5.510021785788348
bass_1,s02,42,81,41,4,pm,1.736049,8.409589,2.916295
bass_1,s02,42,81,41,8,quad,3.3289910497848085,6.470215452912084,4.454813829433021
bass_1,s02,42,81,41,2,so,3.964922,6.451448,5.096357
bass_1,s02,42,81,41,7,uro,3.5355,5.946892,3.607977
bass_1,s02,43,82,42,5,basi,2.644387,6.217313,3.322323
bass_1,s02,43,82,42,3,eye,3.099727,7.881811,4.848708
bass_1,s02,43,82,42,1,lj,1.604691,6.655447,2.90225
bass_1,s02,43,82,42,6,p2,7.082642626751574,6.0910960861518255,5.470170176921269
bass_1,s02,43,82,42,4,pm,1.659429,8.396337,2.874146
bass_1,s02,43,82,42,8,quad,3.2425507811839607,6.510662915049006,4.431027390814027
bass_1,s02,43,82,42,2,so,3.840927,6.467428,5.015087
bass_1,s02,43,82,42,7,uro,3.400323,5.933005,3.569443
bass_1,s02,44,83,43,5,basi,2.549042,6.209761,3.280046
bass_1,s02,44,83,43,3,eye,3.009003,7.867066,4.833259
bass_1,s02,44,83,43,1,lj,1.481107,6.768142,2.930396
bass_1,s02,44,83,43,6,p2,6.996640915904086,6.0636701234283885,5.430556882889095
bass_1,s02,44,83,43,4,pm,1.544447,8.371998,2.888147
bass_1,s02,44,83,43,8,quad,3.0607769273472862,6.541927727003268,4.445273838656166
bass_1,s02,44,83,43,2,so,3.691225,6.492363,4.996681
bass_1,s02,44,83,43,7,uro,3.280349,5.893924,3.482046
bass_1,s02,45,84,44,5,basi,2.4803,6.189375,3.266597
bass_1,s02,45,84,44,3,eye,2.899518,7.850654,4.823955
bass_1,s02,45,84,44,1,lj,1.402525,6.855648,2.977175
bass_1,s02,45,84,44,6,p2,6.9122865050059294,6.037333390233281,5.391053867349889
bass_1,s02,45,84,44,4,pm,1.472642,8.336553,2.931112
bass_1,s02,45,84,44,8,quad,2.9640308167084606,6.588926499752782,4.3772367258545355
bass_1,s02,45,84,44,2,so,3.589648,6.484278,4.931301
bass_1,s02,45,84,44,7,uro,3.144489,5.905247,3.430159
bass_1,s02,46,85,45,5,basi,2.387004,6.236924,3.249384
bass_1,s02,46,85,45,3,eye,2.833839,7.826632,4.81651
bass_1,s02,46,85,45,1,lj,1.309797,6.917998,3.037245
bass_1,s02,46,85,45,6,p2,6.831056697342593,6.0129206732687805,5.35211385987709
bass_1,s02,46,85,45,4,pm,1.392897,8.24996,2.98386
bass_1,s02,46,85,45,8,quad,2.897689259777154,6.584140968884538,4.428233957199626
bass_1,s02,46,85,45,2,so,3.501964,6.486895,4.922566
bass_1,s02,46,85,45,7,uro,3.09507,5.880722,3.480604
bass_1,s02,47,86,46,5,basi,2.256487,6.239296,3.240709
bass_1,s02,47,86,46,3,eye,2.741709,7.783566,4.779173
bass_1,s02,47,86,46,1,lj,1.234442,7.005483,3.018897
bass_1,s02,47,86,46,6,p2,6.7550448709558495,5.989898763132057,5.3155375869781025
bass_1,s02,47,86,46,4,pm,1.324329,8.180437,3.04286
bass_1,s02,47,86,46,8,quad,2.754491927069415,6.600901039683034,4.334316124020649
bass_1,s02,47,86,46,2,so,3.404857,6.466726,4.881228
bass_1,s02,47,86,46,7,uro,3.023593,5.882204,3.429719
bass_1,s02,48,87,47,5,basi,2.204543,6.251243,3.240098
bass_1,s02,48,87,47,3,eye,2.666461,7.75356,4.771034
bass_1,s02,48,87,47,1,lj,1.168457,7.060115,3.050603
bass_1,s02,48,87,47,6,p2,6.684498195103721,5.969585402852202,5.2803854388370155
bass_1,s02,48,87,47,4,pm,1.261858,8.103135,3.045252
bass_1,s02,48,87,47,8,quad,2.7210293986522216,6.6420337447854845,4.332122418467966
bass_1,s02,48,87,47,2,so,3.270263,6.434997,4.847061
bass_1,s02,48,87,47,7,uro,2.962445,5.891645,3.42862
bass_1,s02,49,88,48,5,basi,2.121318,6.2645,3.210291
bass_1,s02,49,88,48,3,eye,2.591356,7.731872,4.738628
bass_1,s02,49,88,48,1,lj,1.112361,7.104917,3.041585
bass_1,s02,49,88,48,6,p2,6.619157816570083,5.950515495355215,5.248301093648985
bass_1,s02,49,88,48,4,pm,1.209568,8.000688,3.049466
bass_1,s02,49,88,48,8,quad,2.6928892951005836,6.498552079541421,4.331088500638135
bass_1,s02,49,88,48,2,so,3.327399,6.295488,4.870925
bass_1,s02,49,88,48,7,uro,2.864894,5.91861,3.401358
bass_1,s02,50,89,49,5,basi,2.055822,6.267192,3.200801
bass_1,s02,50,89,49,3,eye,2.525033,7.694507,4.71211
bass_1,s02,50,89,49,1,lj,1.072975,7.164801,3.040211
bass_1,s02,50,89,49,6,p2,6.558665557880971,5.933822139081163,5.217754238245761
bass_1,s02,50,89,49,4,pm,1.16118,7.907185,3.053523
bass_1,s02,50,89,49,8,quad,2.6981665392253196,6.5119879136855925,4.338773330582491
bass_1,s02,50,89,49,2,so,3.273508,6.264195,4.831017
bass_1,s02,50,89,49,7,uro,2.797875,5.912316,3.376293
bass_1,s02,51,90,50,5,basi,1.970685,6.290365,3.198122
bass_1,s02,51,90,50,3,eye,2.502825,7.647851,4.719141
bass_1,s02,51,90,50,1,lj,1.037355,7.184177,3.066913
bass_1,s02,51,90,50,6,p2,6.503654954734339,5.9192993758105406,5.189501774271222
bass_1,s02,51,90,50,4,pm,1.107776,7.829952,3.070341
bass_1,s02,51,90,50,8,quad,2.6139787366812834,6.542619425018551,4.334251209507511
bass_1,s02,51,90,50,2,so,3.228057,6.231107,4.846546
bass_1,s02,51,90,50,7,uro,2.733603,5.913491,3.41314
bass_1,s02,52,91,51,5,basi,1.888091,6.315665,3.196603
bass_1,s02,52,91,51,3,eye,2.429945,7.602753,4.692761
bass_1,s02,52,91,51,1,lj,0.982325,7.198559,3.072588
bass_1,s02,52,91,51,6,p2,6.453808684858566,5.905175545108154,5.16420418602302
bass_1,s02,52,91,51,4,pm,1.072911,7.769117,3.100441
bass_1,s02,52,91,51,8,quad,2.569894057900815,6.495373740091926,4.332005616562454
bass_1,s02,52,91,51,2,so,3.167192,6.219487,4.829042
bass_1,s02,52,91,51,7,uro,2.662233,5.932524,3.424634
bass_1,s02,53,92,52,5,basi,1.799607,6.316569,3.204683
bass_1,s02,53,92,52,3,eye,2.382061,7.557407,4.660349
bass_1,s02,53,92,52,1,lj,0.954815,7.226481,3.070634
bass_1,s02,53,92,52,6,p2,6.410156625051414,5.893756011159464,5.141683318827427
bass_1,s02,53,92,52,4,pm,1.042714,7.700985,3.110396
bass_1,s02,53,92,52,8,quad,2.524843124046372,6.466489104037569,4.352233376098409
bass_1,s02,53,92,52,2,so,3.126655,6.174845,4.82859
bass_1,s02,53,92,52,7,uro,2.579371,5.942513,3.373171
bass_1,s02,54,93,53,5,basi,1.721941,6.330121,3.184601
bass_1,s02,54,93,53,3,eye,2.338159,7.511508,4.647581
bass_1,s02,54,93,53,1,lj,0.913414,7.263122,3.091095
bass_1,s02,54,93,53,6,p2,6.386364179588539,5.887140992387411,5.128890221180428
bass_1,s02,54,93,53,4,pm,0.998689,7.667108,3.118341
bass_1,s02,54,93,53,8,quad,2.487282056501559,6.447705207257672,4.300581146188155
bass_1,s02,54,93,53,2,so,3.07725,6.131073,4.780505
bass_1,s02,54,93,53,7,uro,2.497075,5.961764,3.371984
bass_1,s02,55,94,54,5,basi,1.654418,6.319122,3.183895
bass_1,s02,55,94,54,3,eye,2.296701,7.481469,4.621578
bass_1,s02,55,94,54,1,lj,0.896524,7.245507,3.10664
bass_1,s02,55,94,54,6,p2,6.365778787759113,5.881999788047041,5.117771738419766
bass_1,s02,55,94,54,4,pm,0.971054,7.614712,3.14789
bass_1,s02,55,94,54,8,quad,2.4548841752395583,6.391325536780988,4.2971079944639365
bass_1,s02,55,94,54,2,so,3.050152,6.097118,4.748202
bass_1,s02,55,94,54,7,uro,2.410116,5.962374,3.332805
bass_1,s02,56,95,55,5,basi,1.588843,6.321983,3.174482
bass_1,s02,56,95,55,3,eye,2.222916,7.44395,4.582081
bass_1,s02,56,95,55,1,lj,0.870909,7.283203,3.132881
bass_1,s02,56,95,55,6,p2,6.3454673203478835,5.876462095807082,5.107727899395162
bass_1,s02,56,95,55,4,pm,0.961029,7.588397,3.162651
bass_1,s02,56,95,55,8,quad,2.458547464431351,6.404085816539223,4.250572403889683
bass_1,s02,56,95,55,2,so,3.032429,6.063152,4.684372
bass_1,s02,56,95,55,7,uro,2.322346,5.979345,3.330299
bass_1,s02,57,96,56,5,basi,1.486954,6.408091,3.1696
bass_1,s02,57,96,56,3,eye,2.191598,7.413615,4.543195
bass_1,s02,57,96,56,1,lj,NA,NA,NA
bass_1,s02,57,96,56,6,p2,6.325777944896625,5.870845796350345,5.0973748696920005
bass_1,s02,57,96,56,4,pm,0.93738,7.554779,3.185191
bass_1,s02,57,96,56,8,quad,NA,NA,NA
bass_1,s02,57,96,56,2,so,3.025543,6.031904,4.630187
bass_1,s02,57,96,56,7,uro,2.258765,5.990169,3.380051
bass_1,s03,1,130,0,5,basi,NA,NA,NA
bass_1,s03,1,130,0,3,eye,9.085785,8.468761,6.040241
bass_1,s03,1,130,0,1,lj,7.639695,7.568243,4.592814
bass_1,s03,1,130,0,6,p2,12.499208345707522,6.5812605432299875,5.824443009927259
bass_1,s03,1,130,0,4,pm,NA,NA,NA
bass_1,s03,1,130,0,8,quad,NA,NA,NA
bass_1,s03,1,130,0,2,so,NA,NA,NA
bass_1,s03,1,130,0,7,uro,8.56985,7.137694,4.700836
bass_1,s03,2,131,1,5,basi,9.394741,6.839315,4.75351
bass_1,s03,2,131,1,3,eye,8.995565,8.406202,5.992012
bass_1,s03,2,131,1,1,lj,7.522959,7.550304,4.58313
bass_1,s03,2,131,1,6,p2,12.475774443185289,6.5728326476629935,5.818872123982219
bass_1,s03,2,131,1,4,pm,7.712408,7.939215,4.632112
bass_1,s03,2,131,1,8,quad,9.508037323700837,6.9491642820450235,5.165590536284819
bass_1,s03,2,131,1,2,so,10.259904,6.663244,5.404341
bass_1,s03,2,131,1,7,uro,8.461803,7.103655,4.671197
bass_1,s03,3,132,2,5,basi,9.331847,6.798486,4.73136
bass_1,s03,3,132,2,3,eye,8.895278,8.373966,5.998759
bass_1,s03,3,132,2,1,lj,7.429845,7.526442,4.554693
bass_1,s03,3,132,2,6,p2,12.451717428829664,6.565797898174578,5.810046369157501
bass_1,s03,3,132,2,4,pm,7.652025,7.916847,4.631071
bass_1,s03,3,132,2,8,quad,9.405091516840814,6.899255152294366,5.198139685981363
bass_1,s03,3,132,2,2,so,10.140787,6.612125,5.37428
bass_1,s03,3,132,2,7,uro,8.34005,7.092939,4.636002
bass_1,s03,4,133,3,5,basi,9.254902,6.775019,4.713983
bass_1,s03,4,133,3,3,eye,8.799939,8.345328,5.96094
bass_1,s03,4,133,3,1,lj,7.320323,7.522444,4.543219
bass_1,s03,4,133,3,6,p2,12.427642178650595,6.5606230101120415,5.798865955910665
bass_1,s03,4,133,3,4,pm,7.495759,7.906367,4.602649
bass_1,s03,4,133,3,8,quad,9.270946880464376,6.883452904839207,5.136827332865464
bass_1,s03,4,133,3,2,so,10.037718,6.57924,5.352065
bass_1,s03,4,133,3,7,uro,8.225604,7.090869,4.600437
bass_1,s03,5,134,4,5,basi,9.18704,6.75188,4.691557
bass_1,s03,5,134,4,3,eye,8.695947,8.315987,5.922529
bass_1,s03,5,134,4,1,lj,7.231176,7.491666,4.504525
bass_1,s03,5,134,4,6,p2,12.400685335862043,6.554522051052687,5.787576377174044
bass_1,s03,5,134,4,4,pm,7.374326,7.856252,4.593062
bass_1,s03,5,134,4,8,quad,9.204494771993833,6.840669545062548,5.067615800928004
bass_1,s03,5,134,4,2,so,9.972409,6.582078,5.292525
bass_1,s03,5,134,4,7,uro,8.142674,7.079559,4.585562
bass_1,s03,6,135,5,5,basi,9.077245,6.719223,4.663464
bass_1,s03,6,135,5,3,eye,8.606876,8.308482,5.894053
bass_1,s03,6,135,5,1,lj,7.133668,7.472759,4.475591
bass_1,s03,6,135,5,6,p2,12.3500434338807,6.5421339781830055,5.766687440581564
bass_1,s03,6,135,5,4,pm,7.288776,7.837948,4.529997
bass_1,s03,6,135,5,8,quad,9.058551428666481,6.850133062759775,5.004176284315086
bass_1,s03,6,135,5,2,so,9.84029,6.552541,5.261927
bass_1,s03,6,135,5,7,uro,8.014595,7.041263,4.556037
bass_1,s03,7,136,6,5,basi,8.970687,6.693825,4.635528
bass_1,s03,7,136,6,3,eye,8.510089,8.290011,5.884093
bass_1,s03,7,136,6,1,lj,7.022612,7.431948,4.456667
bass_1,s03,7,136,6,6,p2,12.291676920943006,6.525698088827569,5.743793879118675
bass_1,s03,7,136,6,4,pm,7.221852,7.832653,4.502398
bass_1,s03,7,136,6,8,quad,8.924071121143333,6.761163270356349,5.033201024430987
bass_1,s03,7,136,6,2,so,9.718235,6.511778,5.221782
bass_1,s03,7,136,6,7,uro,7.91448,7.029591,4.530758
bass_1,s03,8,137,7,5,basi,8.851529,6.671551,4.601508
bass_1,s03,8,137,7,3,eye,8.399947,8.249345,5.854802
bass_1,s03,8,137,7,1,lj,6.932514,7.41261,4.418164
bass_1,s03,8,137,7,6,p2,12.228783512242842,6.509941053496622,5.717311049529852
bass_1,s03,8,137,7,4,pm,7.109863,7.805397,4.483773
bass_1,s03,8,137,7,8,quad,8.858249511381972,6.724822551906952,4.95185522053405
bass_1,s03,8,137,7,2,so,9.636716,6.478993,5.180694
bass_1,s03,8,137,7,7,uro,7.817564,7.018016,4.495879
bass_1,s03,9,138,8,5,basi,8.733179,6.653974,4.562756
bass_1,s03,9,138,8,3,eye,8.295823,8.219342,5.825608
bass_1,s03,9,138,8,1,lj,6.813472,7.393805,4.398562
bass_1,s03,9,138,8,6,p2,12.160883609032116,6.492034295890504,5.689552170637103
bass_1,s03,9,138,8,4,pm,7.009581,7.786332,4.438339
bass_1,s03,9,138,8,8,quad,8.774395470289514,6.672107236387182,4.981393204809241
bass_1,s03,9,138,8,2,so,9.558811,6.457031,5.179058
bass_1,s03,9,138,8,7,uro,7.727598,6.978712,4.466923
bass_1,s03,10,139,9,5,basi,8.651689,6.624374,4.524336
bass_1,s03,10,139,9,3,eye,8.205913,8.189378,5.79691
bass_1,s03,10,139,9,1,lj,6.728668,7.3627,4.369758
bass_1,s03,10,139,9,6,p2,12.08806663338161,6.473076971882131,5.658614381826717
bass_1,s03,10,139,9,4,pm,6.920354,7.758645,4.42017
bass_1,s03,10,139,9,8,quad,8.674968738625212,6.736363602285297,4.91959795483076
bass_1,s03,10,139,9,2,so,9.436408,6.450059,5.168791
bass_1,s03,10,139,9,7,uro,7.620013,6.962822,4.432234
bass_1,s03,11,140,10,5,basi,8.537141,6.594822,4.485214
bass_1,s03,11,140,10,3,eye,8.116054,8.159357,5.768251
bass_1,s03,11,140,10,1,lj,6.637553,7.309106,4.350835
bass_1,s03,11,140,10,6,p2,12.009300705779635,6.451259653203987,5.624602889526695
bass_1,s03,11,140,10,4,pm,6.796888,7.731503,4.392346
bass_1,s03,11,140,10,8,quad,8.609748562446665,6.675254427599553,4.891577712355144
bass_1,s03,11,140,10,2,so,9.35433,6.406035,5.127917
bass_1,s03,11,140,10,7,uro,7.51995,6.946538,4.40241
bass_1,s03,12,141,11,5,basi,8.480827,6.568069,4.469006
bass_1,s03,12,141,11,3,eye,7.996303,8.152233,5.748767
bass_1,s03,12,141,11,1,lj,6.530833,7.255905,4.331848
bass_1,s03,12,141,11,6,p2,11.92560384011815,6.427581709404969,5.590318524175564
bass_1,s03,12,141,11,4,pm,6.703741,7.687834,4.383073
bass_1,s03,12,141,11,8,quad,8.482599058777438,6.662207477768003,4.8141102690950675
bass_1,s03,12,141,11,2,so,9.220856,6.409664,5.077515
bass_1,s03,12,141,11,7,uro,7.420873,6.916509,4.378067
bass_1,s03,13,142,12,5,basi,8.351083,6.539481,4.441234
bass_1,s03,13,142,12,3,eye,7.907221,8.133713,5.711266
bass_1,s03,13,142,12,1,lj,6.42257,7.237208,4.29371
bass_1,s03,13,142,12,6,p2,11.835823406416342,6.401244081625297,5.5516881779324185
bass_1,s03,13,142,12,4,pm,6.589623,7.676018,4.355371
bass_1,s03,13,142,12,8,quad,8.32098887578918,6.620505062562556,4.861735510589034
bass_1,s03,13,142,12,2,so,9.113816,6.379486,5.05755
bass_1,s03,13,142,12,7,uro,7.317151,6.876645,4.35358
bass_1,s03,14,143,13,5,basi,8.263683,6.509004,4.418839
bass_1,s03,14,143,13,3,eye,7.802359,8.114791,5.691741
bass_1,s03,14,143,13,1,lj,6.315642,7.229195,4.264637
bass_1,s03,14,143,13,6,p2,11.744776235988692,6.374188030444643,5.5140088633425535
bass_1,s03,14,143,13,4,pm,6.512064,7.66375,4.319299
bass_1,s03,14,143,13,8,quad,8.308062115353032,6.562071237961659,4.833247988665141
bass_1,s03,14,143,13,2,so,9.044704,6.347227,5.047099
bass_1,s03,14,143,13,7,uro,7.207994,6.86533,4.318918
bass_1,s03,15,144,14,5,basi,8.176225,6.472148,4.375327
bass_1,s03,15,144,14,3,eye,7.69769,8.085487,5.654091
bass_1,s03,15,144,14,1,lj,6.226624,7.175905,4.227242
bass_1,s03,15,144,14,6,p2,11.651547901637608,6.346360739911375,5.472217716531366
bass_1,s03,15,144,14,4,pm,6.389842,7.629189,4.292132
bass_1,s03,15,144,14,8,quad,8.170035639129066,6.5422833028045995,4.792338125302135
bass_1,s03,15,144,14,2,so,8.930612,6.327884,4.997235
bass_1,s03,15,144,14,7,uro,7.124677,6.815399,4.304589
bass_1,s03,16,145,15,5,basi,8.079309,6.442358,4.347847
bass_1,s03,16,145,15,3,eye,7.607446,8.077621,5.635088
bass_1,s03,16,145,15,1,lj,6.115629,7.157204,4.179756
bass_1,s03,16,145,15,6,p2,11.556767645179304,6.315479290032149,5.43142649611017
bass_1,s03,16,145,15,4,pm,6.314714,7.616703,4.256083
bass_1,s03,16,145,15,8,quad,8.08455201785864,6.521011120596632,4.7652267961962025
bass_1,s03,16,145,15,2,so,8.827011,6.295906,4.966561
bass_1,s03,16,145,15,7,uro,7.018425,6.771067,4.270865
bass_1,s03,17,146,16,5,basi,7.9777,6.398009,4.320463
bass_1,s03,17,146,16,3,eye,7.493784,8.036698,5.59696
bass_1,s03,17,146,16,1,lj,6.013189,7.104793,4.123945
bass_1,s03,17,146,16,6,p2,11.459847841003205,6.284970371924193,5.390928081448535
bass_1,s03,17,146,16,4,pm,6.2322,7.605111,4.202412
bass_1,s03,17,146,16,8,quad,7.9983609442789465,6.508664080415782,4.697950497181766
bass_1,s03,17,146,16,2,so,8.739422,6.285221,4.97459
bass_1,s03,17,146,16,7,uro,6.924092,6.750637,4.227584
bass_1,s03,18,147,17,5,basi,7.904961,6.36775,4.298873
bass_1,s03,18,147,17,3,eye,7.403926,8.007931,5.541828
bass_1,s03,18,147,17,1,lj,5.902521,7.028862,4.105922
bass_1,s03,18,147,17,6,p2,11.36191833967505,6.253787710356563,5.345683971263529
bass_1,s03,18,147,17,4,pm,6.125958,7.561904,4.184467
bass_1,s03,18,147,17,8,quad,7.879328996309472,6.4360039609631,4.732251994921808
bass_1,s03,18,147,17,2,so,8.624306,6.24319,4.925027
bass_1,s03,18,147,17,7,uro,6.804941,6.720762,4.193641
bass_1,s03,19,148,18,5,basi,7.798353,6.330874,4.249906
bass_1,s03,19,148,18,3,eye,7.325202,7.998117,5.540478
bass_1,s03,19,148,18,1,lj,5.794062,6.975334,4.087469
bass_1,s03,19,148,18,6,p2,11.263491554336978,6.221963598862492,5.3003504127922785
bass_1,s03,19,148,18,4,pm,6.021271,7.565408,4.147944
bass_1,s03,19,148,18,8,quad,7.7296685892102195,6.4286304030367,4.661852359560399
bass_1,s03,19,148,18,2,so,8.5106,6.211296,4.894366
bass_1,s03,19,148,18,7,uro,6.719835,6.666231,4.15572
bass_1,s03,20,149,19,5,basi,7.680257,6.308835,4.217036
bass_1,s03,20,149,19,3,eye,7.216453,7.979224,5.511897
bass_1,s03,20,149,19,1,lj,5.698149,6.921305,4.078482
bass_1,s03,20,149,19,6,p2,11.16424005771399,6.189619927692694,5.256278656529503
bass_1,s03,20,149,19,4,pm,5.917978,7.568234,4.129006
bass_1,s03,20,149,19,8,quad,7.704167375122893,6.420807010911181,4.630462505954567
bass_1,s03,20,149,19,2,so,8.453265,6.190266,4.864831
bass_1,s03,20,149,19,7,uro,6.602745,6.579382,4.1185600000000004
bass_1,s03,21,150,20,5,basi,7.589988,6.281075,4.17318
bass_1,s03,21,150,20,3,eye,7.105928,7.948611,5.501413
bass_1,s03,21,150,20,1,lj,5.571859,6.857677,4.023158
bass_1,s03,21,150,20,6,p2,11.065708140923334,6.156985257665929,5.212489925129009
bass_1,s03,21,150,20,4,pm,5.799869,7.618143,4.09119
bass_1,s03,21,150,20,8,quad,7.575763552476561,6.367329230106759,4.62626638394149
bass_1,s03,21,150,20,2,so,8.337016,6.170897,4.844696
bass_1,s03,21,150,20,7,uro,6.493411,6.516058,4.066762
bass_1,s03,22,151,21,5,basi,7.460522,6.250615,4.129767
bass_1,s03,22,151,21,3,eye,7.011709,7.940767,5.473284
bass_1,s03,22,151,21,1,lj,5.440664,6.748131,4.006168
bass_1,s03,22,151,21,6,p2,10.965289389206164,6.1264733506835505,5.164658745675433
bass_1,s03,22,151,21,4,pm,5.693765,7.644569,4.062833
bass_1,s03,22,151,21,8,quad,7.445068136481532,6.268259701545599,4.622351510223443
bass_1,s03,22,151,21,2,so,8.211191,6.139462,4.833722
bass_1,s03,22,151,21,7,uro,6.392648,6.447305,4.048552
bass_1,s03,23,152,22,5,basi,7.335128,6.209015,4.086716
bass_1,s03,23,152,22,3,eye,6.913082,7.92198,5.435972
bass_1,s03,23,152,22,1,lj,5.347045,6.700324,3.886648
bass_1,s03,23,152,22,6,p2,10.867123110313196,6.095803110387404,5.1194247818762095
bass_1,s03,23,152,22,4,pm,5.596754,7.656016,4.017313
bass_1,s03,23,152,22,8,quad,7.270107847032054,6.259938706014728,4.547333177613597
bass_1,s03,23,152,22,2,so,8.040749,6.119774,4.812075
bass_1,s03,23,152,22,7,uro,6.332382,6.380986,4.011928
bass_1,s03,24,153,23,5,basi,7.187995,6.17077,4.054062
bass_1,s03,24,153,23,3,eye,6.804893,7.903734,5.389611
bass_1,s03,24,153,23,1,lj,5.288776,6.621483,3.896996
bass_1,s03,24,153,23,6,p2,10.768949827075929,6.065814865541322,5.073736103656744
bass_1,s03,24,153,23,4,pm,5.491442,7.66027,3.963077
bass_1,s03,24,153,23,8,quad,7.138905079085022,6.209063465990225,4.480874036377658
bass_1,s03,24,153,23,2,so,7.879645,6.089537,4.762206
bass_1,s03,24,153,23,7,uro,6.175385,6.347163,3.940513
bass_1,s03,25,154,24,5,basi,7.027535,6.126469,3.994762
bass_1,s03,25,154,24,3,eye,6.700912,7.906868,5.370398
bass_1,s03,25,154,24,1,lj,5.147039,6.499161,3.801574
bass_1,s03,25,154,24,6,p2,10.67383431578203,6.037231937728789,5.030498456532523
bass_1,s03,25,154,24,4,pm,5.369386,7.688073,3.908009
bass_1,s03,25,154,24,8,quad,7.078268305063686,6.228902345207578,4.492321944801194
bass_1,s03,25,154,24,2,so,7.800703,6.080358,4.742345
bass_1,s03,25,154,24,7,uro,6.051854,6.269934,3.894387
bass_1,s03,26,155,25,5,basi,6.929823,6.08719,3.957582
bass_1,s03,26,155,25,3,eye,6.603787,7.932147,5.351167
bass_1,s03,26,155,25,1,lj,5.008912,6.422827,3.753355
bass_1,s03,26,155,25,6,p2,10.579827437913108,6.009411804938592,4.987257808444054
bass_1,s03,26,155,25,4,pm,5.236967,7.740579,3.816692
bass_1,s03,26,155,25,8,quad,6.956785605176635,6.151104153715506,4.427094864634538
bass_1,s03,26,155,25,2,so,7.701041,6.047915,4.750951
bass_1,s03,26,155,25,7,uro,5.910802,6.197271,3.838774
bass_1,s03,27,156,26,5,basi,6.810109,6.051271,3.919981
bass_1,s03,27,156,26,3,eye,6.518935,7.912341,5.332152
bass_1,s03,27,156,26,1,lj,4.900285,6.290559,3.659493
bass_1,s03,27,156,26,6,p2,10.487445580649618,5.983806381012167,4.944475076974812
bass_1,s03,27,156,26,4,pm,5.137208,7.744287,3.771283
bass_1,s03,27,156,26,8,quad,6.800262139823364,6.124843589037801,4.49124196758896
bass_1,s03,27,156,26,2,so,7.564903,6.050867,4.749466
bass_1,s03,27,156,26,7,uro,5.811524,6.127577,3.811798
bass_1,s03,28,157,27,5,basi,6.657987,6.019253,3.882074
bass_1,s03,28,157,27,3,eye,6.401097,7.916469,5.294803
bass_1,s03,28,157,27,1,lj,4.770143,6.213306,3.624009
bass_1,s03,28,157,27,6,p2,10.397155695631238,5.95858054128654,4.9033855647913835
bass_1,s03,28,157,27,4,pm,5.013996,7.819491,3.705848
bass_1,s03,28,157,27,8,quad,6.724047187242,6.085031901520367,4.432079965346062
bass_1,s03,28,157,27,2,so,7.45344,6.053483,4.758113
bass_1,s03,28,157,27,7,uro,5.682422,6.075748,3.737375
bass_1,s03,29,158,28,5,basi,6.567431,5.963578,3.829086
bass_1,s03,29,158,28,3,eye,6.280393,7.919318,5.2934
bass_1,s03,29,158,28,1,lj,4.649791,6.137272,3.540954
bass_1,s03,29,158,28,6,p2,10.308725921200004,5.9347899704918055,4.863464711228392
bass_1,s03,29,158,28,4,pm,4.849008,7.849882,3.623684
bass_1,s03,29,158,28,8,quad,6.644021883000097,6.063153514503452,4.4270455157295485
bass_1,s03,29,158,28,2,so,7.357783,6.042977,4.756299
bass_1,s03,29,158,28,7,uro,5.597365,6.01821,3.715072
bass_1,s03,30,159,29,5,basi,6.37343,5.916137,3.793187
bass_1,s03,30,159,29,3,eye,6.186629,7.910048,5.292116
bass_1,s03,30,159,29,1,lj,4.559799,6.083077,3.494029
bass_1,s03,30,159,29,6,p2,10.2229052286443,5.9122287308808765,4.82460617213156
bass_1,s03,30,159,29,4,pm,4.657585,7.848023,3.55951
bass_1,s03,30,159,29,8,quad,6.480807716350951,6.0459653128992,4.432418805222765
bass_1,s03,30,159,29,2,so,7.234966,6.022808,4.784195
bass_1,s03,30,159,29,7,uro,5.462864,5.953503,3.655415
bass_1,s03,31,160,30,5,basi,6.146544,5.878874,3.74958
bass_1,s03,31,160,30,3,eye,6.062595,7.912807,5.290529
bass_1,s03,31,160,30,1,lj,4.474179,6.005467,3.484245
bass_1,s03,31,160,30,6,p2,10.137741507609729,5.8899608563157155,4.787599580297636
bass_1,s03,31,160,30,4,pm,4.531318,7.851629,3.540444
bass_1,s03,31,160,30,8,quad,6.400562341530839,6.013169892434779,4.435169409877882
bass_1,s03,31,160,30,2,so,7.128135,6.001012,4.811265
bass_1,s03,31,160,30,7,uro,5.364762,5.896093,3.628533
bass_1,s03,32,161,31,5,basi,6.026656,5.79445,3.730033
bass_1,s03,32,161,31,3,eye,5.984376,7.91492,5.280555
bass_1,s03,32,161,31,1,lj,4.33175,5.928303,3.461499
bass_1,s03,32,161,31,6,p2,10.05362979623918,5.868659633734064,4.750914050628992
bass_1,s03,32,161,31,4,pm,4.410397,7.85533,3.521551
bass_1,s03,32,161,31,8,quad,6.25027038016964,5.965826815385668,4.497529044646144
bass_1,s03,32,161,31,2,so,6.966051,5.992438,4.847774
bass_1,s03,32,161,31,7,uro,5.205963,5.848209,3.596058
bass_1,s03,33,162,32,5,basi,5.999121,5.693811,3.712079
bass_1,s03,33,162,32,3,eye,5.873895,7.907226,5.252335
bass_1,s03,33,162,32,1,lj,4.210597,5.89674,3.461608
bass_1,s03,33,162,32,6,p2,9.97064633558802,5.847613891200048,4.7154412027822215
bass_1,s03,33,162,32,4,pm,4.303279,7.833509,3.521288
bass_1,s03,33,162,32,8,quad,6.152317557299918,5.95530435401668,4.475879746371012
bass_1,s03,33,162,32,2,so,6.827987,5.972733,4.856144
bass_1,s03,33,162,32,7,uro,5.094186,5.816523,3.57291
bass_1,s03,34,163,33,5,basi,5.916967,5.623063,3.678694
bass_1,s03,34,163,33,3,eye,5.786342,7.910737,5.215451
bass_1,s03,34,163,33,1,lj,4.103019,5.852714,3.461911
bass_1,s03,34,163,33,6,p2,9.88856875859473,5.826742244049364,4.680958637377109
bass_1,s03,34,163,33,4,pm,4.174642,7.825792,3.520135
bass_1,s03,34,163,33,8,quad,6.000236126502668,5.906365686170987,4.476260999106547
bass_1,s03,34,163,33,2,so,6.737734,5.951629,4.884079
bass_1,s03,34,163,33,7,uro,5.002954,5.805728,3.558531
bass_1,s03,35,164,34,5,basi,5.842226,5.581034,3.651395
bass_1,s03,35,164,34,3,eye,5.68255,7.878771,5.223047
bass_1,s03,35,164,34,1,lj,4.00435,5.889041,3.447551
bass_1,s03,35,164,34,6,p2,9.80678496748853,5.806087782113924,4.648067432360782
bass_1,s03,35,164,34,4,pm,4.045863,7.828449,3.518587
bass_1,s03,35,164,34,8,quad,5.8824267777741746,5.9146928570710715,4.489974689514567
bass_1,s03,35,164,34,2,so,6.647836,5.952515,4.911247
bass_1,s03,35,164,34,7,uro,4.915453,5.786027,3.553654
bass_1,s03,36,165,35,5,basi,5.817467,5.509216,3.667604
bass_1,s03,36,165,35,3,eye,5.572436,7.880445,5.239512
bass_1,s03,36,165,35,1,lj,3.86347,5.903035,3.445449
bass_1,s03,36,165,35,6,p2,9.72479476075118,5.785109963383379,4.615888096868913
bass_1,s03,36,165,35,4,pm,3.921995,7.789507,3.509681
bass_1,s03,36,165,35,8,quad,5.833020264536553,5.921143899417989,4.55813347716331
bass_1,s03,36,165,35,2,so,6.514642,5.944001,4.919541
bass_1,s03,36,165,35,7,uro,4.871044,5.729681,3.559113
bass_1,s03,37,166,36,5,basi,5.742519,5.467183,3.661314
bass_1,s03,37,166,36,3,eye,5.452866,7.838164,5.228978
bass_1,s03,37,166,36,1,lj,3.763887,5.962001,3.454145
bass_1,s03,37,166,36,6,p2,9.64257081457484,5.763862740583292,4.584130275928922
bass_1,s03,37,166,36,4,pm,3.846803,7.728301,3.51987
bass_1,s03,37,166,36,8,quad,5.573540245851147,5.885005199376649,4.54811047146427
bass_1,s03,37,166,36,2,so,6.358547,5.901283,4.946485
bass_1,s03,37,166,36,7,uro,4.765341,5.685695,3.580409
bass_1,s03,38,167,37,5,basi,5.633051,5.432781,3.619572
bass_1,s03,38,167,37,3,eye,5.398324,7.816399,5.23718
bass_1,s03,38,167,37,1,lj,3.642312,6.055626,3.521773
bass_1,s03,38,167,37,6,p2,9.561584245886792,5.742924732721939,4.552518294793456
bass_1,s03,38,167,37,4,pm,3.738249,7.667392,3.53838
bass_1,s03,38,167,37,8,quad,5.566163522408135,5.893817344800432,4.571112274216403
bass_1,s03,38,167,37,2,so,6.295473,5.868157,4.972479
bass_1,s03,38,167,37,7,uro,4.672251,5.666416,3.580215
bass_1,s03,39,168,38,5,basi,5.519121,5.420729,3.604953
bass_1,s03,39,168,38,3,eye,5.298406,7.77323,5.235782
bass_1,s03,39,168,38,1,lj,3.532738,6.146587,3.528049
bass_1,s03,39,168,38,6,p2,9.480479418586324,5.72083038404512,4.521967294664444
bass_1,s03,39,168,38,4,pm,3.678655,7.581941,3.610964
bass_1,s03,39,168,38,8,quad,5.496659318846011,5.878164193423495,4.566195577448915
bass_1,s03,39,168,38,2,so,6.199546,5.835929,4.962761
bass_1,s03,39,168,38,7,uro,4.605271,5.670086,3.584285
bass_1,s03,40,169,39,5,basi,5.394255,5.422911,3.568747
bass_1,s03,40,169,39,3,eye,5.220575,7.730916,5.208115
bass_1,s03,40,169,39,1,lj,3.4888150000000002,6.239195,3.573123
bass_1,s03,40,169,39,6,p2,9.39945174357986,5.699483422118338,4.491121817668535
bass_1,s03,40,169,39,4,pm,3.61577,7.519115,3.656011
bass_1,s03,40,169,39,8,quad,5.324704576124794,5.946921376248429,4.606213024027106
bass_1,s03,40,169,39,2,so,6.082364,5.792974,4.944548
bass_1,s03,40,169,39,7,uro,4.494793,5.688838,3.598209
bass_1,s03,41,170,40,5,basi,5.324426,5.438634,3.616014
bass_1,s03,41,170,40,3,eye,5.146795,7.69868,5.2072
bass_1,s03,41,170,40,1,lj,3.40034,6.388327,3.652042
bass_1,s03,41,170,40,6,p2,9.319628215510091,5.677246424688615,4.461323003487383
bass_1,s03,41,170,40,4,pm,3.57736,7.442232,3.701759
bass_1,s03,41,170,40,8,quad,5.291459195702924,5.958081590516443,4.554684404555508
bass_1,s03,41,170,40,2,so,6.024663,5.760038,4.943936
bass_1,s03,41,170,40,7,uro,4.35452,5.731066,3.698757
bass_1,s03,42,171,41,5,basi,5.215268,5.455327,3.656004
bass_1,s03,42,171,41,3,eye,5.091881,7.666446,5.188628
bass_1,s03,42,171,41,1,lj,3.325229,6.465636,3.732358
bass_1,s03,42,171,41,6,p2,9.24154178865793,5.65537895026902,4.4306531655682795
bass_1,s03,42,171,41,4,pm,3.549868,7.359897,3.739617
bass_1,s03,42,171,41,8,quad,5.230364819666531,5.874521695982103,4.614041887093514
bass_1,s03,42,171,41,2,so,5.952371,5.7161,4.934741
bass_1,s03,42,171,41,7,uro,4.255946,5.789794,3.711508
bass_1,s03,43,172,42,5,basi,5.066599,5.48719,3.695065
bass_1,s03,43,172,42,3,eye,5.041364,7.610942,5.178928
bass_1,s03,43,172,42,1,lj,3.300955,6.547667,3.718253
bass_1,s03,43,172,42,6,p2,9.165571709651926,5.633618180861507,4.40042456858811
bass_1,s03,43,172,42,4,pm,3.502703,7.318266,3.792951
bass_1,s03,43,172,42,8,quad,5.156692633068171,5.906420887234077,4.59320147792599
bass_1,s03,43,172,42,2,so,5.884253,5.672032,4.9426
bass_1,s03,43,172,42,7,uro,4.162909,5.872699,3.749756
bass_1,s03,44,173,43,5,basi,4.957802,5.525592,3.699598
bass_1,s03,44,173,43,3,eye,4.992391,7.588855,5.196101
bass_1,s03,44,173,43,1,lj,3.289635,6.627304,3.752471
bass_1,s03,44,173,43,6,p2,9.092355949689637,5.611834407469267,4.370011871006441
bass_1,s03,44,173,43,4,pm,3.477563,7.254115,3.837444
bass_1,s03,44,173,43,8,quad,5.144809434952926,5.929471601633454,4.604391223930624
bass_1,s03,44,173,43,2,so,5.825746,5.639158,4.916646
bass_1,s03,44,173,43,7,uro,4.077053,5.906607,3.763411
bass_1,s03,45,174,44,5,basi,4.878379,5.540884,3.718801
bass_1,s03,45,174,44,3,eye,4.932151,7.533226,5.195128
bass_1,s03,45,174,44,1,lj,3.270858,6.662508,3.788653
bass_1,s03,45,174,44,6,p2,9.022334337170603,5.590452881867882,4.339959643015239
bass_1,s03,45,174,44,4,pm,3.443953,7.213504,3.864794
bass_1,s03,45,174,44,8,quad,5.078932392425357,5.923730474298737,4.584889865650914
bass_1,s03,45,174,44,2,so,5.791978,5.594454,4.899561
bass_1,s03,45,174,44,7,uro,4.013216,5.931516,3.787825
bass_1,s03,46,175,45,5,basi,4.818721,5.563832,3.738347
bass_1,s03,46,175,45,3,eye,4.893504,7.489217,5.185824
bass_1,s03,46,175,45,1,lj,3.222946,6.717743,3.834512
bass_1,s03,46,175,45,6,p2,8.956073500705198,5.5692278919738145,4.310189717404066
bass_1,s03,46,175,45,4,pm,3.410949,7.151335,3.901027
bass_1,s03,46,175,45,8,quad,5.0573481997078416,5.883073165294828,4.640420048091361
bass_1,s03,46,175,45,2,so,5.758661,5.54976,4.899414
bass_1,s03,46,175,45,7,uro,3.942752,5.981209,3.795957
bass_1,s03,47,176,46,5,basi,4.742065,5.594463,3.757547
bass_1,s03,47,176,46,3,eye,4.878544,7.443852,5.194395
bass_1,s03,47,176,46,1,lj,3.207885,6.77501,3.8700040000000002
bass_1,s03,47,176,46,6,p2,8.893876401992877,5.548614145019542,4.280040765092589
bass_1,s03,47,176,46,4,pm,3.375064,7.103761,3.919498
bass_1,s03,47,176,46,8,quad,5.015643518408163,5.845286152017269,4.6131664320424965
bass_1,s03,47,176,46,2,so,5.739229,5.493435,4.899523
bass_1,s03,47,176,46,7,uro,3.859553,6.02242,3.814386
bass_1,s03,48,177,47,5,basi,4.680025,5.595317,3.749699
bass_1,s03,48,177,47,3,eye,4.84607,7.434086,5.185433
bass_1,s03,48,177,47,1,lj,3.188516,6.782994,3.906682
bass_1,s03,48,177,47,6,p2,8.835981099433024,5.528509056784654,4.250375931103109
bass_1,s03,48,177,47,4,pm,3.3337310000000002,7.061658,3.954467
bass_1,s03,48,177,47,8,quad,4.973848669036296,5.8097617678319535,4.646404624195396
bass_1,s03,48,177,47,2,so,5.689225,5.471545,4.907454
bass_1,s03,48,177,47,7,uro,3.810524,6.096352,3.832869
bass_1,s03,49,178,48,5,basi,4.651522,5.624798,3.748408
bass_1,s03,49,178,48,3,eye,4.805568,7.377921,5.184664
bass_1,s03,49,178,48,1,lj,3.166273,6.753795,3.932404
bass_1,s03,49,178,48,6,p2,8.782619265422365,5.50858044154553,4.221297431382225
bass_1,s03,49,178,48,4,pm,3.308009,7.034581,3.963634
bass_1,s03,49,178,48,8,quad,4.921038631882443,5.827842888765826,4.611618880816369
bass_1,s03,49,178,48,2,so,5.647019,5.4383609999999996,4.881854
bass_1,s03,49,178,48,7,uro,3.771566,6.137264,3.846945
bass_1,s03,50,179,49,5,basi,4.601563,5.661901,3.760611
bass_1,s03,50,179,49,3,eye,4.800536,7.332605,5.184507
bass_1,s03,50,179,49,1,lj,3.148614,6.712981,3.957577
bass_1,s03,50,179,49,6,p2,8.73356932576504,5.488807753670326,4.192955856600997
bass_1,s03,50,179,49,4,pm,3.306848,6.979538,3.982594
bass_1,s03,50,179,49,8,quad,4.951845318466679,5.776795807082833,4.5892140890064885
bass_1,s03,50,179,49,2,so,5.646914,5.381427,4.83175
bass_1,s03,50,179,49,7,uro,3.727082,6.146327,3.851528
bass_1,s03,51,180,50,5,basi,4.559029,5.669949,3.76688
bass_1,s03,51,180,50,3,eye,4.77696,7.310998,5.175521
bass_1,s03,51,180,50,1,lj,3.086089,6.672175,3.956908
bass_1,s03,51,180,50,6,p2,8.68901661516114,5.468935491815258,4.165492284862818
bass_1,s03,51,180,50,4,pm,3.270344,6.959528,4.000168
bass_1,s03,51,180,50,8,quad,4.891985332828017,5.704281959188038,4.561259321799358
bass_1,s03,51,180,50,2,so,5.64203,5.335979,4.806839
bass_1,s03,51,180,50,7,uro,3.698712,6.138864,3.867278
bass_1,s03,52,181,51,5,basi,4.5364,5.670793,3.773811
bass_1,s03,52,181,51,3,eye,4.744669,7.267001,5.175431
bass_1,s03,52,181,51,1,lj,3.057665,6.613678,3.934214
bass_1,s03,52,181,51,6,p2,8.648520876791599,5.449797080801382,4.138958995537614
bass_1,s03,52,181,51,4,pm,3.242507,6.918296,4.009347
bass_1,s03,52,181,51,8,quad,4.9044227745411195,5.681272228081088,4.584579472880568
bass_1,s03,52,181,51,2,so,5.62447,5.32512,4.79835
bass_1,s03,52,181,51,7,uro,3.657749,6.140797,3.872673
bass_1,s03,53,182,52,5,basi,4.499493,5.649479,3.808918
bass_1,s03,53,182,52,3,eye,4.713886,7.221616,5.183544
bass_1,s03,53,182,52,1,lj,3.021447,6.572987,3.946587
bass_1,s03,53,182,52,6,p2,8.611778219296802,5.430082154693316,4.113551757533576
bass_1,s03,53,182,52,4,pm,3.211775,6.885032,4.018845
bass_1,s03,53,182,52,8,quad,4.877500381950877,5.648086519678369,4.540432700108522
bass_1,s03,53,182,52,2,so,5.609668,5.302427,4.764773
bass_1,s03,53,182,52,7,uro,3.639565,6.108944,3.868135
bass_1,s03,54,183,53,5,basi,4.499411,5.649464,3.815906
bass_1,s03,54,183,53,3,eye,4.690171,7.222664,5.17461
bass_1,s03,54,183,53,1,lj,3.000494,6.523109,3.947714
bass_1,s03,54,183,53,6,p2,8.578553284430603,5.409987426678331,4.089518885719711
bass_1,s03,54,183,53,4,pm,3.185933,6.864671,4.036399
bass_1,s03,54,183,53,8,quad,4.874088169598211,5.621618093160272,4.569722197976215
bass_1,s03,54,183,53,2,so,5.609458,5.256969,4.7652
bass_1,s03,54,183,53,7,uro,3.60144,6.108904,3.87781
bass_1,s03,55,184,54,5,basi,4.490564,5.663762,3.829195
bass_1,s03,55,184,54,3,eye,4.655071,7.189118,5.173976
bass_1,s03,55,184,54,1,lj,2.974868,6.493122,3.984952
bass_1,s03,55,184,54,6,p2,8.548687474714947,5.390090568419597,4.066347410735346
bass_1,s03,55,184,54,4,pm,3.163697,6.815806,4.054125
bass_1,s03,55,184,54,8,quad,4.860386782869471,5.643388469630827,4.572755578450748
bass_1,s03,55,184,54,2,so,5.604953,5.25685,4.731616
bass_1,s03,55,184,54,7,uro,3.566335,6.117032,3.882114
bass_1,s03,56,185,55,5,basi,4.487666,5.678428,3.821779
bass_1,s03,56,185,55,3,eye,4.645564,7.166722,5.173874
bass_1,s03,56,185,55,1,lj,2.937403,6.484041,3.984897
bass_1,s03,56,185,55,6,p2,8.521746064287052,5.3691475374009805,4.044864583127095
bass_1,s03,56,185,55,4,pm,3.137727,6.80252,4.062832
bass_1,s03,56,185,55,8,quad,4.813417775851596,5.534781667979179,4.534016995879198
bass_1,s03,56,185,55,2,so,5.592025,5.234383,4.706604
bass_1,s03,56,185,55,7,uro,3.541946,6.068079,3.914226
bass_1,s03,57,186,56,5,basi,4.487325,5.692838,3.835311
bass_1,s03,57,186,56,3,eye,4.621043,7.144549,5.17353
bass_1,s03,57,186,56,1,lj,2.930493,6.454058,4.034772
bass_1,s03,57,186,56,6,p2,8.497184563696118,5.348059921955035,4.024264885729385
bass_1,s03,57,186,56,4,pm,3.128144,6.768116,4.089556
bass_1,s03,57,186,56,8,quad,4.845855626075814,5.609535121414701,4.554507125694426
bass_1,s03,57,186,56,2,so,5.56743,5.212218,4.73165
bass_1,s03,57,186,56,7,uro,3.523162,6.0512,3.929657
bass_1,s03,58,187,57,5,basi,4.510216,5.678248,3.829163
bass_1,s03,58,187,57,3,eye,4.59989,7.144649,5.164172
bass_1,s03,58,187,57,1,lj,2.917481,6.403513,4.023297
bass_1,s03,58,187,57,6,p2,8.475233721855512,5.32639805740635,4.004925548283288
bass_1,s03,58,187,57,4,pm,3.109808,6.761197,4.11543
bass_1,s03,58,187,57,8,quad,4.805035093880642,5.4791044473233566,4.527444745891081
bass_1,s03,58,187,57,2,so,5.538024,5.178644,4.739981
bass_1,s03,58,187,57,7,uro,3.511166,6.019175,3.967153
bass_1,s03,59,188,58,5,basi,4.498376,5.649279,3.780819
bass_1,s03,59,188,58,3,eye,4.580923,7.111422,5.155217
bass_1,s03,59,188,58,1,lj,2.906806,6.374701,4.03681
bass_1,s03,59,188,58,6,p2,8.455051683143354,5.304407619379453,3.986423894273436
bass_1,s03,59,188,58,4,pm,3.079447,6.73468,4.076884
bass_1,s03,59,188,58,8,quad,4.76784376608141,5.470989019600838,4.486125291749317
bass_1,s03,59,188,58,2,so,5.528505,5.155708,4.698279
bass_1,s03,59,188,58,7,uro,3.514268,6.019531,3.988421
bass_1,s03,60,189,59,5,basi,4.502558,5.627603,3.80958
bass_1,s03,60,189,59,3,eye,4.562668,7.089616,5.155234
bass_1,s03,60,189,59,1,lj,2.878119,6.325343,4.074606
bass_1,s03,60,189,59,6,p2,8.436953170820136,5.281666843980117,3.968602280620068
bass_1,s03,60,189,59,4,pm,3.04464,6.699901,4.092133
bass_1,s03,60,189,59,8,quad,4.757135083252742,5.500135672134562,4.524004734645708
bass_1,s03,60,189,59,2,so,5.523399,5.144373,4.698327
bass_1,s03,60,189,59,7,uro,3.493589,5.963047,3.989349
bass_1,s03,61,190,60,5,basi,4.500186,5.591675,3.810777
bass_1,s03,61,190,60,3,eye,4.558391,7.078586,5.155295
bass_1,s03,61,190,60,1,lj,2.827266,6.294837,4.037282
bass_1,s03,61,190,60,6,p2,8.420662644144736,5.258382784468185,3.952484329158479
bass_1,s03,61,190,60,4,pm,3.037348,6.680345,4.092984
bass_1,s03,61,190,60,8,quad,4.779473925044229,5.444571804421735,4.576883975344578
bass_1,s03,61,190,60,2,so,5.523324,5.121621,4.698578
bass_1,s03,61,190,60,7,uro,3.49171,5.924211,3.985818
bass_1,s03,62,191,61,5,basi,4.492033,5.577117,3.797061
bass_1,s03,62,191,61,3,eye,4.538444,7.044775,5.154905
bass_1,s03,62,191,61,1,lj,2.828357,6.264789,4.038109
bass_1,s03,62,191,61,6,p2,8.405617471013947,5.234789292280497,3.9364133156633248
bass_1,s03,62,191,61,4,pm,3.036302,6.652628,4.085732
bass_1,s03,62,191,61,8,quad,4.714848522412515,5.436627402980692,4.490359543482498
bass_1,s03,62,191,61,2,so,5.523287,5.110245,4.698704
bass_1,s03,62,191,61,7,uro,3.476501,5.899589,3.985867
bass_1,s03,63,192,62,5,basi,4.487883,5.562598,3.804388
bass_1,s03,63,192,62,3,eye,4.542836,7.044473,5.154848
bass_1,s03,63,192,62,1,lj,2.825519,6.235071,4.051224
bass_1,s03,63,192,62,6,p2,8.391949656834111,5.211476541463717,3.9208066787835487
bass_1,s03,63,192,62,4,pm,3.026957,6.651899,4.100586
bass_1,s03,63,192,62,8,quad,4.777559055342299,5.409316355351642,4.5283163167887714
bass_1,s03,63,192,62,2,so,5.523212,5.087495,4.698954
bass_1,s03,63,192,62,7,uro,3.471119,5.85913,4.00759
bass_1,s03,64,193,63,5,basi,4.488326,5.526474,3.805557
bass_1,s03,64,193,63,3,eye,4.534292,7.022422,5.154971
bass_1,s03,64,193,63,1,lj,2.807938,6.19617,4.052523
bass_1,s03,64,193,63,6,p2,8.379248142195532,5.1871686224900175,3.9054972252102593
bass_1,s03,64,193,63,4,pm,3.027324,6.637748,4.12384
bass_1,s03,64,193,63,8,quad,4.778128118477236,5.410570639857659,4.465244131575629
bass_1,s03,64,193,63,2,so,5.523175,5.07612,4.69908
bass_1,s03,64,193,63,7,uro,3.462401,5.836055,4.013775
bass_1,s03,65,194,64,5,basi,4.492919,5.497639,3.806606
bass_1,s03,65,194,64,3,eye,4.538902,7.011024,5.146176
bass_1,s03,65,194,64,1,lj,2.794611,6.154988,4.089137
bass_1,s03,65,194,64,6,p2,8.367739239951609,5.163318192570506,3.890326878261246
bass_1,s03,65,194,64,4,pm,3.027049,6.624614,4.139876
bass_1,s03,65,194,64,8,quad,4.756613309975317,5.360311656174893,4.554320909654532
bass_1,s03,65,194,64,2,so,5.523026,5.030623,4.699581
bass_1,s03,65,194,64,7,uro,3.45372,5.803597,4.024688
bass_1,s03,66,195,65,5,basi,4.488947,5.475905,3.807192
bass_1,s03,66,195,65,3,eye,4.523261,6.988222,5.145729
bass_1,s03,66,195,65,1,lj,2.784145,6.13528,4.077421
bass_1,s03,66,195,65,6,p2,8.357148780582321,5.139641320260579,3.8759582582281538
bass_1,s03,66,195,65,4,pm,3.027506,6.61095,4.140214
bass_1,s03,66,195,65,8,quad,4.71855841935045,5.3057409421557695,4.574582888161174
bass_1,s03,66,195,65,2,so,5.518532,5.008026,4.699795
bass_1,s03,66,195,65,7,uro,3.442009,5.771536,4.02529
bass_1,s03,67,196,66,5,basi,4.488966,5.454262,3.828757
bass_1,s03,67,196,66,3,eye,4.51909,6.977425,5.137061
bass_1,s03,67,196,66,1,lj,2.751598,6.105861,4.065646
bass_1,s03,67,196,66,6,p2,8.347208284733785,5.116269930845069,3.861219291425301
bass_1,s03,67,196,66,4,pm,3.013609,6.590691,4.140515
bass_1,s03,67,196,66,8,quad,4.730894654099563,5.276781427210617,4.522783574228355
bass_1,s03,67,196,66,2,so,5.509545,4.962833,4.700229
bass_1,s03,67,196,66,7,uro,3.430235,5.748016,4.010317
bass_1,s03,68,197,67,5,basi,4.504729,5.432587,3.829756
bass_1,s03,68,197,67,3,eye,4.519339,6.954766,5.137077
bass_1,s03,68,197,67,1,lj,2.759309,6.096207,4.06628
bass_1,s03,68,197,67,6,p2,8.338165482495146,5.093637155577208,3.8467237324593295
bass_1,s03,68,197,67,4,pm,3.001252,6.564979,4.141749
bass_1,s03,68,197,67,8,quad,4.712424675260164,5.321321351385771,4.519273711716829
bass_1,s03,68,197,67,2,so,5.509508,4.951461,4.700354
bass_1,s03,68,197,67,7,uro,3.424889,5.715773,4.000573
bass_1,s03,69,198,68,5,basi,4.504993,5.403723,3.837622
bass_1,s03,69,198,68,3,eye,4.494014,6.943751,5.127804
bass_1,s03,69,198,68,1,lj,2.750742,6.026445,4.055968
bass_1,s03,69,198,68,6,p2,8.329389029618785,5.071322645130652,3.8326932049756257
bass_1,s03,69,198,68,4,pm,2.985162,6.551033,4.141558
bass_1,s03,69,198,68,8,quad,4.76226033017905,5.237229647778363,4.528724272301904
bass_1,s03,69,198,68,2,so,5.479294,4.917476,4.691952
bass_1,s03,69,198,68,7,uro,3.412294,5.715309,3.994867
bass_1,s03,70,199,69,5,basi,4.50806,5.374671,3.845443
bass_1,s03,70,199,69,3,eye,4.505263,6.910511,5.101996
bass_1,s03,70,199,69,1,lj,2.751525,6.006552,4.044482
bass_1,s03,70,199,69,6,p2,8.321744924145234,5.050451593023642,3.818918767457845
bass_1,s03,70,199,69,4,pm,2.976629,6.530272,4.134021
bass_1,s03,70,199,69,8,quad,4.734985265041154,5.202028101130827,4.458155799112013
bass_1,s03,70,199,69,2,so,5.47985,4.917106,4.658736
bass_1,s03,70,199,69,7,uro,3.400434,5.691259,3.990077
bass_1,s03,71,200,70,5,basi,4.508405,5.345803,3.846352
bass_1,s03,71,200,70,3,eye,4.496724,6.888455,5.102154
bass_1,s03,71,200,70,1,lj,2.752687,5.984935,4.068344
bass_1,s03,71,200,70,6,p2,8.314636055561522,5.030717084127205,3.8056899905449098
bass_1,s03,71,200,70,4,pm,2.974674,6.510104,4.134645
bass_1,s03,71,200,70,8,quad,4.730354939447677,5.176949531566452,4.485372014111938
bass_1,s03,71,200,70,2,so,5.48004,4.882773,4.642556
bass_1,s03,71,200,70,7,uro,3.397973,5.667093,3.990632
bass_1,s03,72,201,71,5,basi,4.508665,5.324154,3.847034
bass_1,s03,72,201,71,3,eye,4.48111,6.87717,5.092997
bass_1,s03,72,201,71,1,lj,2.749171,5.975439,4.068807
bass_1,s03,72,201,71,6,p2,8.308138716976737,5.012227963013052,3.793584079452489
bass_1,s03,72,201,71,4,pm,2.975609,6.482779,4.135327
bass_1,s03,72,201,71,8,quad,4.683189810925265,5.16861187395723,4.444384192552552
bass_1,s03,72,201,71,2,so,5.480565,4.870995,4.609529
bass_1,s03,72,201,71,7,uro,3.394785,5.66695,3.995688
bass_1,s03,73,202,72,5,basi,4.511986,5.280662,3.848363
bass_1,s03,73,202,72,3,eye,4.477202,6.843674,5.084418
bass_1,s03,73,202,72,1,lj,2.763799,5.976147,4.069533
bass_1,s03,73,202,72,6,p2,8.302206684235689,4.995952023461021,3.782658677317473
bass_1,s03,73,202,72,4,pm,2.96617,6.4697,4.128077
bass_1,s03,73,202,72,8,quad,4.737230340325969,5.147781067963077,4.479564122182203
bass_1,s03,73,202,72,2,so,5.485983,4.859273,4.584894
bass_1,s03,73,202,72,7,uro,3.395283,5.650941,3.990959
bass_1,s03,74,203,73,5,basi,4.522231,5.258618,3.835244
bass_1,s03,74,203,73,3,eye,4.480855,6.831653,5.08416
bass_1,s03,74,203,73,1,lj,2.754095,5.936289,4.070449
bass_1,s03,74,203,73,6,p2,8.297266903622875,4.980957809519883,3.77221894997202
bass_1,s03,74,203,73,4,pm,2.970467,6.421554,4.129164
bass_1,s03,74,203,73,8,quad,4.694913889166651,5.126297805362993,4.393089538449335
bass_1,s03,74,203,73,2,so,5.48589,4.825094,4.585367
bass_1,s03,74,203,73,7,uro,3.3927,5.635289,3.981159
bass_1,s03,75,204,74,5,basi,4.539751,5.244213,3.794639
bass_1,s03,75,204,74,3,eye,4.472421,6.809801,5.075634
bass_1,s03,75,204,74,1,lj,2.754909,5.916486,4.046975
bass_1,s03,75,204,74,6,p2,8.292711686596522,4.967838393369149,3.7626176815589063
bass_1,s03,75,204,74,4,pm,2.954699,6.400891,4.121557
bass_1,s03,75,204,74,8,quad,4.743573914966361,5.064159098857345,4.385984504589991
bass_1,s03,75,204,74,2,so,5.485859,4.813701,4.585525
bass_1,s03,75,204,74,7,uro,3.393164,5.619261,3.98162
bass_1,s03,76,205,75,5,basi,4.557088,5.229156,3.767573
bass_1,s03,76,205,75,3,eye,4.472915,6.775975,5.06702
bass_1,s03,76,205,75,1,lj,2.741377,5.88557,4.071078
bass_1,s03,76,205,75,6,p2,8.28837335616995,4.9554058509447065,3.7540678490336465
bass_1,s03,76,205,75,4,pm,2.960721,6.379739,4.121849
bass_1,s03,76,205,75,8,quad,4.7103958505316745,5.080217317721927,4.4394121140189355
bass_1,s03,76,205,75,2,so,5.490364,4.790651,4.577602
bass_1,s03,76,205,75,7,uro,3.399831,5.611545,3.961401
bass_1,s03,77,206,76,5,basi,4.560462,5.178395,3.769231
bass_1,s03,77,206,76,3,eye,4.47735,6.76413,5.075667
bass_1,s03,77,206,76,1,lj,2.748298,5.895928,4.07117
bass_1,s03,77,206,76,6,p2,8.28484603621105,4.945128797489064,3.746626097114534
bass_1,s03,77,206,76,4,pm,2.958302,6.373237,4.122135
bass_1,s03,77,206,76,8,quad,4.717302837980721,5.080348618119626,4.481946099298711
bass_1,s03,77,206,76,2,so,5.494761,4.779102,4.577799
bass_1,s03,77,206,76,7,uro,3.403636,5.587608,3.967406
bass_1,s03,78,207,77,5,basi,4.560624,5.163949,3.769715
bass_1,s03,78,207,77,3,eye,4.468952,6.730739,5.075868
bass_1,s03,78,207,77,1,lj,2.754045,5.845332,4.08432
bass_1,s03,78,207,77,6,p2,8.282842772577574,4.939876336555442,3.742970529013226
bass_1,s03,78,207,77,4,pm,2.953699,6.353403,4.122883
bass_1,s03,78,207,77,8,quad,4.738140753801088,5.100553221714887,4.445996688624337
bass_1,s03,78,207,77,2,so,5.528865,4.77852,4.569986
bass_1,s03,78,207,77,7,uro,3.404327,5.563563,3.968105
bass_1,s03,79,208,78,5,basi,4.566066,5.163652,3.783458
bass_1,s03,79,208,78,3,eye,4.457663,6.730433,5.066658
bass_1,s03,79,208,78,1,lj,2.754045,5.845332,4.08432
bass_1,s03,79,208,78,6,p2,8.281242074503766,4.935041985059212,3.7395634330864023
bass_1,s03,79,208,78,4,pm,2.959485,6.339085,4.123
bass_1,s03,79,208,78,8,quad,4.739049780989177,5.0367140900715635,4.395725556313475
bass_1,s03,79,208,78,2,so,5.524227,4.766821,4.54527
bass_1,s03,79,208,78,7,uro,3.410791,5.554863,3.968128
bass_1,s03,80,209,79,5,basi,4.583115,5.127183,3.798579
bass_1,s03,80,209,79,3,eye,4.467729,6.69616,5.066831
bass_1,s03,80,209,79,1,lj,2.7548,5.825337,4.084857
bass_1,s03,80,209,79,6,p2,8.279580551811296,4.930409912393295,3.7358055002362462
bass_1,s03,80,209,79,4,pm,2.949571,6.319909,4.12398
bass_1,s03,80,209,79,8,quad,4.80251055230952,5.037697038106155,4.415361543279879
bass_1,s03,80,209,79,2,so,5.520177,4.755226,4.520609
bass_1,s03,80,209,79,7,uro,3.411481,5.53082,3.968826
bass_1,s03,81,210,80,5,basi,4.586244,5.105285,3.792364
bass_1,s03,81,210,80,3,eye,4.478375,6.684941,5.067168
bass_1,s03,81,210,80,1,lj,NA,NA,NA
bass_1,s03,81,210,80,6,p2,8.2777569539615,4.925680336734176,3.732783132552012
bass_1,s03,81,210,80,4,pm,2.95733,6.32587,4.115883
bass_1,s03,81,210,80,8,quad,NA,NA,NA
bass_1,s03,81,210,80,2,so,5.524816,4.732032,4.504483
bass_1,s03,81,210,80,7,uro,3.411676,5.522801,3.974225
bass_1,s04,1,110,0,5,basi,8.940487,6.474212,5.217809
bass_1,s04,1,110,0,3,eye,9.300879,7.696495,6.610237
bass_1,s04,1,110,0,1,lj,8.05123,6.903593,4.982919
bass_1,s04,1,110,0,6,p2,12.273955014438288,5.618929523780382,7.076937182335061
bass_1,s04,1,110,0,4,pm,8.220615,7.277012,5.029393
bass_1,s04,1,110,0,8,quad,NA,NA,NA
bass_1,s04,1,110,0,2,so,NA,NA,NA
bass_1,s04,1,110,0,7,uro,NA,NA,NA
bass_1,s04,2,111,1,5,basi,8.800963,6.444157,5.151987
bass_1,s04,2,111,1,3,eye,9.177326,7.688192,6.550774
bass_1,s04,2,111,1,1,lj,7.935255,6.867948,4.937735
bass_1,s04,2,111,1,6,p2,12.247548044075824,5.615863384867955,7.0680547267461735
bass_1,s04,2,111,1,4,pm,8.107578,7.2428,5.002842
bass_1,s04,2,111,1,8,quad,9.694939767673045,6.130676320408061,5.759852778335135
bass_1,s04,2,111,1,2,so,10.425656,5.820179,6.086876
bass_1,s04,2,111,1,7,uro,9.604474,6.135353,5.390049
bass_1,s04,3,112,2,5,basi,8.653137,6.454703,5.089151
bass_1,s04,3,112,2,3,eye,9.051993,7.655651,6.497525
bass_1,s04,3,112,2,1,lj,7.80096,6.84146,4.874885
bass_1,s04,3,112,2,6,p2,12.21965266652976,5.611482446367759,7.053773891745389
bass_1,s04,3,112,2,4,pm,7.966093,7.205764,4.951913
bass_1,s04,3,112,2,8,quad,9.626446604098017,6.083033612346459,5.7574074035864085
bass_1,s04,3,112,2,2,so,10.310223,5.765926,6.066351
bass_1,s04,3,112,2,7,uro,9.438014,6.147482,5.320198
bass_1,s04,4,113,3,5,basi,8.548198,6.436881,5.055894
bass_1,s04,4,113,3,3,eye,8.946982,7.627105,6.444831
bass_1,s04,4,113,3,1,lj,7.687794,6.795585,4.819847
bass_1,s04,4,113,3,6,p2,12.191959081567072,5.607020267617161,7.04234939983922
bass_1,s04,4,113,3,4,pm,7.861387,7.177653,4.895933
bass_1,s04,4,113,3,8,quad,9.521656822211918,6.078373666132909,5.7003782287208296
bass_1,s04,4,113,3,2,so,10.230412,5.751294,6.028179
bass_1,s04,4,113,3,7,uro,9.357796,6.132466,5.304371
bass_1,s04,5,114,4,5,basi,8.451752,6.419715,4.994524
bass_1,s04,5,114,4,3,eye,8.840318,7.611325,6.399399
bass_1,s04,5,114,4,1,lj,7.56765,6.760672,4.739617
bass_1,s04,5,114,4,6,p2,12.159791535716057,5.6007326254388445,7.027912728065899
bass_1,s04,5,114,4,4,pm,7.766172,7.170184,4.855051
bass_1,s04,5,114,4,8,quad,9.403314262017993,6.026817488344672,5.618341364002672
bass_1,s04,5,114,4,2,so,10.106256,5.745307,5.983166
bass_1,s04,5,114,4,7,uro,9.239401,6.118363,5.258051
bass_1,s04,6,115,5,5,basi,8.349289,6.366764,4.954116
bass_1,s04,6,115,5,3,eye,8.715341,7.591111,6.332602
bass_1,s04,6,115,5,1,lj,7.474366,6.747514,4.685478
bass_1,s04,6,115,5,6,p2,12.10061764549428,5.590664576598565,7.000387990028828
bass_1,s04,6,115,5,4,pm,7.640566,7.133098,4.784764
bass_1,s04,6,115,5,8,quad,9.254879339752579,6.02410396930488,5.59940402923905
bass_1,s04,6,115,5,2,so,9.984197,5.716159,5.914302
bass_1,s04,6,115,5,7,uro,9.129309,6.08639,5.20405
bass_1,s04,7,116,6,5,basi,8.212615,6.349834,4.888574
bass_1,s04,7,116,6,3,eye,8.58298,7.571508,6.271683
bass_1,s04,7,116,6,1,lj,7.356737,6.719622,4.640785
bass_1,s04,7,116,6,6,p2,12.032243397536668,5.579373694794884,6.968068520967533
bass_1,s04,7,116,6,4,pm,7.525309,7.110807,4.71915
bass_1,s04,7,116,6,8,quad,9.159106973482013,5.961819434133509,5.5373156719346
bass_1,s04,7,116,6,2,so,9.835514,5.702382,5.856709
bass_1,s04,7,116,6,7,uro,8.992537,6.056834,5.14356
bass_1,s04,8,117,7,5,basi,8.093636,6.304875,4.823661
bass_1,s04,8,117,7,3,eye,8.474009,7.549543,6.209985
bass_1,s04,8,117,7,1,lj,7.221769,6.667944,4.587442
bass_1,s04,8,117,7,6,p2,11.958384499804724,5.566190972045422,6.929468653738408
bass_1,s04,8,117,7,4,pm,7.402086,7.067394,4.668888
bass_1,s04,8,117,7,8,quad,9.035896081409708,5.920990371109282,5.459830023336844
bass_1,s04,8,117,7,2,so,9.734847,5.658171,5.807902
bass_1,s04,8,117,7,7,uro,8.856735,6.04194,5.081609
bass_1,s04,9,118,8,5,basi,7.998302,6.300153,4.779757
bass_1,s04,9,118,8,3,eye,8.342708,7.529662,6.138175
bass_1,s04,9,118,8,1,lj,7.069655,6.640518,4.497924
bass_1,s04,9,118,8,6,p2,11.878538067120536,5.5511100231886825,6.889531950041867
bass_1,s04,9,118,8,4,pm,7.280085,7.060732,4.608069
bass_1,s04,9,118,8,8,quad,8.918377041554228,5.943137718664929,5.392809740489196
bass_1,s04,9,118,8,2,so,9.648986,5.649036,5.79272
bass_1,s04,9,118,8,7,uro,8.689968,6.011927,5.01292
bass_1,s04,10,119,9,5,basi,7.889122,6.268572,4.732858
bass_1,s04,10,119,9,3,eye,8.196755,7.495443,6.087008
bass_1,s04,10,119,9,1,lj,6.972288,6.626766,4.443812
bass_1,s04,10,119,9,6,p2,11.790436339386934,5.533599298966068,6.843309265284071
bass_1,s04,10,119,9,4,pm,7.172264,7.016931,4.553281
bass_1,s04,10,119,9,8,quad,8.846519235085305,5.886714379337149,5.397362597903475
bass_1,s04,10,119,9,2,so,9.536069,5.601601,5.747804
bass_1,s04,10,119,9,7,uro,8.573208,5.997024,4.95171
bass_1,s04,11,120,10,5,basi,7.755722,6.250624,4.663715
bass_1,s04,11,120,10,3,eye,8.092687,7.473375,6.031319
bass_1,s04,11,120,10,1,lj,6.832305,6.591175,4.364004
bass_1,s04,11,120,10,6,p2,11.697095500681176,5.517503909512566,6.7893330948522035
bass_1,s04,11,120,10,4,pm,7.023592,6.9908,4.453453
bass_1,s04,11,120,10,8,quad,8.711112484815676,5.854010547115006,5.271206086390788
bass_1,s04,11,120,10,2,so,9.434978,5.585138,5.659624
bass_1,s04,11,120,10,7,uro,8.453555,5.974561,4.89875
bass_1,s04,12,121,11,5,basi,7.649744,6.177072,4.606917
bass_1,s04,12,121,11,3,eye,7.967693,7.452473,5.964978
bass_1,s04,12,121,11,1,lj,6.7104799999999996,6.561901,4.336896
bass_1,s04,12,121,11,6,p2,11.597894611693247,5.499147162882702,6.730217252274763
bass_1,s04,12,121,11,4,pm,6.895252,6.95689,4.417911
bass_1,s04,12,121,11,8,quad,8.565735211689521,5.809085879176384,5.3016638721059435
bass_1,s04,12,121,11,2,so,9.324858,5.554916,5.646186
bass_1,s04,12,121,11,7,uro,8.382026,5.942222,4.838949
bass_1,s04,13,122,12,5,basi,7.533424,6.117726,4.539522
bass_1,s04,13,122,12,3,eye,7.836951,7.438983,5.882877
bass_1,s04,13,122,12,1,lj,6.605951,6.508526,4.275481
bass_1,s04,13,122,12,6,p2,11.49138133762944,5.478907453553463,6.665156942500016
bass_1,s04,13,122,12,4,pm,6.78421,6.939392,4.357963
bass_1,s04,13,122,12,8,quad,8.477079488652468,5.787734192840506,5.197550952689177
bass_1,s04,13,122,12,2,so,9.215533,5.539735,5.571098
bass_1,s04,13,122,12,7,uro,8.272525,5.909,4.807589
bass_1,s04,14,123,13,5,basi,7.395471,6.114362,4.442723
bass_1,s04,14,123,13,3,eye,7.70942,7.416696,5.837745
bass_1,s04,14,123,13,1,lj,6.46497,6.480085,4.213271
bass_1,s04,14,123,13,6,p2,11.382533198634798,5.457419055137908,6.594776867614707
bass_1,s04,14,123,13,4,pm,6.687058,6.926493,4.317878
bass_1,s04,14,123,13,8,quad,8.31733716548417,5.805647179982918,5.149187977265233
bass_1,s04,14,123,13,2,so,9.063588,5.517033,5.501603
bass_1,s04,14,123,13,7,uro,8.183509,5.859958,4.748229
bass_1,s04,15,124,14,5,basi,7.214122,6.090459,4.39879
bass_1,s04,15,124,14,3,eye,7.572317,7.396149,5.7662890000000004
bass_1,s04,15,124,14,1,lj,6.345337,6.443482,4.134291
bass_1,s04,15,124,14,6,p2,11.270510637803028,5.436704849190399,6.519851764922619
bass_1,s04,15,124,14,4,pm,6.553204,6.92555,4.242578
bass_1,s04,15,124,14,8,quad,8.257504990011189,5.740960755980719,5.079272151658947
bass_1,s04,15,124,14,2,so,8.951888,5.494641,5.457769
bass_1,s04,15,124,14,7,uro,8.088918,5.810595,4.651724
bass_1,s04,16,125,15,5,basi,7.100672,6.079193,4.341351
bass_1,s04,16,125,15,3,eye,7.4490170000000004,7.380191,5.737825
bass_1,s04,16,125,15,1,lj,6.2309,6.365119,4.091276
bass_1,s04,16,125,15,6,p2,11.157999551895658,5.417947954597464,6.4386326527327755
bass_1,s04,16,125,15,4,pm,6.420877,6.918732,4.197107
bass_1,s04,16,125,15,8,quad,8.074073805915457,5.769742246691747,5.005349132165832
bass_1,s04,16,125,15,2,so,8.826132,5.51415,5.377623
bass_1,s04,16,125,15,7,uro,7.930375,5.753065,4.584096
bass_1,s04,17,126,16,5,basi,6.993728,6.039878,4.27413
bass_1,s04,17,126,16,3,eye,7.352771,7.363322,5.68769
bass_1,s04,17,126,16,1,lj,6.057687,6.321232,4.003575
bass_1,s04,17,126,16,6,p2,11.044228883852483,5.397204236248112,6.353372299099586
bass_1,s04,17,126,16,4,pm,6.257844,6.940808,4.086887
bass_1,s04,17,126,16,8,quad,8.007281083040155,5.696644476853884,4.952977357990758
bass_1,s04,17,126,16,2,so,8.717826,5.474687,5.315588
bass_1,s04,17,126,16,7,uro,7.81376,5.712675,4.532161
bass_1,s04,18,127,17,5,basi,6.919577,5.967446,4.187256
bass_1,s04,18,127,17,3,eye,7.242377,7.355131,5.616935
bass_1,s04,18,127,17,1,lj,5.923078,6.251553,3.934563
bass_1,s04,18,127,17,6,p2,10.929161086648811,5.375606639452114,6.264890014536947
bass_1,s04,18,127,17,4,pm,6.138328,6.955729,4.016591
bass_1,s04,18,127,17,8,quad,7.852149741831658,5.709673247848066,4.878944428400999
bass_1,s04,18,127,17,2,so,8.586981,5.460514,5.235226
bass_1,s04,18,127,17,7,uro,7.682507,5.645963,4.450935
bass_1,s04,19,128,18,5,basi,6.678583,5.924512,4.09412
bass_1,s04,19,128,18,3,eye,7.108909,7.346358,5.567045
bass_1,s04,19,128,18,1,lj,5.795029,6.132938,3.84152
bass_1,s04,19,128,18,6,p2,10.81155671332822,5.355673909034729,6.17279164271182
bass_1,s04,19,128,18,4,pm,6.005831,6.976892,3.921415
bass_1,s04,19,128,18,8,quad,7.663601706381642,5.660468168653644,4.823927085859807
bass_1,s04,19,128,18,2,so,8.390716,5.455286,5.147693
bass_1,s04,19,128,18,7,uro,7.506864,5.622857,4.368245
bass_1,s04,20,129,19,5,basi,6.488278,5.877819,3.990651
bass_1,s04,20,129,19,3,eye,6.984147,7.364605,5.501736
bass_1,s04,20,129,19,1,lj,5.62282,6.022634,3.774145
bass_1,s04,20,129,19,6,p2,10.694912817373329,5.3364098211794815,6.079730960224229
bass_1,s04,20,129,19,4,pm,5.857231,7.009357,3.820836
bass_1,s04,20,129,19,8,quad,7.4912972778326825,5.649189439624861,4.733263581823313
bass_1,s04,20,129,19,2,so,8.252032,5.449356,5.110298
bass_1,s04,20,129,19,7,uro,7.369476,5.581671,4.301336
bass_1,s04,21,130,20,5,basi,6.308992,5.802893,3.911088
bass_1,s04,21,130,20,3,eye,6.853432,7.369036,5.452095
bass_1,s04,21,130,20,1,lj,5.466229,5.903882,3.673344
bass_1,s04,21,130,20,6,p2,10.57788929953324,5.317364048483851,5.9842457057920875
bass_1,s04,21,130,20,4,pm,5.687168,7.052999,3.724495
bass_1,s04,21,130,20,8,quad,7.38026385874926,5.621641904329312,4.670502921395892
bass_1,s04,21,130,20,2,so,8.077686,5.452199,5.056234
bass_1,s04,21,130,20,7,uro,7.195889,5.541426,4.212486
bass_1,s04,22,131,21,5,basi,6.168811,5.728237,3.845842
bass_1,s04,22,131,21,3,eye,6.711454,7.387095,5.397048
bass_1,s04,22,131,21,1,lj,5.281984,5.839459,3.648191
bass_1,s04,22,131,21,6,p2,10.461249344650248,5.2981989101244995,5.888187423286321
bass_1,s04,22,131,21,4,pm,5.529175,7.079253,3.667976
bass_1,s04,22,131,21,8,quad,7.155811649908299,5.4652476324808665,4.650259668763642
bass_1,s04,22,131,21,2,so,7.918016,5.430392,5.031646
bass_1,s04,22,131,21,7,uro,6.974674,5.528509,4.093684
bass_1,s04,23,132,22,5,basi,6.021353,5.646592,3.759238
bass_1,s04,23,132,22,3,eye,6.580323,7.391184,5.358078
bass_1,s04,23,132,22,1,lj,5.06986,5.726995,3.547237
bass_1,s04,23,132,22,6,p2,10.344820671086602,5.2776056229255515,5.7950051278572605
bass_1,s04,23,132,22,4,pm,5.338702,7.149975,3.594811
bass_1,s04,23,132,22,8,quad,7.01894174809895,5.56610544695443,4.599406048417551
bass_1,s04,23,132,22,2,so,7.80404,5.44953,5.007378
bass_1,s04,23,132,22,7,uro,6.824142,5.47873,4.020416
bass_1,s04,24,133,23,5,basi,5.854566,5.593231,3.719849
bass_1,s04,24,133,23,3,eye,6.450468,7.409155,5.297821
bass_1,s04,24,133,23,1,lj,4.936411,5.671711,3.479947
bass_1,s04,24,133,23,6,p2,10.227808705514471,5.259161657058245,5.702247836189093
bass_1,s04,24,133,23,4,pm,5.157907,7.220716,3.521603
bass_1,s04,24,133,23,8,quad,6.82258606242601,5.511648814605202,4.524158148187096
bass_1,s04,24,133,23,2,so,7.608776,5.4613,4.976048
bass_1,s04,24,133,23,7,uro,6.622998,5.438352,3.968188
bass_1,s04,25,134,24,5,basi,5.690944,5.560959,3.671137
bass_1,s04,25,134,24,3,eye,6.295438,7.42047,5.258625
bass_1,s04,25,134,24,1,lj,4.793781,5.587276,3.456583
bass_1,s04,25,134,24,6,p2,10.11188978102882,5.240743845886497,5.612801657058923
bass_1,s04,25,134,24,4,pm,4.969252,7.236673,3.440459
bass_1,s04,25,134,24,8,quad,6.732337133270474,5.510124290332366,4.538832581459843
bass_1,s04,25,134,24,2,so,7.447189,5.464085,4.939509
bass_1,s04,25,134,24,7,uro,6.447098,5.397758,3.909438
bass_1,s04,26,135,25,5,basi,5.511376,5.514792,3.609814
bass_1,s04,26,135,25,3,eye,6.190829,7.423426,5.235963
bass_1,s04,26,135,25,1,lj,4.643579,5.561821,3.414121
bass_1,s04,26,135,25,6,p2,9.997263808422952,5.221860766680982,5.525848996338386
bass_1,s04,26,135,25,4,pm,4.811879,7.257585,3.388938
bass_1,s04,26,135,25,8,quad,6.484469190126976,5.490476306493202,4.533389182289444
bass_1,s04,26,135,25,2,so,7.247034,5.434308,4.903003
bass_1,s04,26,135,25,7,uro,6.263668,5.321516,3.844233
bass_1,s04,27,136,26,5,basi,5.393425,5.460127,3.588753
bass_1,s04,27,136,26,3,eye,6.073947,7.426706,5.213197
bass_1,s04,27,136,26,1,lj,4.40085,5.506219,3.362062
bass_1,s04,27,136,26,6,p2,9.8847350508188,5.203720710322463,5.4420976714684475
bass_1,s04,27,136,26,4,pm,4.621941,7.262004,3.372046
bass_1,s04,27,136,26,8,quad,6.286738411551627,5.450341922000811,4.4970624434056505
bass_1,s04,27,136,26,2,so,7.050449,5.429135,4.907729
bass_1,s04,27,136,26,7,uro,6.09817,5.28911,3.778322
bass_1,s04,28,137,27,5,basi,5.221952,5.435181,3.531474
bass_1,s04,28,137,27,3,eye,5.930694,7.429948,5.208663
bass_1,s04,28,137,27,1,lj,4.30938,5.499149,3.328087
bass_1,s04,28,137,27,6,p2,9.772540817859856,5.185411692552993,5.36359452744567
bass_1,s04,28,137,27,4,pm,4.457559,7.279882,3.325562
bass_1,s04,28,137,27,8,quad,6.13164223486536,5.475740417436146,4.47520043020661
bass_1,s04,28,137,27,2,so,6.863351,5.424223,4.882608
bass_1,s04,28,137,27,7,uro,5.984584,5.206893,3.736551
bass_1,s04,29,138,28,5,basi,5.093427,5.416017,3.517713
bass_1,s04,29,138,28,3,eye,5.799357,7.419976,5.192781
bass_1,s04,29,138,28,1,lj,4.12255,5.482997,3.34371
bass_1,s04,29,138,28,6,p2,9.661957291493172,5.1681161689649935,5.288400899948209
bass_1,s04,29,138,28,4,pm,4.30323,7.25057,3.32502
bass_1,s04,29,138,28,8,quad,6.0213254811353645,5.4672975341076215,4.425147984072852
bass_1,s04,29,138,28,2,so,6.705519,5.427529,4.85048
bass_1,s04,29,138,28,7,uro,5.858667,5.159477,3.716813
bass_1,s04,30,139,29,5,basi,4.946183,5.432496,3.493591
bass_1,s04,30,139,29,3,eye,5.629215,7.417622,5.171708
bass_1,s04,30,139,29,1,lj,3.992295,5.485879,3.317108
bass_1,s04,30,139,29,6,p2,9.553598857999962,5.1506843691377595,5.217979932985798
bass_1,s04,30,139,29,4,pm,4.151331,7.269922,3.312694
bass_1,s04,30,139,29,8,quad,5.84917343245737,5.450663242364649,4.40038678566644
bass_1,s04,30,139,29,2,so,6.56065,5.421845,4.84878
bass_1,s04,30,139,29,7,uro,5.753543,5.106568,3.695933
bass_1,s04,31,140,30,5,basi,4.779579,5.436347,3.448646
bass_1,s04,31,140,30,3,eye,5.497512,7.381418,5.141682
bass_1,s04,31,140,30,1,lj,3.830136,5.536908,3.270342
bass_1,s04,31,140,30,6,p2,9.447862570439352,5.133660117726144,5.1506932162843215
bass_1,s04,31,140,30,4,pm,4.052333,7.243706,3.293266
bass_1,s04,31,140,30,8,quad,5.638178233401716,5.440741976621149,4.4176215680215405
bass_1,s04,31,140,30,2,so,6.405678,5.407704,4.854431
bass_1,s04,31,140,30,7,uro,5.637678,5.073461,3.641931
bass_1,s04,32,141,31,5,basi,4.626029,5.466351,3.42409
bass_1,s04,32,141,31,3,eye,5.390856,7.371315,5.112018
bass_1,s04,32,141,31,1,lj,3.716061,5.598056,3.266604
bass_1,s04,32,141,31,6,p2,9.344349529682956,5.118077369975996,5.086363852837245
bass_1,s04,32,141,31,4,pm,3.881184,7.203099,3.254027
bass_1,s04,32,141,31,8,quad,5.5638425844187624,5.499369800165558,4.426162702365658
bass_1,s04,32,141,31,2,so,6.265404,5.393392,4.852774
bass_1,s04,32,141,31,7,uro,5.500535,5.050872,3.619715
bass_1,s04,33,142,32,5,basi,4.549804,5.353066,3.401585
bass_1,s04,33,142,32,3,eye,5.254149,7.33522,5.08207
bass_1,s04,33,142,32,1,lj,3.548353,5.700297,3.252482
bass_1,s04,33,142,32,6,p2,9.243511399951178,5.1017631904175,5.026375448008951
bass_1,s04,33,142,32,4,pm,3.766188,7.141372,3.240907
bass_1,s04,33,142,32,8,quad,5.402096733797419,5.416907254522907,4.368336856276056
bass_1,s04,33,142,32,2,so,6.153432,5.378354,4.820926
bass_1,s04,33,142,32,7,uro,5.372654,5.032736,3.554448
bass_1,s04,34,143,33,5,basi,4.369252,5.347536,3.375846
bass_1,s04,34,143,33,3,eye,5.156633,7.290164,5.066745
bass_1,s04,34,143,33,1,lj,3.454228,5.760198,3.239922
bass_1,s04,34,143,33,6,p2,9.145140521829523,5.085987377183626,4.96871267177038
bass_1,s04,34,143,33,4,pm,3.673087,7.101371,3.246674
bass_1,s04,34,143,33,8,quad,5.262029656106258,5.465580717504301,4.3774922074771085
bass_1,s04,34,143,33,2,so,6.015266,5.338651,4.804431
bass_1,s04,34,143,33,7,uro,5.271655,5.014485,3.521872
bass_1,s04,35,144,34,5,basi,4.408278,5.304381,3.400197
bass_1,s04,35,144,34,3,eye,5.061,7.250482,5.079829
bass_1,s04,35,144,34,1,lj,3.363232,5.841121,3.278561
bass_1,s04,35,144,34,6,p2,9.050497100905806,5.070897175176628,4.9129472134713
bass_1,s04,35,144,34,4,pm,3.56136,7.027491,3.305233
bass_1,s04,35,144,34,8,quad,5.162582961454385,5.506605303456587,4.392133127641612
bass_1,s04,35,144,34,2,so,5.926368,5.314926,4.803438
bass_1,s04,35,144,34,7,uro,5.14633,4.981299,3.500213
bass_1,s04,36,145,35,5,basi,4.301339,5.294149,3.435767
bass_1,s04,36,145,35,3,eye,4.958459,7.199197,5.0738
bass_1,s04,36,145,35,1,lj,3.255896,5.901588,3.274579
bass_1,s04,36,145,35,6,p2,8.95900732321488,5.0564790348542425,4.859654910950973
bass_1,s04,36,145,35,4,pm,3.475489,6.955061,3.303028
bass_1,s04,36,145,35,8,quad,5.101518057348914,5.430958591260068,4.370714503160001
bass_1,s04,36,145,35,2,so,5.839226,5.274341,4.810263
bass_1,s04,36,145,35,7,uro,5.03682,4.958223,3.478543
bass_1,s04,37,146,36,5,basi,4.157896,5.302769,3.407283
bass_1,s04,37,146,36,3,eye,4.861238,7.165765,5.058396
bass_1,s04,37,146,36,1,lj,3.173028,5.952122,3.331556
bass_1,s04,37,146,36,6,p2,8.870818478048006,5.04244820112286,4.807079122121637
bass_1,s04,37,146,36,4,pm,3.390223,6.869779,3.314526
bass_1,s04,37,146,36,8,quad,5.011027509585109,5.451606738114772,4.385074911561437
bass_1,s04,37,146,36,2,so,5.747976,5.208339,4.787014
bass_1,s04,37,146,36,7,uro,4.936797,4.954676,3.466785
bass_1,s04,38,147,37,5,basi,4.06148,5.305454,3.436946
bass_1,s04,38,147,37,3,eye,4.77998,7.102733,5.057747
bass_1,s04,38,147,37,1,lj,3.116273,5.981528,3.406451
bass_1,s04,38,147,37,6,p2,8.785940228504183,5.028245359012788,4.756135859892675
bass_1,s04,38,147,37,4,pm,3.318245,6.805143,3.376614
bass_1,s04,38,147,37,8,quad,4.951885360795772,5.438162909390972,4.359803466872125
bass_1,s04,38,147,37,2,so,5.644367,5.150993,4.771158
bass_1,s04,38,147,37,7,uro,4.861246,4.931342,3.445714
bass_1,s04,39,148,38,5,basi,3.96362,5.295084,3.460481
bass_1,s04,39,148,38,3,eye,4.687216,7.052155,5.028665
bass_1,s04,39,148,38,1,lj,3.065099,5.973887,3.475668
bass_1,s04,39,148,38,6,p2,8.704781155171373,5.014622380352701,4.706251616423516
bass_1,s04,39,148,38,4,pm,3.258943,6.711409,3.48326
bass_1,s04,39,148,38,8,quad,4.826553182914997,5.362009097646198,4.3972071182923385
bass_1,s04,39,148,38,2,so,5.579045,5.092733,4.748266
bass_1,s04,39,148,38,7,uro,4.776155,4.922903,3.445167
bass_1,s04,40,149,39,5,basi,3.864545,5.297235,3.489817
bass_1,s04,40,149,39,3,eye,4.627644,7.004373,5.055655
bass_1,s04,40,149,39,1,lj,3.014571,5.996489,3.509941
bass_1,s04,40,149,39,6,p2,8.628572562507166,5.001429935926237,4.656992907200386
bass_1,s04,40,149,39,4,pm,3.170136,6.628761,3.52403
bass_1,s04,40,149,39,8,quad,4.782216870015217,5.316328533267615,4.390112754147617
bass_1,s04,40,149,39,2,so,5.528641,5.041064,4.733095
bass_1,s04,40,149,39,7,uro,4.680081,4.904213,3.444703
bass_1,s04,41,150,40,5,basi,3.758912,5.298681,3.536843
bass_1,s04,41,150,40,3,eye,4.56992,6.964759,5.050634
bass_1,s04,41,150,40,1,lj,2.954121,5.987031,3.543542
bass_1,s04,41,150,40,6,p2,8.555252403359573,4.988572304904841,4.60840986308777
bass_1,s04,41,150,40,4,pm,3.113026,6.568616,3.542838
bass_1,s04,41,150,40,8,quad,4.765937488386207,5.295974382207702,4.391020083866124
bass_1,s04,41,150,40,2,so,5.493381,5.0118220000000004,4.718033
bass_1,s04,41,150,40,7,uro,4.612443,4.906225,3.454941
bass_1,s04,42,151,41,5,basi,3.672307,5.282672,3.579138
bass_1,s04,42,151,41,3,eye,4.512548,6.900202,5.059225
bass_1,s04,42,151,41,1,lj,2.854745,5.985968,3.53077
bass_1,s04,42,151,41,6,p2,8.486419992914177,4.975905609552319,4.560457097551379
bass_1,s04,42,151,41,4,pm,3.048559,6.494978,3.583132
bass_1,s04,42,151,41,8,quad,4.67722792882476,5.26154874864913,4.328554811623044
bass_1,s04,42,151,41,2,so,5.393392,4.967981,4.67968
bass_1,s04,42,151,41,7,uro,4.514401,4.897612,3.45406
bass_1,s04,43,152,42,5,basi,3.593029,5.254041,3.627705
bass_1,s04,43,152,42,3,eye,4.470465,6.846988,5.072562
bass_1,s04,43,152,42,1,lj,2.813948,5.967749,3.615392
bass_1,s04,43,152,42,6,p2,8.421144359211247,4.963015257006498,4.512738779885223
bass_1,s04,43,152,42,4,pm,3.004793,6.425334,3.645209
bass_1,s04,43,152,42,8,quad,4.621738371821918,5.245737647205927,4.443652595731592
bass_1,s04,43,152,42,2,so,5.347814,4.938636,4.701848
bass_1,s04,43,152,42,7,uro,4.456673,4.874202,3.475926
bass_1,s04,44,153,43,5,basi,3.56189,5.201111,3.647615
bass_1,s04,44,153,43,3,eye,4.415892,6.789487,5.077008
bass_1,s04,44,153,43,1,lj,2.76087,5.930107,3.715634
bass_1,s04,44,153,43,6,p2,8.359865946167773,4.950029665873699,4.466159086711774
bass_1,s04,44,153,43,4,pm,2.93121,6.382407,3.718136
bass_1,s04,44,153,43,8,quad,4.580492814237655,5.182026105887208,4.450193600778014
bass_1,s04,44,153,43,2,so,5.337518,4.893677,4.694746
bass_1,s04,44,153,43,7,uro,4.365086,4.85107,3.507848
bass_1,s04,45,154,44,5,basi,3.537044,5.177412,3.615169
bass_1,s04,45,154,44,3,eye,4.372806,6.737102,5.08128
bass_1,s04,45,154,44,1,lj,2.709256,5.890397,3.761115
bass_1,s04,45,154,44,6,p2,8.302540344873831,4.9369705623447455,4.419363499020717
bass_1,s04,45,154,44,4,pm,2.889069,6.314818,3.784256
bass_1,s04,45,154,44,8,quad,4.589596043968339,5.176755564001607,4.439275464981743
bass_1,s04,45,154,44,2,so,5.32419,4.848922,4.695132
bass_1,s04,45,154,44,7,uro,4.271584,4.833069,3.539557
bass_1,s04,46,155,45,5,basi,3.471835,5.143451,3.673956
bass_1,s04,46,155,45,3,eye,4.3369,6.702097,5.09016
bass_1,s04,46,155,45,1,lj,2.676719,5.862151,3.792333
bass_1,s04,46,155,45,6,p2,8.248367155656856,4.9243870286045635,4.373310954181965
bass_1,s04,46,155,45,4,pm,2.830041,6.258383,3.832127
bass_1,s04,46,155,45,8,quad,4.561250358312224,5.115761204020493,4.460513028308416
bass_1,s04,46,155,45,2,so,5.285458,4.82736,4.702467
bass_1,s04,46,155,45,7,uro,4.190451,4.809896,3.582183
bass_1,s04,47,156,46,5,basi,3.40868,5.12075,3.707133
bass_1,s04,47,156,46,3,eye,4.298832,6.667469,5.089801
bass_1,s04,47,156,46,1,lj,2.628143,5.814908,3.854428
bass_1,s04,47,156,46,6,p2,8.197376145937586,4.91078417587084,4.328026101335681
bass_1,s04,47,156,46,4,pm,2.791098,6.221723,3.862509
bass_1,s04,47,156,46,8,quad,4.554511413158935,5.084395352270468,4.503993515288195
bass_1,s04,47,156,46,2,so,5.249505,4.775166,4.702517
bass_1,s04,47,156,46,7,uro,4.165781,4.800865,3.603727
bass_1,s04,48,157,47,5,basi,3.367842,5.07925,3.736757
bass_1,s04,48,157,47,3,eye,4.249201,6.603825,5.094219
bass_1,s04,48,157,47,1,lj,2.56964,5.766691,3.892761
bass_1,s04,48,157,47,6,p2,8.149397841741276,4.8969546022771695,4.283498022405997
bass_1,s04,48,157,47,4,pm,2.740339,6.176628,3.90568
bass_1,s04,48,157,47,8,quad,4.5013053384325765,5.024019238705285,4.496741156950038
bass_1,s04,48,157,47,2,so,5.222419,4.74571,4.717409
bass_1,s04,48,157,47,7,uro,4.129002,4.782233,3.625554
bass_1,s04,49,158,48,5,basi,3.324928,5.05111,3.77483
bass_1,s04,49,158,48,3,eye,4.202592,6.580843,5.098197
bass_1,s04,49,158,48,1,lj,2.520888,5.709418,3.916642
bass_1,s04,49,158,48,6,p2,8.103827071109393,4.882995009187636,4.239766708615834
bass_1,s04,49,158,48,4,pm,2.705522,6.140142,3.961728
bass_1,s04,49,158,48,8,quad,4.483727258891121,4.998878831945559,4.45561887021593
bass_1,s04,49,158,48,2,so,5.194387,4.716197,4.70999
bass_1,s04,49,158,48,7,uro,4.058737,4.758535,3.636224
bass_1,s04,50,159,49,5,basi,3.289195,5.00995,3.81281
bass_1,s04,50,159,49,3,eye,4.160904,6.539715,5.102097
bass_1,s04,50,159,49,1,lj,2.482288,5.653534,3.926293
bass_1,s04,50,159,49,6,p2,8.060835721805656,4.868756958586404,4.196004730262335
bass_1,s04,50,159,49,4,pm,2.65302,6.090173,3.975301
bass_1,s04,50,159,49,8,quad,4.382195452195895,4.915978270825965,4.464738882408698
bass_1,s04,50,159,49,2,so,5.160379,4.67892,4.695044
bass_1,s04,50,159,49,7,uro,3.994819,4.735291,3.668397
bass_1,s04,51,160,50,5,basi,3.270791,4.987128,3.813722
bass_1,s04,51,160,50,3,eye,4.120022,6.5169,5.101627
bass_1,s04,51,160,50,1,lj,2.445866,5.595636,3.927267
bass_1,s04,51,160,50,6,p2,8.02074683840472,4.854514901116068,4.153592643904446
bass_1,s04,51,160,50,4,pm,2.601367,6.048557,3.988548
bass_1,s04,51,160,50,8,quad,4.422361520161396,4.906033986752579,4.512444103192771
bass_1,s04,51,160,50,2,so,5.13664,4.648985,4.687572
bass_1,s04,51,160,50,7,uro,3.950149,4.701682,3.679901
bass_1,s04,52,161,51,5,basi,3.215933,4.952861,3.83504
bass_1,s04,52,161,51,3,eye,4.066086,6.464224,5.114704
bass_1,s04,52,161,51,1,lj,2.396142,5.547354,3.950268
bass_1,s04,52,161,51,6,p2,7.981934090298656,4.838922343001651,4.112937576398351
bass_1,s04,52,161,51,4,pm,2.558352,6.003964,4.001947
bass_1,s04,52,161,51,8,quad,4.35051697170062,4.866562148049702,4.483647455183811
bass_1,s04,52,161,51,2,so,5.106408,4.618874,4.635599
bass_1,s04,52,161,51,7,uro,3.896125,4.672637,3.711945
bass_1,s04,53,162,52,5,basi,3.200075,4.904848,3.836044
bass_1,s04,53,162,52,3,eye,4.032892,6.429236,5.114235
bass_1,s04,53,162,52,1,lj,2.352351,5.490533,3.959168
bass_1,s04,53,162,52,6,p2,7.945176568163644,4.823601164299424,4.073094320584536
bass_1,s04,53,162,52,4,pm,2.509674,5.95701,4.00276
bass_1,s04,53,162,52,8,quad,4.289997547910092,4.858816171545766,4.463741023484641
bass_1,s04,53,162,52,2,so,5.061886,4.589579,4.635442
bass_1,s04,53,162,52,7,uro,3.877948,4.678486,3.711837
bass_1,s04,54,163,53,5,basi,3.164252,4.875542,3.856975
bass_1,s04,54,163,53,3,eye,4.005317,6.394367,5.113965
bass_1,s04,54,163,53,1,lj,2.29073,5.443141,3.959712
bass_1,s04,54,163,53,6,p2,7.910314774894319,4.808003261905128,4.034285390236012
bass_1,s04,54,163,53,4,pm,2.454569,5.915422,4.020094
bass_1,s04,54,163,53,8,quad,4.264668283341241,4.8316069358415374,4.426789367976529
bass_1,s04,54,163,53,2,so,5.032237,4.567541,4.63537
bass_1,s04,54,163,53,7,uro,3.84396,4.693319,3.710596
bass_1,s04,55,164,54,5,basi,3.131222,4.840325,3.869946
bass_1,s04,55,164,54,3,eye,3.964207,6.365367,5.113341
bass_1,s04,55,164,54,1,lj,2.240955,5.384412,3.952366
bass_1,s04,55,164,54,6,p2,7.876976732851725,4.791445154955358,3.997207471580419
bass_1,s04,55,164,54,4,pm,2.410795,5.868264,4.02935
bass_1,s04,55,164,54,8,quad,4.211213422544238,4.775061390494032,4.429093492007576
bass_1,s04,55,164,54,2,so,5.016669,4.536617,4.583549
bass_1,s04,55,164,54,7,uro,3.819439,4.684389,3.732076
bass_1,s04,56,165,55,5,basi,3.113111,4.805332,3.875141
bass_1,s04,56,165,55,3,eye,3.921249,6.342826,5.108332
bass_1,s04,56,165,55,1,lj,2.206559,5.328199,3.954271
bass_1,s04,56,165,55,6,p2,7.845085780261131,4.774797747531083,3.961802060608176
bass_1,s04,56,165,55,4,pm,2.373965,5.823716,4.004709
bass_1,s04,56,165,55,8,quad,4.16823910000964,4.738468250469002,4.429949330556849
bass_1,s04,56,165,55,2,so,4.95842,4.507625,4.605358
bass_1,s04,56,165,55,7,uro,3.789003,4.685799,3.742726
bass_1,s04,57,166,56,5,basi,3.056254,4.771367,3.888214
bass_1,s04,57,166,56,3,eye,3.88324,6.302048,5.107833
bass_1,s04,57,166,56,1,lj,2.172214,5.272012,3.956198
bass_1,s04,57,166,56,6,p2,7.814628634846882,4.7570515520962315,3.9283528554125464
bass_1,s04,57,166,56,4,pm,2.332765,5.786952,4.004785
bass_1,s04,57,166,56,8,quad,4.1369265881319794,4.70741046208516,4.428675112019582
bass_1,s04,57,166,56,2,so,4.936981,4.470342,4.576231
bass_1,s04,57,166,56,7,uro,3.753962,4.670715,3.721301
bass_1,s04,58,167,57,5,basi,3.042291,4.734622,3.892556
bass_1,s04,58,167,57,3,eye,3.832701,6.267683,5.107305
bass_1,s04,58,167,57,1,lj,2.139807,5.203068,3.964173
bass_1,s04,58,167,57,6,p2,7.78541486696181,4.7393340325246225,3.896977481177178
bass_1,s04,58,167,57,4,pm,2.291171,5.719881,4.018751
bass_1,s04,58,167,57,8,quad,4.148377722767324,4.684991368947358,4.394571020059448
bass_1,s04,58,167,57,2,so,4.920654,4.455361,4.576149
bass_1,s04,58,167,57,7,uro,3.738423,4.646632,3.722219
bass_1,s04,59,168,58,5,basi,3.03668,4.674457,3.89799
bass_1,s04,59,168,58,3,eye,3.806599,6.255983,5.106774
bass_1,s04,59,168,58,1,lj,2.081486,5.174446,3.986278
bass_1,s04,59,168,58,6,p2,7.757257818190649,4.720684020209989,3.867306489676405
bass_1,s04,59,168,58,4,pm,2.252101,5.703468,4.022846
bass_1,s04,59,168,58,8,quad,4.074346840903704,4.644324267404524,4.383032534455528
bass_1,s04,59,168,58,2,so,4.861888,4.425723,4.546298
bass_1,s04,59,168,58,7,uro,3.70612,4.617712,3.733576
bass_1,s04,60,169,59,5,basi,3.025999,4.639415,3.899189
bass_1,s04,60,169,59,3,eye,3.780177,6.221711,5.106874
bass_1,s04,60,169,59,1,lj,2.068008,5.127743,3.995657
bass_1,s04,60,169,59,6,p2,7.7302768355994145,4.701597233582112,3.839131675794011
bass_1,s04,60,169,59,4,pm,2.200596,5.657028,4.032252
bass_1,s04,60,169,59,8,quad,4.036578345982708,4.6287832973191625,4.397586880436829
bass_1,s04,60,169,59,2,so,4.842873,4.395661,4.53908
bass_1,s04,60,169,59,7,uro,3.673889,4.563029,3.734764
bass_1,s04,61,170,60,5,basi,3.010732,4.598601,3.900566
bass_1,s04,61,170,60,3,eye,3.753683,6.185739,5.106028
bass_1,s04,61,170,60,1,lj,2.041429,5.070645,4.026853
bass_1,s04,61,170,60,6,p2,7.704474041463119,4.682011485568346,3.813399155307151
bass_1,s04,61,170,60,4,pm,2.164327,5.629019,4.03653
bass_1,s04,61,170,60,8,quad,3.9920073506434197,4.562993035854027,4.371730064196474
bass_1,s04,61,170,60,2,so,4.801681,4.373376,4.52411
bass_1,s04,61,170,60,7,uro,3.638457,4.537285,3.723938
bass_1,s04,62,171,61,5,basi,3.000324,4.551275,3.901934
bass_1,s04,62,171,61,3,eye,3.746816,6.162387,5.110673
bass_1,s04,62,171,61,1,lj,1.994298,5.004263,4.05794
bass_1,s04,62,171,61,6,p2,7.680148808110004,4.661801027487707,3.789762093010956
bass_1,s04,62,171,61,4,pm,2.129053,5.603552,4.065782
bass_1,s04,62,171,61,8,quad,3.988310079768722,4.5131182137210875,4.44499155209895
bass_1,s04,62,171,61,2,so,4.782613,4.343443,4.524291
bass_1,s04,62,171,61,7,uro,3.622465,4.507434,3.724622
bass_1,s04,63,172,62,5,basi,2.993224,4.539213,3.914214
bass_1,s04,63,172,62,3,eye,3.71991,6.151804,5.110743
bass_1,s04,63,172,62,1,lj,1.975642,4.956478,4.066448
bass_1,s04,63,172,62,6,p2,7.656112388143619,4.64125951164849,3.768392022119974
bass_1,s04,63,172,62,4,pm,2.12251,5.595545,4.082889
bass_1,s04,63,172,62,8,quad,3.9889139116679684,4.549769854117431,4.384689629165128
bass_1,s04,63,172,62,2,so,4.754968,4.313727,4.50981
bass_1,s04,63,172,62,7,uro,3.596183,4.477733,3.725173
bass_1,s04,64,173,63,5,basi,2.96458,4.514832,3.918084
bass_1,s04,64,173,63,3,eye,3.700453,6.116894,5.11065
bass_1,s04,64,173,63,1,lj,1.961531,4.909022,4.075214
bass_1,s04,64,173,63,6,p2,7.633382439668202,4.62058242674585,3.748122802972286
bass_1,s04,64,173,63,4,pm,2.10531,5.581964,4.087346
bass_1,s04,64,173,63,8,quad,3.933672152862435,4.456548268890354,4.389105343285845
bass_1,s04,64,173,63,2,so,4.731528,4.298498,4.494918
bass_1,s04,64,173,63,7,uro,3.585525,4.444222,3.726763
bass_1,s04,65,174,64,5,basi,2.942047,4.514172,3.94968
bass_1,s04,65,174,64,3,eye,3.675198,6.093658,5.110316
bass_1,s04,65,174,64,1,lj,1.915412,4.899687,4.082007
bass_1,s04,65,174,64,6,p2,7.611518806629692,4.599362911893939,3.7299627882786224
bass_1,s04,65,174,64,4,pm,2.08653,5.548503,4.09638
bass_1,s04,65,174,64,8,quad,3.9928064823795806,4.47640012772203,4.351007024706306
bass_1,s04,65,174,64,2,so,4.718536,4.282771,4.472739
bass_1,s04,65,174,64,7,uro,3.577734,4.419574,3.738024
bass_1,s04,66,175,65,5,basi,2.936573,4.473725,3.96349
bass_1,s04,66,175,65,3,eye,3.655027,6.070273,5.11002
bass_1,s04,66,175,65,1,lj,1.897356,4.842268,4.083345
bass_1,s04,66,175,65,6,p2,7.590551562271989,4.578251386827819,3.7130097872958094
bass_1,s04,66,175,65,4,pm,2.076494,5.515395,4.105777
bass_1,s04,66,175,65,8,quad,3.920881643493948,4.425307407319945,4.341963715036905
bass_1,s04,66,175,65,2,so,4.715934,4.267537,4.458307
bass_1,s04,66,175,65,7,uro,3.558084,4.385179,3.738994
bass_1,s04,67,176,66,5,basi,2.939164,4.473516,3.943221
bass_1,s04,67,176,66,3,eye,3.627944,6.029522,5.109795
bass_1,s04,67,176,66,1,lj,1.881827,4.82356,4.076463
bass_1,s04,67,176,66,6,p2,7.570530282399709,4.557123519679324,3.6976286180818088
bass_1,s04,67,176,66,4,pm,2.047865,5.490727,4.122892
bass_1,s04,67,176,66,8,quad,3.872667421581414,4.418246215729354,4.3342760815061805
bass_1,s04,67,176,66,2,so,4.692939,4.222742,4.444304
bass_1,s04,67,176,66,7,uro,3.551714,4.336412,3.740997
bass_1,s04,68,177,67,5,basi,2.945477,4.451385,3.948926
bass_1,s04,68,177,67,3,eye,3.600394,6.006434,5.118653
bass_1,s04,68,177,67,1,lj,1.85855,4.795532,4.0698549999999996
bass_1,s04,68,177,67,6,p2,7.551194720241212,4.536544793772956,3.6833766776649783
bass_1,s04,68,177,67,4,pm,2.017419,5.45907,4.135168
bass_1,s04,68,177,67,8,quad,3.837179698178005,4.379528349133219,4.368826678275315
bass_1,s04,68,177,67,2,so,4.654734,4.200351,4.436779
bass_1,s04,68,177,67,7,uro,3.539737,4.32233,3.762541
bass_1,s04,69,178,68,5,basi,2.937255,4.416899,3.970578
bass_1,s04,69,178,68,3,eye,3.579203,5.988316,5.117955
bass_1,s04,69,178,68,1,lj,1.839577,4.757499,4.085438
bass_1,s04,69,178,68,6,p2,7.532616420090654,4.515968950971238,3.669874094171623
bass_1,s04,69,178,68,4,pm,1.996199,5.418282,4.140697
bass_1,s04,69,178,68,8,quad,3.8886918659034557,4.3158462481027104,4.299401993201069
bass_1,s04,69,178,68,2,so,4.64926,4.170363,4.430047
bass_1,s04,69,178,68,7,uro,3.534,4.297303,3.763153
bass_1,s04,70,179,69,5,basi,2.923208,4.398754,3.970631
bass_1,s04,70,179,69,3,eye,3.558644,5.964595,5.117457
bass_1,s04,70,179,69,1,lj,1.822864,4.747764,4.1072939999999996
bass_1,s04,70,179,69,6,p2,7.514836092283727,4.49560317827978,3.65676727315291
bass_1,s04,70,179,69,4,pm,1.983367,5.384538,4.157939
bass_1,s04,70,179,69,8,quad,3.850355495445377,4.334138147865774,4.352088355458319
bass_1,s04,70,179,69,2,so,4.630357,4.155119,4.415362
bass_1,s04,70,179,69,7,uro,3.517913,4.272654,3.774165
bass_1,s04,71,180,70,5,basi,2.900059,4.376167,3.987559
bass_1,s04,71,180,70,3,eye,3.532287,5.93634,5.117597
bass_1,s04,71,180,70,1,lj,1.816165,4.719482,4.130234
bass_1,s04,71,180,70,6,p2,7.498253745986498,4.476498475481011,3.6447722471963497
bass_1,s04,71,180,70,4,pm,1.969166,5.356609,4.162588
bass_1,s04,71,180,70,8,quad,3.855219586265433,4.300650524844081,4.359559778576856
bass_1,s04,71,180,70,2,so,4.615731,4.140286,4.415468
bass_1,s04,71,180,70,7,uro,3.50431,4.248908,3.79607
bass_1,s04,72,181,71,5,basi,2.878937,4.352356,3.999843
bass_1,s04,72,181,71,3,eye,3.516672,5.900307,5.116956
bass_1,s04,72,181,71,1,lj,1.78776,4.690363,4.137532
bass_1,s04,72,181,71,6,p2,7.482987452664046,4.458751335424525,3.6337877352643617
bass_1,s04,72,181,71,4,pm,1.959564,5.331322,4.17133
bass_1,s04,72,181,71,8,quad,3.806134508592336,4.27953759135988,4.368386995369993
bass_1,s04,72,181,71,2,so,4.608421,4.13287,4.415521
bass_1,s04,72,181,71,7,uro,3.47082,4.228222,3.806044
bass_1,s04,73,182,72,5,basi,2.862458,4.334069,3.999758
bass_1,s04,73,182,72,3,eye,3.497088,5.877249,5.11685
bass_1,s04,73,182,72,1,lj,1.792033,4.680136,4.13753
bass_1,s04,73,182,72,6,p2,7.469037674629371,4.442336787891381,3.623680995768596
bass_1,s04,73,182,72,4,pm,1.950211,5.322716,4.179556
bass_1,s04,73,182,72,8,quad,3.8372940380222613,4.260024592002505,4.347721914785975
bass_1,s04,73,182,72,2,so,4.598432,4.110365,4.408566
bass_1,s04,73,182,72,7,uro,3.462917,4.21331,3.806353
bass_1,s04,74,183,73,5,basi,2.840578,4.321289,4.015274
bass_1,s04,74,183,73,3,eye,3.495732,5.842023,5.116995
bass_1,s04,74,183,73,1,lj,1.789332,4.661912,4.167811
bass_1,s04,74,183,73,6,p2,7.456118631604584,4.426691488536832,3.6136434871845418
bass_1,s04,74,183,73,4,pm,1.938432,5.297798,4.192582
bass_1,s04,74,183,73,8,quad,3.8107171329555447,4.248893795179346,4.339353596064651
bass_1,s04,74,183,73,2,so,4.582578,4.087348,4.394021
bass_1,s04,74,183,73,7,uro,3.463265,4.198691,3.817368
bass_1,s04,75,184,74,5,basi,2.832556,4.292566,4.000336
bass_1,s04,75,184,74,3,eye,3.488778,5.812571,5.107823
bass_1,s04,75,184,74,1,lj,1.773917,4.643671,4.197773
bass_1,s04,75,184,74,6,p2,7.444260636296513,4.412071387476354,3.6041500727002025
bass_1,s04,75,184,74,4,pm,1.93229,5.262027,4.206184
bass_1,s04,75,184,74,8,quad,3.763723047112569,4.208369118787375,4.345710238829377
bass_1,s04,75,184,74,2,so,4.572862,4.049536,4.380069
bass_1,s04,75,184,74,7,uro,3.461768,4.184055,3.817932
bass_1,s04,76,185,75,5,basi,2.832974,4.280875,4.008805
bass_1,s04,76,185,75,3,eye,3.483625,5.80058,5.103076
bass_1,s04,76,185,75,1,lj,1.76674,4.625065,4.22036
bass_1,s04,76,185,75,6,p2,7.433391592673931,4.399060018600447,3.5953419973608174
bass_1,s04,76,185,75,4,pm,1.92506,5.233616,4.21481
bass_1,s04,76,185,75,8,quad,3.8086173035026727,4.149385748478517,4.332152151255389
bass_1,s04,76,185,75,2,so,4.568767,4.026616,4.373078
bass_1,s04,76,185,75,7,uro,3.464704,4.149199,3.819036
bass_1,s04,77,186,76,5,basi,2.833985,4.250718,4.005396
bass_1,s04,77,186,76,3,eye,3.474038,5.783163,5.098511
bass_1,s04,77,186,76,1,lj,1.767784,4.605991,4.228216
bass_1,s04,77,186,76,6,p2,7.424231504938706,4.387641423322579,3.58765259861389
bass_1,s04,77,186,76,4,pm,1.913458,5.205944,4.232012
bass_1,s04,77,186,76,8,quad,3.814245277344764,4.151403666934446,4.299759467869193
bass_1,s04,77,186,76,2,so,4.56033,4.003424,4.358672
bass_1,s04,77,186,76,7,uro,3.460817,4.128916,3.819382
bass_1,s04,78,187,77,5,basi,2.832018,4.23856,3.997519
bass_1,s04,78,187,77,3,eye,3.466725,5.765476,5.098396
bass_1,s04,78,187,77,1,lj,1.763839,4.596262,4.2429
bass_1,s04,78,187,77,6,p2,7.419446273350752,4.381395196983754,3.5834003256425624
bass_1,s04,78,187,77,4,pm,1.902534,5.186547,4.257213
bass_1,s04,78,187,77,8,quad,3.8059283194290217,4.1163568349767825,4.320633318818066
bass_1,s04,78,187,77,2,so,4.557748,3.988117,4.344416
bass_1,s04,78,187,77,7,uro,3.461107,4.119019,3.819715
bass_1,s04,79,188,78,5,basi,2.819792,4.232437,4.021409
bass_1,s04,79,188,78,3,eye,3.456225,5.747342,5.097959
bass_1,s04,79,188,78,1,lj,1.748951,4.568117,4.243595
bass_1,s04,79,188,78,6,p2,7.414943615889252,4.37596281361431,3.5795256323094677
bass_1,s04,79,188,78,4,pm,1.886096,5.18187,4.269262
bass_1,s04,79,188,78,8,quad,3.7686371812777644,4.147801372403509,4.285595156587454
bass_1,s04,79,188,78,2,so,4.555071,3.965646,4.344915
bass_1,s04,79,188,78,7,uro,3.461541,4.104174,3.820216
bass_1,s04,80,189,79,5,basi,2.81682,4.244309,4.02905
bass_1,s04,80,189,79,3,eye,3.439639,5.718492,5.093478
bass_1,s04,80,189,79,1,lj,1.737309,4.549019,4.25113
bass_1,s04,80,189,79,6,p2,7.410419896923076,4.3702392078237065,3.5754379514116335
bass_1,s04,80,189,79,4,pm,1.881154,5.151859,4.273907
bass_1,s04,80,189,79,8,quad,3.7543690404658876,4.070219880885133,4.310854794471018
bass_1,s04,80,189,79,2,so,4.555336,3.950328,4.337931
bass_1,s04,80,189,79,7,uro,3.455591,4.089051,3.820458
bass_1,s04,81,190,80,5,basi,2.817326,4.232295,4.021287
bass_1,s04,81,190,80,3,eye,3.439965,5.706667,5.093506
bass_1,s04,81,190,80,1,lj,NA,NA,NA
bass_1,s04,81,190,80,6,p2,7.406228877057318,4.365200476555708,3.571493267133885
bass_1,s04,81,190,80,4,pm,1.876105,5.144696,4.278269
bass_1,s04,81,190,80,8,quad,NA,NA,NA
bass_1,s04,81,190,80,2,so,4.551085,3.949854,4.323229
bass_1,s04,81,190,80,7,uro,3.443117,4.078589,3.820275
bass_1,s05,1,70,0,5,basi,5.792095,8.093682,5.399554
bass_1,s05,1,70,0,3,eye,6.116578,9.042835,7.179428
bass_1,s05,1,70,0,1,lj,5.123093,8.511505,5.257267
bass_1,s05,1,70,0,6,p2,9.54498589691416,6.746254751903601,7.768408375254692
bass_1,s05,1,70,0,4,pm,5.267865,8.897741,5.319661
bass_1,s05,1,70,0,8,quad,6.818460412872506,7.50701747447327,6.304593216906977
bass_1,s05,1,70,0,2,so,7.473885,7.187634,6.713654
bass_1,s05,1,70,0,7,uro,6.631342,7.611649,5.709605
bass_1,s05,2,71,1,5,basi,5.762331,8.09562,5.370182
bass_1,s05,2,71,1,3,eye,6.093043,9.036281,7.16613
bass_1,s05,2,71,1,1,lj,5.088094,8.504906,5.229012
bass_1,s05,2,71,1,6,p2,9.5344314112396,6.743260335440785,7.7617763264455615
bass_1,s05,2,71,1,4,pm,5.232492,8.870195,5.280461
bass_1,s05,2,71,1,8,quad,6.778932899555639,7.550449733699652,6.224559504435823
bass_1,s05,2,71,1,2,so,7.417921,7.174544,6.666623
bass_1,s05,2,71,1,7,uro,6.54396,7.592327,5.70832
bass_1,s05,3,72,2,5,basi,5.665676,8.057552,5.354263
bass_1,s05,3,72,2,3,eye,6.040687,9.019423,7.139395
bass_1,s05,3,72,2,1,lj,5.03553,8.44666,5.193766
bass_1,s05,3,72,2,6,p2,9.523664179652764,6.7402014731378035,7.755279765325416
bass_1,s05,3,72,2,4,pm,5.17551,8.85295,5.290679
bass_1,s05,3,72,2,8,quad,6.701279229747162,7.483345245899078,6.257517541076303
bass_1,s05,3,72,2,2,so,7.373317,7.156788,6.630756
bass_1,s05,3,72,2,7,uro,6.467112,7.595579,5.659226
bass_1,s05,4,73,3,5,basi,5.628758,8.049549,5.32482
bass_1,s05,4,73,3,3,eye,5.989864,8.998899,7.106197
bass_1,s05,4,73,3,1,lj,4.976444,8.423414,5.151273
bass_1,s05,4,73,3,6,p2,9.512751824923264,6.736883787532511,7.7485118883617154
bass_1,s05,4,73,3,4,pm,5.132947,8.843787,5.27346
bass_1,s05,4,73,3,8,quad,6.635186375934641,7.482684199787216,6.17784963171921
bass_1,s05,4,73,3,2,so,7.325093,7.143783,6.593368
bass_1,s05,4,73,3,7,uro,6.420777,7.587847,5.610769
bass_1,s05,5,74,4,5,basi,5.587193,8.021714,5.280791
bass_1,s05,5,74,4,3,eye,5.947095,8.97696,7.092018
bass_1,s05,5,74,4,1,lj,4.923666,8.417463,5.123076
bass_1,s05,5,74,4,6,p2,9.500478042422555,6.7333716641935055,7.740635171296614
bass_1,s05,5,74,4,4,pm,5.097424,8.824904,5.234302
bass_1,s05,5,74,4,8,quad,6.657238585822661,7.458481896602713,6.151906346507279
bass_1,s05,5,74,4,2,so,7.286566,7.130903,6.550234
bass_1,s05,5,74,4,7,uro,6.324434,7.549274,5.551785
bass_1,s05,6,75,5,5,basi,5.560011,8.007149,5.258685
bass_1,s05,6,75,5,3,eye,5.894403,8.972752,7.053299
bass_1,s05,6,75,5,1,lj,4.886377,8.421331,5.067408
bass_1,s05,6,75,5,6,p2,9.47757919882495,6.726952558508746,7.726679650759988
bass_1,s05,6,75,5,4,pm,5.063348,8.806071,5.200919
bass_1,s05,6,75,5,8,quad,6.604978575655685,7.490699177390948,6.130801134793226
bass_1,s05,6,75,5,2,so,7.240586,7.127997,6.513309
bass_1,s05,6,75,5,7,uro,6.269583,7.541124,5.512744
bass_1,s05,7,76,6,5,basi,5.5339,7.981422,5.236647
bass_1,s05,7,76,6,3,eye,5.84677,8.948124,7.020122
bass_1,s05,7,76,6,1,lj,4.844588,8.376798,5.046463
bass_1,s05,7,76,6,6,p2,9.450656834709454,6.719089095475245,7.710055919646365
bass_1,s05,7,76,6,4,pm,5.0162,8.805082,5.178407
bass_1,s05,7,76,6,8,quad,6.537601827090381,7.476259300905715,6.112442668786131
bass_1,s05,7,76,6,2,so,7.202305,7.130044,6.476701
bass_1,s05,7,76,6,7,uro,6.214724,7.532952,5.473729
bass_1,s05,8,77,7,5,basi,5.511234,7.948298,5.221839
bass_1,s05,8,77,7,3,eye,5.801357,8.935344,6.987477
bass_1,s05,8,77,7,1,lj,4.783163,8.349834,5.01794
bass_1,s05,8,77,7,6,p2,9.42152249490952,6.710512295241061,7.691479684111258
bass_1,s05,8,77,7,4,pm,4.968402,8.795811,5.161081
bass_1,s05,8,77,7,8,quad,6.490666610267536,7.481050372788105,6.048537129815171
bass_1,s05,8,77,7,2,so,7.134963,7.116956,6.451177
bass_1,s05,8,77,7,7,uro,6.145741,7.525028,5.434508
bass_1,s05,9,78,8,5,basi,5.460994,7.916976,5.177856
bass_1,s05,9,78,8,3,eye,5.75672,8.930075,6.961465
bass_1,s05,9,78,8,1,lj,4.734194,8.340429,4.989697
bass_1,s05,9,78,8,6,p2,9.389550256486835,6.701643923328266,7.6714431134098335
bass_1,s05,9,78,8,4,pm,4.9094,8.776472,5.138291
bass_1,s05,9,78,8,8,quad,6.458508144651485,7.444446525165076,5.9924890886239615
bass_1,s05,9,78,8,2,so,7.094167,7.098586,6.426154
bass_1,s05,9,78,8,7,uro,6.109091,7.526883,5.405463
bass_1,s05,10,79,9,5,basi,5.41769,7.885122,5.141233
bass_1,s05,10,79,9,3,eye,5.708326,8.913342,6.928679
bass_1,s05,10,79,9,1,lj,4.695544,8.313166,4.96879
bass_1,s05,10,79,9,6,p2,9.35485752303459,6.691749447746116,7.648961487299587
bass_1,s05,10,79,9,4,pm,4.847104,8.755488,5.076852
bass_1,s05,10,79,9,8,quad,6.380032516082935,7.385915986070367,5.976842594446313
bass_1,s05,10,79,9,2,so,7.042059,7.075368,6.400868
bass_1,s05,10,79,9,7,uro,6.069482,7.528049,5.395369
bass_1,s05,11,80,10,5,basi,5.350498,7.860014,5.118755
bass_1,s05,11,80,10,3,eye,5.661897,8.903346,6.915065
bass_1,s05,11,80,10,1,lj,4.665767,8.28006,4.941129
bass_1,s05,11,80,10,6,p2,9.316899000622971,6.680506237078027,7.624529002501891
bass_1,s05,11,80,10,4,pm,4.812085,8.740278,5.038001
bass_1,s05,11,80,10,8,quad,6.34676554112073,7.397119724083941,6.002952039566201
bass_1,s05,11,80,10,2,so,6.989589,7.061773,6.375522
bass_1,s05,11,80,10,7,uro,6.024138,7.497748,5.365993
bass_1,s05,12,81,11,5,basi,5.290483,7.849804,5.074995
bass_1,s05,12,81,11,3,eye,5.60977,8.894609,6.88257
bass_1,s05,12,81,11,1,lj,4.605697,8.276575,4.919781
bass_1,s05,12,81,11,6,p2,9.27667151034861,6.668540096908145,7.5981446389374145
bass_1,s05,12,81,11,4,pm,4.767165,8.721668,4.993464
bass_1,s05,12,81,11,8,quad,6.261618313732286,7.412341465744221,5.936286132679533
bass_1,s05,12,81,11,2,so,6.941574,7.063618,6.344764
bass_1,s05,12,81,11,7,uro,5.973054,7.467521,5.336605
bass_1,s05,13,82,12,5,basi,5.23491,7.838788,5.038366
bass_1,s05,13,82,12,3,eye,5.559132,8.897356,6.856808
bass_1,s05,13,82,12,1,lj,4.564921,8.262208,4.878324
bass_1,s05,13,82,12,6,p2,9.234123047204784,6.655730591737033,7.56943431909725
bass_1,s05,13,82,12,4,pm,4.712809,8.705182,4.981858
bass_1,s05,13,82,12,8,quad,6.234356151872608,7.381019079802636,5.98271979580704
bass_1,s05,13,82,12,2,so,6.885353,7.049875,6.337665
bass_1,s05,13,82,12,7,uro,5.90499,7.44864,5.297593
bass_1,s05,14,83,13,5,basi,5.181065,7.819838,5.015996
bass_1,s05,14,83,13,3,eye,5.504853,8.884975,6.817873
bass_1,s05,14,83,13,1,lj,4.496099,8.252789,4.863879
bass_1,s05,14,83,13,6,p2,9.189867619877608,6.642240216716516,7.540217860559786
bass_1,s05,14,83,13,4,pm,4.679537,8.685417,4.959705
bass_1,s05,14,83,13,8,quad,6.156471340944019,7.392372457382185,5.8983152662444125
bass_1,s05,14,83,13,2,so,6.842843,7.041596,6.300724
bass_1,s05,14,83,13,7,uro,5.825813,7.429681,5.267874
bass_1,s05,15,84,14,5,basi,5.145477,7.808258,4.986947
bass_1,s05,15,84,14,3,eye,5.46009,8.879262,6.798207
bass_1,s05,15,84,14,1,lj,4.462632,8.231701,4.822245
bass_1,s05,15,84,14,6,p2,9.14492932573834,6.628332588486702,7.509465903768424
bass_1,s05,15,84,14,4,pm,4.621201,8.698419,4.942302
bass_1,s05,15,84,14,8,quad,6.075177351257228,7.326327839611763,5.87806958538444
bass_1,s05,15,84,14,2,so,6.791019,7.021884,6.299141
bass_1,s05,15,84,14,7,uro,5.767998,7.421522,5.219545
bass_1,s05,16,85,15,5,basi,5.073979,7.803635,4.964442
bass_1,s05,16,85,15,3,eye,5.40738,8.87473,6.759593
bass_1,s05,16,85,15,1,lj,4.379248,8.229549,4.779984
bass_1,s05,16,85,15,6,p2,9.099299754598558,6.613828965553803,7.478266930261747
bass_1,s05,16,85,15,4,pm,4.558725,8.708641,4.913968
bass_1,s05,16,85,15,8,quad,6.046759946480578,7.372615641933626,5.823536256763809
bass_1,s05,16,85,15,2,so,6.707582,7.024506,6.274111
bass_1,s05,16,85,15,7,uro,5.696457,7.42441,5.18049
bass_1,s05,17,86,16,5,basi,5.011967,7.806545,4.935126
bass_1,s05,17,86,16,3,eye,5.369499,8.876809,6.740314
bass_1,s05,17,86,16,1,lj,4.330033,8.185598,4.745811
bass_1,s05,17,86,16,6,p2,9.05324118498307,6.599094111249628,7.446148942172668
bass_1,s05,17,86,16,4,pm,4.49584,8.715265,4.880035
bass_1,s05,17,86,16,8,quad,6.0408929580540995,7.361284248172547,5.809262377876392
bass_1,s05,17,86,16,2,so,6.641006,7.016875,6.237026
bass_1,s05,17,86,16,7,uro,5.604167,7.394656,5.150713
bass_1,s05,18,87,17,5,basi,4.947631,7.809213,4.898337
bass_1,s05,18,87,17,3,eye,5.331613,8.882887,6.721176
bass_1,s05,18,87,17,1,lj,4.232314,8.153895,4.703594
bass_1,s05,18,87,17,6,p2,9.006890244667193,6.583830686389835,7.414512551506213
bass_1,s05,18,87,17,4,pm,4.450784,8.765414,4.862846
bass_1,s05,18,87,17,8,quad,5.923724311306071,7.329700776919695,5.775992236261519
bass_1,s05,18,87,17,2,so,6.575851,7.018756,6.218138
bass_1,s05,18,87,17,7,uro,5.542901,7.384979,5.149864
bass_1,s05,19,88,18,5,basi,4.862711,7.778736,4.840005
bass_1,s05,19,88,18,3,eye,5.283146,8.905566,6.696161
bass_1,s05,19,88,18,1,lj,4.156886,8.111857,4.6139
bass_1,s05,19,88,18,6,p2,8.959961469350985,6.568741466527159,7.382724213655709
bass_1,s05,19,88,18,4,pm,4.391686,8.80575,4.82899
bass_1,s05,19,88,18,8,quad,5.850612543216761,7.332312039100624,5.678721518977087
bass_1,s05,19,88,18,2,so,6.492146,7.016052,6.198969
bass_1,s05,19,88,18,7,uro,5.497977,7.365464,5.11128
bass_1,s05,20,89,19,5,basi,4.783123,7.735455,4.767953
bass_1,s05,20,89,19,3,eye,5.235505,8.936086,6.671325
bass_1,s05,20,89,19,1,lj,4.102065,8.062447,4.559343
bass_1,s05,20,89,19,6,p2,8.91277415772872,6.55390379424987,7.3501737638715134
bass_1,s05,20,89,19,4,pm,4.308533,8.85358,4.800143
bass_1,s05,20,89,19,8,quad,5.773947082162552,7.323662796486352,5.700395741792212
bass_1,s05,20,89,19,2,so,6.404767,7.018356,6.18589
bass_1,s05,20,89,19,7,uro,5.425275,7.358417,5.04392
bass_1,s05,21,90,20,5,basi,4.716546,7.682986,4.731811
bass_1,s05,21,90,20,3,eye,5.155692,8.95995,6.639573
bass_1,s05,21,90,20,1,lj,3.998332,8.012131,4.531227
bass_1,s05,21,90,20,6,p2,8.865039250958032,6.538993532242518,7.318931737274003
bass_1,s05,21,90,20,4,pm,4.226024,8.924234,4.754355
bass_1,s05,21,90,20,8,quad,5.68411690348256,7.29496519456729,5.756995379687313
bass_1,s05,21,90,20,2,so,6.338296,7.029241,6.203052
bass_1,s05,21,90,20,7,uro,5.353177,7.328291,5.005056
bass_1,s05,22,91,21,5,basi,4.640753,7.617737,4.674453
bass_1,s05,22,91,21,3,eye,5.12558,8.995633,6.596421
bass_1,s05,22,91,21,1,lj,3.909815,7.927494,4.483939
bass_1,s05,22,91,21,6,p2,8.817129536370008,6.524322654297181,7.287281986795071
bass_1,s05,22,91,21,4,pm,4.170865,9.002023,4.714541
bass_1,s05,22,91,21,8,quad,5.6101254510469865,7.280905961424333,5.702062272819303
bass_1,s05,22,91,21,2,so,6.258795,7.036813,6.178201
bass_1,s05,22,91,21,7,uro,5.290021,7.287693,4.937972
bass_1,s05,23,92,22,5,basi,4.593948,7.558013,4.62451
bass_1,s05,23,92,22,3,eye,5.064579,9.02232,6.577533
bass_1,s05,23,92,22,1,lj,3.841479,7.873302,4.381764
bass_1,s05,23,92,22,6,p2,8.768849427588064,6.510045022761845,7.256950268690984
bass_1,s05,23,92,22,4,pm,4.105894,9.053578,4.680093
bass_1,s05,23,92,22,8,quad,5.515137234533069,7.2998259366565,5.6591473798763845
bass_1,s05,23,92,22,2,so,6.177286,7.044362,6.153277
bass_1,s05,23,92,22,7,uro,5.233741,7.24624,4.899533
bass_1,s05,24,93,23,5,basi,4.519997,7.514213,4.546075
bass_1,s05,24,93,23,3,eye,5.0130420000000004,9.04532,6.545945
bass_1,s05,24,93,23,1,lj,3.765337,7.833749,4.367907
bass_1,s05,24,93,23,6,p2,8.719909901202016,6.496809139438337,7.226997958129388
bass_1,s05,24,93,23,4,pm,4.018807,9.088479,4.573981
bass_1,s05,24,93,23,8,quad,5.471431865216192,7.2389954675110655,5.650655577272117
bass_1,s05,24,93,23,2,so,6.101461,7.03999,6.182086
bass_1,s05,24,93,23,7,uro,5.190329,7.204663,4.870897
bass_1,s05,25,94,24,5,basi,4.451047,7.483047,4.488881
bass_1,s05,25,94,24,3,eye,4.964242,9.059711,6.526817
bass_1,s05,25,94,24,1,lj,3.710841,7.813891,4.292936
bass_1,s05,25,94,24,6,p2,8.67037191656668,6.484104051365165,7.197351001766197
bass_1,s05,25,94,24,4,pm,3.930171,9.132283,4.494903
bass_1,s05,25,94,24,8,quad,5.417058136724464,7.256546570540369,5.624980325372748
bass_1,s05,25,94,24,2,so,6.017045,7.026642,6.174575
bass_1,s05,25,94,24,7,uro,5.122733,7.207169,4.84174
bass_1,s05,26,95,25,5,basi,4.366516,7.451858,4.431465
bass_1,s05,26,95,25,3,eye,4.926032,9.073507,6.514127
bass_1,s05,26,95,25,1,lj,3.644128,7.818104,4.238229
bass_1,s05,26,95,25,6,p2,8.62041955990814,6.472064099345703,7.168721681377222
bass_1,s05,26,95,25,4,pm,3.856997,9.178506,4.432451
bass_1,s05,26,95,25,8,quad,5.288312608757113,7.254750072452119,5.597161770603327
bass_1,s05,26,95,25,2,so,5.932757,7.023976,6.149303
bass_1,s05,26,95,25,7,uro,5.077819,7.176202,4.813054
bass_1,s05,27,96,26,5,basi,4.301157,7.426328,4.388286
bass_1,s05,27,96,26,3,eye,4.862891,9.080902,6.481933
bass_1,s05,27,96,26,1,lj,3.560653,7.834137,4.175876
bass_1,s05,27,96,26,6,p2,8.570499297148356,6.460846374667532,7.14080678456073
bass_1,s05,27,96,26,4,pm,3.791554,9.196309,4.410952
bass_1,s05,27,96,26,8,quad,5.174104115787347,7.226457900965802,5.633275583709155
bass_1,s05,27,96,26,2,so,5.823826,7.015443,6.171594
bass_1,s05,27,96,26,7,uro,4.988876,7.145484,4.774147
bass_1,s05,28,97,27,5,basi,4.207976,7.415261,4.366199
bass_1,s05,28,97,27,3,eye,4.7865,9.088451,6.455958
bass_1,s05,28,97,27,1,lj,3.50859,7.856132,4.11411
bass_1,s05,28,97,27,6,p2,8.519805062467121,6.450533347137262,7.113926732574875
bass_1,s05,28,97,27,4,pm,3.718106,9.212604,4.358279
bass_1,s05,28,97,27,8,quad,5.021783450005127,7.30186242042994,5.565041476399783
bass_1,s05,28,97,27,2,so,5.699798,7.027985,6.182157
bass_1,s05,28,97,27,7,uro,4.92566,7.103319,4.735765
bass_1,s05,29,98,28,5,basi,4.144945,7.430947,4.350998
bass_1,s05,29,98,28,3,eye,4.717443,9.09952,6.436451
bass_1,s05,29,98,28,1,lj,3.443631,7.888385,4.085412
bass_1,s05,29,98,28,6,p2,8.469216767111464,6.441013765187641,7.087813614973635
bass_1,s05,29,98,28,4,pm,3.65659,9.216716,4.320807
bass_1,s05,29,98,28,8,quad,4.984526419352309,7.273934777749475,5.5761205366602615
bass_1,s05,29,98,28,2,so,5.621467,7.019041,6.192826
bass_1,s05,29,98,28,7,uro,4.862439,7.083783,4.706952
bass_1,s05,30,99,29,5,basi,4.103417,7.426068,4.315199
bass_1,s05,30,99,29,3,eye,4.661574,9.092201,6.404056
bass_1,s05,30,99,29,1,lj,3.39982,7.93114,4.076899
bass_1,s05,30,99,29,6,p2,8.41894835167064,6.432030464813035,7.061510729093464
bass_1,s05,30,99,29,4,pm,3.583571,9.201321,4.298197
bass_1,s05,30,99,29,8,quad,4.946171649047572,7.271242118056513,5.588448118932153
bass_1,s05,30,99,29,2,so,5.521263,7.006193,6.203191
bass_1,s05,30,99,29,7,uro,4.932821,7.009123,4.719202
bass_1,s05,31,100,30,5,basi,4.063897,7.448057,4.300052
bass_1,s05,31,100,30,3,eye,4.589622,9.073867,6.37082
bass_1,s05,31,100,30,1,lj,3.351152,7.980374,4.068378
bass_1,s05,31,100,30,6,p2,8.36850356888254,6.423805136825952,7.036281863685799
bass_1,s05,31,100,30,4,pm,3.544461,9.176832,4.283338
bass_1,s05,31,100,30,8,quad,4.864067659417335,7.319707599346906,5.653063989031472
bass_1,s05,31,100,30,2,so,5.454759,7.007387,6.202198
bass_1,s05,31,100,30,7,uro,NA,NA,NA
bass_1,s05,32,101,31,5,basi,4.023068,7.484768,4.277776
bass_1,s05,32,101,31,3,eye,4.540863,9.054902,6.357354
bass_1,s05,32,101,31,1,lj,3.321692,8.060174,4.07389
bass_1,s05,32,101,31,6,p2,8.31919298902651,6.4163388881182595,7.01111107449184
bass_1,s05,32,101,31,4,pm,3.478648,9.099761,4.283852
bass_1,s05,32,101,31,8,quad,4.820201222714034,7.275363248898619,5.640605436403799
bass_1,s05,32,101,31,2,so,5.41397,6.999769,6.183504
bass_1,s05,32,101,31,7,uro,NA,NA,NA
bass_1,s05,33,102,32,5,basi,4.003236,7.498706,4.298713
bass_1,s05,33,102,32,3,eye,4.502279,9.03535,6.337379
bass_1,s05,33,102,32,1,lj,3.28987,8.174557,4.08476
bass_1,s05,33,102,32,6,p2,8.270259156796875,6.4087070824623025,6.987111522592147
bass_1,s05,33,102,32,4,pm,3.441301,9.071914,4.269376
bass_1,s05,33,102,32,8,quad,4.765075094759407,7.325554914615077,5.62477339226855
bass_1,s05,33,102,32,2,so,5.348959,6.982066,6.218121
bass_1,s05,33,102,32,7,uro,NA,NA,NA
bass_1,s05,34,103,33,5,basi,3.970071,7.540695,4.304492
bass_1,s05,34,103,33,3,eye,4.440448,8.998349,6.316611
bass_1,s05,34,103,33,1,lj,3.266375,8.233361,4.117252
bass_1,s05,34,103,33,6,p2,8.222501483139313,6.400910786983951,6.9624505222515465
bass_1,s05,34,103,33,4,pm,3.415843,9.030868,4.277105
bass_1,s05,34,103,33,8,quad,4.717997391437382,7.3226186011946535,5.64694031843868
bass_1,s05,34,103,33,2,so,5.29012,6.956425,6.210748
bass_1,s05,34,103,33,7,uro,NA,NA,NA
bass_1,s05,35,104,34,5,basi,3.942739,7.554113,4.317803
bass_1,s05,35,104,34,3,eye,4.391076,8.962032,6.290146
bass_1,s05,35,104,34,1,lj,3.246956,8.309178,4.156079
bass_1,s05,35,104,34,6,p2,8.176584993874409,6.393284025327435,6.9380635997661315
bass_1,s05,35,104,34,4,pm,3.38352,8.965412,4.321806
bass_1,s05,35,104,34,8,quad,4.600249976615962,7.318471958654083,5.645739016996312
bass_1,s05,35,104,34,2,so,5.227413,6.953035,6.215758
bass_1,s05,35,104,34,7,uro,NA,NA,NA
bass_1,s05,36,105,35,5,basi,3.905151,7.56695,4.330611
bass_1,s05,36,105,35,3,eye,4.345065,8.939512,6.255364
bass_1,s05,36,105,35,1,lj,3.22836,8.403459,4.202142
bass_1,s05,36,105,35,6,p2,8.1318636339464,6.3853954005029205,6.913684268265663
bass_1,s05,36,105,35,4,pm,3.321443,8.872477,4.344703
bass_1,s05,36,105,35,8,quad,4.616029074368565,7.342262048462311,5.678689893086748
bass_1,s05,36,105,35,2,so,5.186159,6.926424,6.232558
bass_1,s05,36,105,35,7,uro,NA,NA,NA
bass_1,s05,37,106,36,5,basi,3.824453,7.660559,4.343193
bass_1,s05,37,106,36,3,eye,4.307633,8.916341,6.231894
bass_1,s05,37,106,36,1,lj,3.225776,8.492299,4.213897
bass_1,s05,37,106,36,6,p2,8.089523313243163,6.376405970354202,6.889874775206882
bass_1,s05,37,106,36,4,pm,3.311284,8.807132,4.382117
bass_1,s05,37,106,36,8,quad,4.640534641875609,7.331960501166236,5.665415061064881
bass_1,s05,37,106,36,2,so,5.157952,6.900439,6.21366
bass_1,s05,37,106,36,7,uro,NA,NA,NA
bass_1,s05,38,107,37,5,basi,3.745488,7.730328,4.376564
bass_1,s05,38,107,37,3,eye,4.269192,8.874831,6.230708
bass_1,s05,38,107,37,1,lj,3.202809,8.525818,4.267976
bass_1,s05,38,107,37,6,p2,8.049543697631101,6.366871433013015,6.866610863129382
bass_1,s05,38,107,37,4,pm,3.306764,8.753846,4.404791
bass_1,s05,38,107,37,8,quad,4.556118488058799,7.395515412450674,5.683791613001432
bass_1,s05,38,107,37,2,so,5.09375,6.883841,6.200339
bass_1,s05,38,107,37,7,uro,NA,NA,NA
bass_1,s05,39,108,38,5,basi,3.695287,7.772495,4.389465
bass_1,s05,39,108,38,3,eye,4.244123,8.826429,6.212718
bass_1,s05,39,108,38,1,lj,3.202578,8.530676,4.288497
bass_1,s05,39,108,38,6,p2,8.011632440554731,6.356641663554086,6.842243845026456
bass_1,s05,39,108,38,4,pm,3.291636,8.715538,4.434466
bass_1,s05,39,108,38,8,quad,4.5271502095435485,7.354878369340535,5.585490696179245
bass_1,s05,39,108,38,2,so,5.065973,6.863048,6.139654
bass_1,s05,39,108,38,7,uro,NA,NA,NA
bass_1,s05,40,109,39,5,basi,3.65668,7.800428,4.410026
bass_1,s05,40,109,39,3,eye,4.226188,8.80251,6.200903
bass_1,s05,40,109,39,1,lj,3.185014,8.541617,4.308545
bass_1,s05,40,109,39,6,p2,7.976534309160497,6.345391770542628,6.818963365992443
bass_1,s05,40,109,39,4,pm,3.291553,8.71429,4.456327
bass_1,s05,40,109,39,8,quad,4.497274620710863,7.295437767050263,5.612197662834131
bass_1,s05,40,109,39,2,so,5.039832,6.832801,6.102875
bass_1,s05,40,109,39,7,uro,NA,NA,NA
bass_1,s05,41,110,40,5,basi,3.635059,7.82142,4.416542
bass_1,s05,41,110,40,3,eye,4.209041,8.781796,6.188988
bass_1,s05,41,110,40,1,lj,3.158686,8.544258,4.281022
bass_1,s05,41,110,40,6,p2,7.944692996242969,6.333154500164617,6.7959182624511705
bass_1,s05,41,110,40,4,pm,3.275378,8.713765,4.463156
bass_1,s05,41,110,40,8,quad,4.523530091670628,7.2954692705857624,5.563584410446339
bass_1,s05,41,110,40,2,so,5.024232,6.811091,6.072365
bass_1,s05,41,110,40,7,uro,NA,NA,NA
bass_1,s05,42,111,41,5,basi,3.599408,7.843003,4.415741
bass_1,s05,42,111,41,3,eye,4.186001,8.742969,6.182144
bass_1,s05,42,111,41,1,lj,3.130746,8.532737,4.287885
bass_1,s05,42,111,41,6,p2,7.9153711702936365,6.320268990098491,6.773114157495155
bass_1,s05,42,111,41,4,pm,3.269942,8.708637,4.434335
bass_1,s05,42,111,41,8,quad,4.463308046162297,7.249553859845313,5.5065809037777
bass_1,s05,42,111,41,2,so,5.022912,6.802781,6.042411
bass_1,s05,42,111,41,7,uro,NA,NA,NA
bass_1,s05,43,112,42,5,basi,3.579159,7.808726,4.41608
bass_1,s05,43,112,42,3,eye,4.163321,8.718767,6.175798
bass_1,s05,43,112,42,1,lj,3.109695,8.509903,4.281322
bass_1,s05,43,112,42,6,p2,7.888944316794229,6.306769430328118,6.750766073358947
bass_1,s05,43,112,42,4,pm,3.251235,8.697705,4.434165
bass_1,s05,43,112,42,8,quad,4.484472937227745,7.249612572842404,5.486425950776162
bass_1,s05,43,112,42,2,so,5.021755,6.794732,6.000572
bass_1,s05,43,112,42,7,uro,NA,NA,NA
bass_1,s05,44,113,43,5,basi,3.558838,7.803295,4.416529
bass_1,s05,44,113,43,3,eye,4.121618,8.702015,6.169265
bass_1,s05,44,113,43,1,lj,3.092917,8.498467,4.274326
bass_1,s05,44,113,43,6,p2,7.865212832193021,6.292864079699633,6.7284752140412065
bass_1,s05,44,113,43,4,pm,3.199422,8.678047,4.412162
bass_1,s05,44,113,43,8,quad,4.4510505947895425,7.22137990684141,5.5099671309909475
bass_1,s05,44,113,43,2,so,5.016866,6.777308,5.970401
bass_1,s05,44,113,43,7,uro,NA,NA,NA
bass_1,s05,45,114,44,5,basi,3.536284,7.79641,4.416134
bass_1,s05,45,114,44,3,eye,4.106744,8.69575,6.163535
bass_1,s05,45,114,44,1,lj,3.055463,8.45153,4.274778
bass_1,s05,45,114,44,6,p2,7.844173819271841,6.278328180334549,6.7062737834785935
bass_1,s05,45,114,44,4,pm,3.186276,8.673883,4.411655
bass_1,s05,45,114,44,8,quad,4.453702736102124,7.179503390798798,5.457164065329845
bass_1,s05,45,114,44,2,so,5.013861,6.750799,5.934146
bass_1,s05,45,114,44,7,uro,NA,NA,NA
bass_1,s05,46,115,45,5,basi,3.510101,7.802585,4.414982
bass_1,s05,46,115,45,3,eye,4.092846,8.67799,6.162877
bass_1,s05,46,115,45,1,lj,3.02997,8.451,4.280896
bass_1,s05,46,115,45,6,p2,7.825794892318444,6.263851866320728,6.685511884512021
bass_1,s05,46,115,45,4,pm,3.172048,8.659136,4.404118
bass_1,s05,46,115,45,8,quad,4.4197925767495585,7.181362416899529,5.425397489954895
bass_1,s05,46,115,45,2,so,5.016285,6.728838,5.89216
bass_1,s05,46,115,45,7,uro,NA,NA,NA
bass_1,s05,47,116,46,5,basi,3.478067,7.811098,4.414936
bass_1,s05,47,116,46,3,eye,4.083108,8.66769,6.151265
bass_1,s05,47,116,46,1,lj,3.009101,8.420412,4.308789
bass_1,s05,47,116,46,6,p2,7.809814914838977,6.250112090643874,6.6656614270474845
bass_1,s05,47,116,46,4,pm,3.158125,8.669862,4.404461
bass_1,s05,47,116,46,8,quad,4.415348720843899,7.196261927616839,5.473427515896414
bass_1,s05,47,116,46,2,so,5.0202,6.715492,5.868171
bass_1,s05,47,116,46,7,uro,NA,NA,NA
bass_1,s05,48,117,47,5,basi,3.458624,7.811962,4.414938
bass_1,s05,48,117,47,3,eye,4.066678,8.635786,6.15036
bass_1,s05,48,117,47,1,lj,2.983232,8.431418,4.321521
bass_1,s05,48,117,47,6,p2,7.796177582065892,6.236804061360254,6.647457726963431
bass_1,s05,48,117,47,4,pm,3.141361,8.653842,4.419595
bass_1,s05,48,117,47,8,quad,4.4695581117292775,7.187710086772834,5.44193146571099
bass_1,s05,48,117,47,2,so,5.022547,6.693352,5.832199
bass_1,s05,48,117,47,7,uro,NA,NA,NA
bass_1,s05,49,118,48,5,basi,3.442925,7.811848,4.414499
bass_1,s05,49,118,48,3,eye,4.056136,8.61807,6.149824
bass_1,s05,49,118,48,1,lj,2.962051,8.413833,4.328561
bass_1,s05,49,118,48,6,p2,7.784537298518509,6.224200362360209,6.629928160350591
bass_1,s05,49,118,48,4,pm,3.111743,8.646135,4.440852
bass_1,s05,49,118,48,8,quad,4.435827786199981,7.134247454789536,5.419246685183178
bass_1,s05,49,118,48,2,so,5.024631,6.675382,5.814123
bass_1,s05,49,118,48,7,uro,NA,NA,NA
bass_1,s05,50,119,49,5,basi,3.424829,7.7975390000000004,4.428665
bass_1,s05,50,119,49,3,eye,4.046854,8.611323,6.143988
bass_1,s05,50,119,49,1,lj,2.951307,8.40153,4.349488
bass_1,s05,50,119,49,6,p2,7.774418387888566,6.212354984999107,6.613227694777477
bass_1,s05,50,119,49,4,pm,3.091991,8.628492,4.454986
bass_1,s05,50,119,49,8,quad,4.467749305974828,7.143317924018283,5.393977014264412
bass_1,s05,50,119,49,2,so,5.028433,6.661929,5.802147
bass_1,s05,50,119,49,7,uro,NA,NA,NA
bass_1,s05,51,120,50,5,basi,3.40285,7.791467,4.436019
bass_1,s05,51,120,50,3,eye,4.040982,8.597134,6.1436210000000004
bass_1,s05,51,120,50,1,lj,2.941021,8.388534,4.370006
bass_1,s05,51,120,50,6,p2,7.76566319188006,6.201226284730496,6.5981223542256116
bass_1,s05,51,120,50,4,pm,3.088338,8.621936,4.462514
bass_1,s05,51,120,50,8,quad,4.416187296532694,7.114601059116898,5.395454074761381
bass_1,s05,51,120,50,2,so,5.028828,6.644149,5.778181
bass_1,s05,51,120,50,7,uro,NA,NA,NA
bass_1,s05,52,121,51,5,basi,3.388951,7.784537,4.443099
bass_1,s05,52,121,51,3,eye,4.030515,8.575824,6.1430110000000004
bass_1,s05,52,121,51,1,lj,2.933046,8.375267,4.390411
bass_1,s05,52,121,51,6,p2,7.758579480997694,6.191473406233957,6.585209912505127
bass_1,s05,52,121,51,4,pm,3.086148,8.608235,4.477366
bass_1,s05,52,121,51,8,quad,4.440975326872483,7.090285108859428,5.414908214984157
bass_1,s05,52,121,51,2,so,5.030896,6.630711,5.760216
bass_1,s05,52,121,51,7,uro,NA,NA,NA
bass_1,s05,53,122,52,5,basi,3.359718,7.763312,4.457094
bass_1,s05,53,122,52,3,eye,4.029284,8.560963,6.153728
bass_1,s05,53,122,52,1,lj,2.913585,8.364797,4.383898
bass_1,s05,53,122,52,6,p2,7.754842222170694,6.186196126471967,6.577886346951628
bass_1,s05,53,122,52,4,pm,3.069533,8.590514,4.498984
bass_1,s05,53,122,52,8,quad,4.4076284122181715,7.063540966727307,5.377123669750229
bass_1,s05,53,122,52,2,so,5.033017,6.612873,5.742296
bass_1,s05,53,122,52,7,uro,NA,NA,NA
bass_1,s05,54,123,53,5,basi,3.351229,7.777775,4.464281
bass_1,s05,54,123,53,3,eye,4.024751,8.55025,6.153405
bass_1,s05,54,123,53,1,lj,2.914556,8.334705,4.391298
bass_1,s05,54,123,53,6,p2,7.751727133347171,6.181765195451528,6.571503143368142
bass_1,s05,54,123,53,4,pm,3.062258,8.577829,4.506758
bass_1,s05,54,123,53,8,quad,4.436792710303292,7.076551850640571,5.358663319216227
bass_1,s05,54,123,53,2,so,5.022214,6.594572,5.753727
bass_1,s05,54,123,53,7,uro,NA,NA,NA
bass_1,s05,55,124,54,5,basi,3.346356,7.756972,4.47908
bass_1,s05,55,124,54,3,eye,4.021613,8.539416,6.153049
bass_1,s05,55,124,54,1,lj,2.897451,8.334446,4.397768
bass_1,s05,55,124,54,6,p2,7.748716152158408,6.17736514709354,6.565067572756263
bass_1,s05,55,124,54,4,pm,3.058241,8.564091,4.514024
bass_1,s05,55,124,54,8,quad,4.439644541475206,7.064909135706433,5.341692383020369
bass_1,s05,55,124,54,2,so,5.022541,6.595022,5.730065
bass_1,s05,55,124,54,7,uro,NA,NA,NA
bass_1,s05,56,125,55,5,basi,3.354394,7.755811,4.485924
bass_1,s05,56,125,55,3,eye,4.020451,8.529061,6.147356
bass_1,s05,56,125,55,1,lj,NA,NA,NA
bass_1,s05,56,125,55,6,p2,7.745678863601928,6.172996349150854,6.559307158593872
bass_1,s05,56,125,55,4,pm,3.058447,8.557502,4.514125
bass_1,s05,56,125,55,8,quad,NA,NA,NA
bass_1,s05,56,125,55,2,so,NA,NA,NA
bass_1,s05,56,125,55,7,uro,NA,NA,NA
bass_2,s01,1,130,0,3,basi,8.897913,1.634842,0.932767
bass_2,s01,1,130,0,2,eye,10.137926,1.669928,1.452101
bass_2,s01,1,130,0,1,lj,8.394248,2.21014,1.35349
bass_2,s01,1,130,0,6,p2,11.139230630268582,-0.6733859309656762,-0.6407129620806855
bass_2,s01,1,130,0,6,pm,8.644336,2.370295,1.148975
bass_2,s01,1,130,0,8,quad,NA,NA,NA
bass_2,s01,1,130,0,7,so,NA,NA,NA
bass_2,s01,1,130,0,4,uro,9.325101,1.170347,0.665671
bass_2,s01,2,131,1,3,basi,8.884816,1.655849,0.952243
bass_2,s01,2,131,1,2,eye,10.12057,1.684632,1.459304
bass_2,s01,2,131,1,1,lj,8.37875,2.23557,1.371492
bass_2,s01,2,131,1,6,p2,11.134152356521795,-0.6720827975193857,-0.6373186400224622
bass_2,s01,2,131,1,6,pm,8.62121,2.384152,1.14733
bass_2,s01,2,131,1,8,quad,NA,NA,NA
bass_2,s01,2,131,1,7,so,NA,NA,NA
bass_2,s01,2,131,1,4,uro,9.304302,1.176118,0.673765
bass_2,s01,3,132,2,3,basi,8.861631,1.664367,0.955647
bass_2,s01,3,132,2,2,eye,10.127225,1.686654,1.473131
bass_2,s01,3,132,2,1,lj,8.348681,2.222466,1.38623
bass_2,s01,3,132,2,6,p2,11.129779921970226,-0.6704508625280691,-0.6345620114457895
bass_2,s01,3,132,2,6,pm,8.604235,2.404437,1.161841
bass_2,s01,3,132,2,8,quad,NA,NA,NA
bass_2,s01,3,132,2,7,so,NA,NA,NA
bass_2,s01,3,132,2,4,uro,9.279002,1.194752,0.688439
bass_2,s01,4,133,3,3,basi,8.831773,1.673649,0.980223
bass_2,s01,4,133,3,2,eye,10.10978,1.699504,1.490029
bass_2,s01,4,133,3,1,lj,8.335,2.242864,1.398008
bass_2,s01,4,133,3,6,p2,11.12489329305031,-0.6684735054904682,-0.6310366329877647
bass_2,s01,4,133,3,6,pm,8.573196,2.416461,1.176919
bass_2,s01,4,133,3,8,quad,NA,NA,NA
bass_2,s01,4,133,3,7,so,NA,NA,NA
bass_2,s01,4,133,3,4,uro,9.265767,1.212883,0.70717
bass_2,s01,5,134,4,3,basi,8.82643,1.672778,0.984574
bass_2,s01,5,134,4,2,eye,10.082577,1.710535,1.507217
bass_2,s01,5,134,4,1,lj,8.313692,2.214123,1.41049
bass_2,s01,5,134,4,6,p2,11.119634307427532,-0.6660910109440334,-0.626831962607387
bass_2,s01,5,134,4,6,pm,8.550563,2.431384,1.195191
bass_2,s01,5,134,4,8,quad,NA,NA,NA
bass_2,s01,5,134,4,7,so,NA,NA,NA
bass_2,s01,5,134,4,4,uro,9.238329,1.228082,0.722788
bass_2,s01,6,135,5,3,basi,8.804133,1.681683,0.991792
bass_2,s01,6,135,5,2,eye,10.065802,1.719674,1.5149
bass_2,s01,6,135,5,1,lj,8.285561,2.23002,1.419341
bass_2,s01,6,135,5,6,p2,11.109978725053058,-0.6616097415368882,-0.6193629500880038
bass_2,s01,6,135,5,6,pm,8.528325,2.442618,1.193907
bass_2,s01,6,135,5,8,quad,NA,NA,NA
bass_2,s01,6,135,5,7,so,NA,NA,NA
bass_2,s01,6,135,5,4,uro,9.222245,1.237032,0.729925
bass_2,s01,7,136,6,3,basi,8.763053,1.679663,1.013673
bass_2,s01,7,136,6,2,eye,10.047099,1.733844,1.520224
bass_2,s01,7,136,6,1,lj,8.268072,2.250142,1.430942
bass_2,s01,7,136,6,6,p2,11.098160975434638,-0.6566416229311943,-0.6109625016633209
bass_2,s01,7,136,6,6,pm,8.509943,2.451958,1.203071
bass_2,s01,7,136,6,8,quad,NA,NA,NA
bass_2,s01,7,136,6,7,so,NA,NA,NA
bass_2,s01,7,136,6,4,uro,9.199991,1.246885,0.737418
bass_2,s01,8,137,7,3,basi,8.760646,1.684168,1.013268
bass_2,s01,8,137,7,2,eye,10.022647,1.739455,1.526523
bass_2,s01,8,137,7,1,lj,8.245684,2.261241,1.443708
bass_2,s01,8,137,7,6,p2,11.085988639822638,-0.6508203189690438,-0.6016740158675538
bass_2,s01,8,137,7,6,pm,8.494848,2.466327,1.2115340000000001
bass_2,s01,8,137,7,8,quad,9.447582506537872,0.8533375683278024,1.0221596951255183
bass_2,s01,8,137,7,7,so,9.894482,0.276897,0.863575
bass_2,s01,8,137,7,4,uro,9.183537,1.256694,0.757317
bass_2,s01,9,138,8,3,basi,8.737889,1.702027,1.019728
bass_2,s01,9,138,8,2,eye,10.012396,1.753482,1.538474
bass_2,s01,9,138,8,1,lj,8.221522,2.261701,1.450196
bass_2,s01,9,138,8,6,p2,11.07286269106632,-0.6436965024437021,-0.5923056828271605
bass_2,s01,9,138,8,6,pm,8.480845,2.477271,1.21024
bass_2,s01,9,138,8,8,quad,9.395008333140671,0.8054196257591983,1.0572298771024207
bass_2,s01,9,138,8,7,so,9.875024,0.284861,0.868169
bass_2,s01,9,138,8,4,uro,9.175075,1.266231,0.768987
bass_2,s01,10,139,9,3,basi,8.725812,1.71665,1.03574
bass_2,s01,10,139,9,2,eye,9.99503,1.763567,1.546651
bass_2,s01,10,139,9,1,lj,8.197827,2.277179,1.47226
bass_2,s01,10,139,9,6,p2,11.058444209354796,-0.6357149602362474,-0.5817983118314325
bass_2,s01,10,139,9,6,pm,8.468513,2.488713,1.222155
bass_2,s01,10,139,9,8,quad,9.383585605229227,0.8161729427424809,1.0735376264706367
bass_2,s01,10,139,9,7,so,9.856325,0.308802,0.87696
bass_2,s01,10,139,9,4,uro,9.142286,1.268903,0.790385
bass_2,s01,11,140,10,3,basi,8.704372,1.730626,1.047109
bass_2,s01,11,140,10,2,eye,9.976694,1.773659,1.557008
bass_2,s01,11,140,10,1,lj,8.182309,2.302308,1.480268
bass_2,s01,11,140,10,6,p2,11.04341760987116,-0.6263563731238039,-0.5705642876631005
bass_2,s01,11,140,10,6,pm,8.449956,2.494864,1.228136
bass_2,s01,11,140,10,8,quad,9.392827108791304,0.906703733091727,1.0642846168391944
bass_2,s01,11,140,10,7,so,9.839685,0.332148,0.885512
bass_2,s01,11,140,10,4,uro,9.120549,1.281741,0.792656
bass_2,s01,12,141,11,3,basi,8.694431,1.739188,1.046002
bass_2,s01,12,141,11,2,eye,9.959808,1.783467,1.565065
bass_2,s01,12,141,11,1,lj,8.167818,2.303135,1.487115
bass_2,s01,12,141,11,6,p2,11.026860328943917,-0.6180511279010352,-0.5589164294217279
bass_2,s01,12,141,11,6,pm,8.436739,2.506371,1.236854
bass_2,s01,12,141,11,8,quad,9.321707559317026,0.8926175633624774,1.0567545879568487
bass_2,s01,12,141,11,7,so,9.822776,0.337221,0.896633
bass_2,s01,12,141,11,4,uro,9.102588,1.276,0.8236
bass_2,s01,13,142,12,3,basi,8.666805,1.783226,1.058215
bass_2,s01,13,142,12,2,eye,9.946899,1.793603,1.575547
bass_2,s01,13,142,12,1,lj,8.141031,2.304459,1.497346
bass_2,s01,13,142,12,6,p2,11.009514283605702,-0.6084021477862293,-0.5467320365953066
bass_2,s01,13,142,12,6,pm,8.421608,2.514838,1.235949
bass_2,s01,13,142,12,8,quad,9.33601560576283,0.9142684046530557,1.065676662334131
bass_2,s01,13,142,12,7,so,9.795608,0.351548,0.918728
bass_2,s01,13,142,12,4,uro,9.067749,1.302265,0.824474
bass_2,s01,14,143,13,3,basi,8.648006,1.784618,1.071213
bass_2,s01,14,143,13,2,eye,9.934006,1.80321,1.587957
bass_2,s01,14,143,13,1,lj,8.116514,2.305647,1.517541
bass_2,s01,14,143,13,6,p2,10.9911873109193,-0.5993064722125722,-0.5341773304298864
bass_2,s01,14,143,13,6,pm,8.402194,2.522995,1.234809
bass_2,s01,14,143,13,8,quad,9.296294623354099,0.8963367424396358,1.0725397306736324
bass_2,s01,14,143,13,7,so,9.772664,0.368315,0.928611
bass_2,s01,14,143,13,4,uro,9.049925,1.303643,0.841369
bass_2,s01,15,144,14,3,basi,8.624721,1.786329,1.088502
bass_2,s01,15,144,14,2,eye,9.909991,1.81809,1.600181
bass_2,s01,15,144,14,1,lj,8.096351,2.306104,1.524104
bass_2,s01,15,144,14,6,p2,10.972213827567767,-0.5904698988511308,-0.5206422342597751
bass_2,s01,15,144,14,6,pm,8.379498,2.532458,1.247241
bass_2,s01,15,144,14,8,quad,9.328322640979716,0.9215997397487166,1.1322606935042103
bass_2,s01,15,144,14,7,so,9.752368,0.387883,0.937625
bass_2,s01,15,144,14,4,uro,8.999082,1.33602,0.863055
bass_2,s01,16,145,15,3,basi,8.609297,1.785638,1.083712
bass_2,s01,16,145,15,2,eye,9.89017,1.825448,1.61051
bass_2,s01,16,145,15,1,lj,8.068109,2.306786,1.533982
bass_2,s01,16,145,15,6,p2,10.953247943788538,-0.5830555225322194,-0.5070888248068802
bass_2,s01,16,145,15,6,pm,8.361764,2.541566,1.262815
bass_2,s01,16,145,15,8,quad,9.326000567546906,0.9107640336290644,1.1301155383832562
bass_2,s01,16,145,15,7,so,9.736969,0.397308,0.948634
bass_2,s01,16,145,15,4,uro,8.987391,1.352754,0.852447
bass_2,s01,17,146,16,3,basi,8.5871,1.786746,1.096516
bass_2,s01,17,146,16,2,eye,9.872839,1.835386,1.616469
bass_2,s01,17,146,16,1,lj,8.0455,2.313156,1.553963
bass_2,s01,17,146,16,6,p2,10.932924154126257,-0.5772076649701346,-0.4926667473752479
bass_2,s01,17,146,16,6,pm,8.342349,2.550633,1.268637
bass_2,s01,17,146,16,8,quad,9.279435182414735,0.9441859086473359,1.1716988988636619
bass_2,s01,17,146,16,7,so,9.727375,0.410011,0.964657
bass_2,s01,17,146,16,4,uro,8.96138,1.36347,0.864517
bass_2,s01,18,147,17,3,basi,8.557519,1.788903,1.122329
bass_2,s01,18,147,17,2,eye,9.854408,1.852524,1.628618
bass_2,s01,18,147,17,1,lj,8.01064,2.30965,1.567826
bass_2,s01,18,147,17,6,p2,10.911595798730945,-0.5731821560522944,-0.4768789821355213
bass_2,s01,18,147,17,6,pm,8.333992,2.562398,1.287326
bass_2,s01,18,147,17,8,quad,9.279390654611607,0.9448446886511804,1.1994570078298075
bass_2,s01,18,147,17,7,so,9.705831,0.433159,0.973159
bass_2,s01,18,147,17,4,uro,8.949303,1.369965,0.906242
bass_2,s01,19,148,18,3,basi,8.524774,1.785463,1.131099
bass_2,s01,19,148,18,2,eye,9.834394,1.862113,1.634367
bass_2,s01,19,148,18,1,lj,7.994308,2.315498,1.580984
bass_2,s01,19,148,18,6,p2,10.889084940570786,-0.57103583569949945,-0.46042633336633926
bass_2,s01,19,148,18,6,pm,8.321722,2.573679,1.295988
bass_2,s01,19,148,18,8,quad,9.18278216154264,0.9588798264724836,1.1886422957689293
bass_2,s01,19,148,18,7,so,9.693538,0.444539,0.977304
bass_2,s01,19,148,18,4,uro,8.906328,1.389741,0.921491
bass_2,s01,20,149,19,3,basi,8.503549,1.786523,1.1355
bass_2,s01,20,149,19,2,eye,9.819983,1.87397,1.64002
bass_2,s01,20,149,19,1,lj,7.955676,2.316804,1.594347
bass_2,s01,20,149,19,6,p2,10.866159642935951,-0.5716176814850176,-0.4436028815134343
bass_2,s01,20,149,19,6,pm,8.296691,2.604864,1.312781
bass_2,s01,20,149,19,8,quad,9.216015125786917,0.9770131876644169,1.1618994721038594
bass_2,s01,20,149,19,7,so,9.678486,0.449183,0.985498
bass_2,s01,20,149,19,4,uro,8.880101,1.397478,0.923847
bass_2,s01,21,150,20,3,basi,8.477734,1.787886,1.156773
bass_2,s01,21,150,20,2,eye,9.804789,1.883611,1.652469
bass_2,s01,21,150,20,1,lj,7.919023,2.318041,1.604373
bass_2,s01,21,150,20,6,p2,10.84220118074205,-0.5735298020393979,-0.4245685238030019
bass_2,s01,21,150,20,6,pm,8.288996,2.61927,1.318252
bass_2,s01,21,150,20,8,quad,9.162181111133016,0.9911445533430405,1.1378624483529758
bass_2,s01,21,150,20,7,so,9.662408,0.465568,0.995374
bass_2,s01,21,150,20,4,uro,8.870659,1.434587,0.924258
bass_2,s01,22,151,21,3,basi,8.444779,1.775361,1.157791
bass_2,s01,22,151,21,2,eye,9.794054,1.897762,1.662412
bass_2,s01,22,151,21,1,lj,7.892749,2.308502,1.604841
bass_2,s01,22,151,21,6,p2,10.81685451748655,-0.57883467589353,-0.4046164498028058
bass_2,s01,22,151,21,6,pm,8.277245,2.641371,1.325873
bass_2,s01,22,151,21,8,quad,9.137725234480918,0.979725691374207,1.180501454651599
bass_2,s01,22,151,21,7,so,9.637326,0.483206,1.014181
bass_2,s01,22,151,21,4,uro,8.835644,1.398767,0.92795
bass_2,s01,23,152,22,3,basi,8.406768,1.769536,1.184672
bass_2,s01,23,152,22,2,eye,9.783329,1.908931,1.669992
bass_2,s01,23,152,22,1,lj,7.843175,2.305908,1.618919
bass_2,s01,23,152,22,6,p2,10.79032347181705,-0.5859160055485207,-0.38350397546232445
bass_2,s01,23,152,22,6,pm,8.250694,2.674615,1.325843
bass_2,s01,23,152,22,8,quad,9.105399114520559,0.9952482894287439,1.1893137614165044
bass_2,s01,23,152,22,7,so,9.623327,0.499018,1.023841
bass_2,s01,23,152,22,4,uro,8.819117,1.391463,0.9417
bass_2,s01,24,153,23,3,basi,8.378428,1.766041,1.193468
bass_2,s01,24,153,23,2,eye,9.761409,1.924378,1.682635
bass_2,s01,24,153,23,1,lj,7.804793,2.291804,1.626398
bass_2,s01,24,153,23,6,p2,10.76299241706672,-0.5946834796160921,-0.3602763922870823
bass_2,s01,24,153,23,6,pm,8.240252,2.696763,1.327027
bass_2,s01,24,153,23,8,quad,9.145425445802754,1.0629375492545614,1.1496092861601241
bass_2,s01,24,153,23,7,so,9.608499,0.507975,1.04316
bass_2,s01,24,153,23,4,uro,8.784463,1.394174,0.967335
bass_2,s01,25,154,24,3,basi,8.340925,1.754114,1.203086
bass_2,s01,25,154,24,2,eye,9.747969,1.942644,1.687573
bass_2,s01,25,154,24,1,lj,7.760777,2.275144,1.658679
bass_2,s01,25,154,24,6,p2,10.734737113464584,-0.6054213264902752,-0.33736283490721963
bass_2,s01,25,154,24,6,pm,8.230875,2.718553,1.324782
bass_2,s01,25,154,24,8,quad,9.07679219662078,1.0148241377839868,1.2516858104060702
bass_2,s01,25,154,24,7,so,9.588037,0.517643,1.059934
bass_2,s01,25,154,24,4,uro,8.760076,1.38207,0.977041
bass_2,s01,26,155,25,3,basi,8.293686,1.740104,1.235076
bass_2,s01,26,155,25,2,eye,9.737522,1.958762,1.692817
bass_2,s01,26,155,25,1,lj,7.707989,2.276707,1.668587
bass_2,s01,26,155,25,6,p2,10.705711609333042,-0.6177051241070434,-0.31215482154663177
bass_2,s01,26,155,25,6,pm,8.214922,2.753802,1.317773
bass_2,s01,26,155,25,8,quad,9.052603246871406,1.013223666429241,1.2328454271369584
bass_2,s01,26,155,25,7,so,9.573473,0.521764,1.070741
bass_2,s01,26,155,25,4,uro,8.723907,1.366601,0.995758
bass_2,s01,27,156,26,3,basi,8.258127,1.737399,1.252527
bass_2,s01,27,156,26,2,eye,9.72342,1.977532,1.702425
bass_2,s01,27,156,26,1,lj,7.658689,2.253885,1.68049
bass_2,s01,27,156,26,6,p2,10.676124221390074,-0.6312253310821916,-0.28668695710068187
bass_2,s01,27,156,26,6,pm,8.208502,2.788563,1.304123
bass_2,s01,27,156,26,8,quad,9.003819028751193,0.9884035682754504,1.2321182241355564
bass_2,s01,27,156,26,7,so,9.55092,0.526298,1.100807
bass_2,s01,27,156,26,4,uro,8.696681,1.35529,1.014057
bass_2,s01,28,157,27,3,basi,8.208666,1.734742,1.273965
bass_2,s01,28,157,27,2,eye,9.712164,1.995885,1.709676
bass_2,s01,28,157,27,1,lj,7.607168,2.22606,1.682687
bass_2,s01,28,157,27,6,p2,10.646538757631529,-0.6436427178174662,-0.26037520591500296
bass_2,s01,28,157,27,6,pm,8.190447,2.824398,1.300627
bass_2,s01,28,157,27,8,quad,9.0026999904437,1.0249329369112385,1.2945599871852291
bass_2,s01,28,157,27,7,so,9.518887,0.554742,1.123753
bass_2,s01,28,157,27,4,uro,8.668664,1.348898,1.036308
bass_2,s01,29,158,28,3,basi,8.153986,1.73701,1.2994
bass_2,s01,29,158,28,2,eye,9.703112,2.012833,1.72643
bass_2,s01,29,158,28,1,lj,7.545903,2.213682,1.703914
bass_2,s01,29,158,28,6,p2,10.616446593396816,-0.657771208570335,-0.23346005609917603
bass_2,s01,29,158,28,6,pm,8.192682,2.873314,1.299148
bass_2,s01,29,158,28,8,quad,8.950753682331412,1.0276849601249871,1.2521436492970122
bass_2,s01,29,158,28,7,so,9.49972,0.570735,1.133521
bass_2,s01,29,158,28,4,uro,8.634462,1.320434,1.056328
bass_2,s01,30,159,29,3,basi,8.102405,1.7306839999999999,1.321551
bass_2,s01,30,159,29,2,eye,9.689767,2.036278,1.733592
bass_2,s01,30,159,29,1,lj,7.502457,2.196486,1.729154
bass_2,s01,30,159,29,6,p2,10.58677526629163,-0.6702585625780464,-0.2073031160541192
bass_2,s01,30,159,29,6,pm,8.170242,2.912297,1.305374
bass_2,s01,30,159,29,8,quad,8.959145030433833,1.0518835358014529,1.3005172206602587
bass_2,s01,30,159,29,7,so,9.488829,0.585428,1.162006
bass_2,s01,30,159,29,4,uro,8.6005,1.314223,1.070304
bass_2,s01,31,160,30,3,basi,8.090047,1.709457,1.331991
bass_2,s01,31,160,30,2,eye,9.673474,2.060848,1.761197
bass_2,s01,31,160,30,1,lj,7.445806,2.18832,1.743057
bass_2,s01,31,160,30,6,p2,10.557975290893252,-0.682683606863886,-0.17998393930065804
bass_2,s01,31,160,30,6,pm,8.168683,2.947738,1.305238
bass_2,s01,31,160,30,8,quad,8.916146868241484,1.0266727438126033,1.3171969856707846
bass_2,s01,31,160,30,7,so,9.474936,0.595613,1.190537
bass_2,s01,31,160,30,4,uro,8.560008,1.301225,1.07924
bass_2,s01,32,161,31,3,basi,8.047362,1.685757,1.347482
bass_2,s01,32,161,31,2,eye,9.6683229999999991,2.085161,1.765421
bass_2,s01,32,161,31,1,lj,7.386376,2.153721,1.780519
bass_2,s01,32,161,31,6,p2,10.529065646314969,-0.693622897374916,-0.15452929291958034
bass_2,s01,32,161,31,6,pm,8.155562,3.002299,1.299809
bass_2,s01,32,161,31,8,quad,8.861068193747082,1.0255912651667833,1.3162028778250134
bass_2,s01,32,161,31,7,so,9.450632,0.616229,1.20878
bass_2,s01,32,161,31,4,uro,8.525453,1.303934,1.104809
bass_2,s01,33,162,32,3,basi,8.002509,1.665837,1.362225
bass_2,s01,33,162,32,2,eye,9.654546,2.104265,1.775309
bass_2,s01,33,162,32,1,lj,7.330683,2.137002,1.80571
bass_2,s01,33,162,32,6,p2,10.501010206961062,-0.7027003946908473,-0.12835906110436388
bass_2,s01,33,162,32,6,pm,8.140839,3.045964,1.295393
bass_2,s01,33,162,32,8,quad,8.859299476176602,1.0614050310934913,1.3513075885590076
bass_2,s01,33,162,32,7,so,9.439546,0.641511,1.238612
bass_2,s01,33,162,32,4,uro,8.496808,1.306998,1.13478
bass_2,s01,34,163,33,3,basi,7.973066,1.641653,1.373463
bass_2,s01,34,163,33,2,eye,9.648309,2.131658,1.78643
bass_2,s01,34,163,33,1,lj,7.274086,2.1338,1.81924
bass_2,s01,34,163,33,6,p2,10.47430358084062,-0.7105901126958337,-0.10357654452453412
bass_2,s01,34,163,33,6,pm,8.113973,3.076422,1.292297
bass_2,s01,34,163,33,8,quad,8.841213957491716,1.0417129928236561,1.438338203375723
bass_2,s01,34,163,33,7,so,9.421809,0.661059,1.28145
bass_2,s01,34,163,33,4,uro,8.440301,1.288621,1.166565
bass_2,s01,35,164,34,3,basi,7.939285,1.634455,1.395352
bass_2,s01,35,164,34,2,eye,9.636064,2.15132,1.803324
bass_2,s01,35,164,34,1,lj,7.220866,2.121794,1.847292
bass_2,s01,35,164,34,6,p2,10.44846707421982,-0.7160909198047205,-0.07904491371045133
bass_2,s01,35,164,34,6,pm,8.098512,3.106285,1.2890760000000001
bass_2,s01,35,164,34,8,quad,8.817636837630278,1.1151009478227043,1.4665671788006687
bass_2,s01,35,164,34,7,so,9.401502,0.698147,1.321684
bass_2,s01,35,164,34,4,uro,8.407383,1.269503,1.190065
bass_2,s01,36,165,35,3,basi,7.903765,1.632072,1.417064
bass_2,s01,36,165,35,2,eye,9.624991,2.172697,1.819798
bass_2,s01,36,165,35,1,lj,7.185462,2.109284,1.865442
bass_2,s01,36,165,35,6,p2,10.423046702560583,-0.7204808452071371,-0.05561322879763208
bass_2,s01,36,165,35,6,pm,8.08635,3.148103,1.301961
bass_2,s01,36,165,35,8,quad,8.768193739692247,1.142317822290295,1.4966601407863263
bass_2,s01,36,165,35,7,so,9.384334,0.720513,1.352454
bass_2,s01,36,165,35,4,uro,8.353325,1.264058,1.220534
bass_2,s01,37,166,36,3,basi,7.889343,1.628803,1.426131
bass_2,s01,37,166,36,2,eye,9.617562,2.202317,1.828556
bass_2,s01,37,166,36,1,lj,7.163261,2.095519,1.876501
bass_2,s01,37,166,36,6,p2,10.399476904924263,-0.7219156847132915,-0.03340951397700954
bass_2,s01,37,166,36,6,pm,8.067333,3.184365,1.321858
bass_2,s01,37,166,36,8,quad,8.719976976949173,1.1157982097045547,1.5747455703691637
bass_2,s01,37,166,36,7,so,9.374413,0.742687,1.39468
bass_2,s01,37,166,36,4,uro,8.308337,1.240256,1.23991
bass_2,s01,38,167,37,3,basi,7.859321,1.635198,1.455555
bass_2,s01,38,167,37,2,eye,9.605523,2.21187,1.839016
bass_2,s01,38,167,37,1,lj,7.133274,2.10123,1.885997
bass_2,s01,38,167,37,6,p2,10.376225168431182,-0.7217362956151616,-0.01227796546156367
bass_2,s01,38,167,37,6,pm,8.040121,3.24278,1.333158
bass_2,s01,38,167,37,8,quad,8.750530838927858,1.1319750628212737,1.5469871292181112
bass_2,s01,38,167,37,7,so,9.342437,0.773172,1.430567
bass_2,s01,38,167,37,4,uro,8.268577,1.233447,1.25752
bass_2,s01,39,168,38,3,basi,7.836285,1.6366,1.468445
bass_2,s01,39,168,38,2,eye,9.59397,2.23054,1.853269
bass_2,s01,39,168,38,1,lj,7.096988,2.108103,1.915861
bass_2,s01,39,168,38,6,p2,10.35495133379984,-0.7188207851049508,0.0075665105406032
bass_2,s01,39,168,38,6,pm,8.011745,3.270723,1.337089
bass_2,s01,39,168,38,8,quad,8.710226531331202,1.1352042531563338,1.6187394245160376
bass_2,s01,39,168,38,7,so,9.327504,0.790624,1.458514
bass_2,s01,39,168,38,4,uro,8.24873,1.2115340000000001,1.259128
bass_2,s01,40,169,39,3,basi,7.818134,1.624598,1.478179
bass_2,s01,40,169,39,2,eye,9.577394,2.249411,1.865334
bass_2,s01,40,169,39,1,lj,7.072607,2.123857,1.928246
bass_2,s01,40,169,39,6,p2,10.334773608757969,-0.7129621186957702,0.02772109186733427
bass_2,s01,40,169,39,6,pm,8.001978,3.289987,1.338535
bass_2,s01,40,169,39,8,quad,8.708312499897728,1.1511763733426386,1.6250556709087913
bass_2,s01,40,169,39,7,so,9.310968,0.802367,1.502414
bass_2,s01,40,169,39,4,uro,8.208369,1.204031,1.272239
bass_2,s01,41,170,40,3,basi,7.767837,1.636795,1.524381
bass_2,s01,41,170,40,2,eye,9.563102,2.271051,1.877547
bass_2,s01,41,170,40,1,lj,7.050707,2.135153,1.957811
bass_2,s01,41,170,40,6,p2,10.315116902492282,-0.7050415187970087,0.04569027161684646
bass_2,s01,41,170,40,6,pm,7.974857,3.315692,1.366321
bass_2,s01,41,170,40,8,quad,8.674867061820093,1.1795952514230281,1.6262536750527097
bass_2,s01,41,170,40,7,so,9.293456,0.825308,1.542331
bass_2,s01,41,170,40,4,uro,8.177617,1.193891,1.299094
bass_2,s01,42,171,41,3,basi,7.737168,1.642619,1.540998
bass_2,s01,42,171,41,2,eye,9.548338,2.284382,1.887265
bass_2,s01,42,171,41,1,lj,7.024146,2.146461,1.977391
bass_2,s01,42,171,41,6,p2,10.297155914705453,-0.6944160750018782,0.06225007618861687
bass_2,s01,42,171,41,6,pm,7.940212,3.336529,1.394852
bass_2,s01,42,171,41,8,quad,8.632039169595046,1.2016783665701476,1.7266742133923272
bass_2,s01,42,171,41,7,so,9.272657,0.835847,1.577087
bass_2,s01,42,171,41,4,uro,8.145932,1.191243,1.312192
bass_2,s01,43,172,42,3,basi,7.690931,1.65787,1.565384
bass_2,s01,43,172,42,2,eye,9.531288,2.300563,1.897089
bass_2,s01,43,172,42,1,lj,7.004515,2.171216,1.985516
bass_2,s01,43,172,42,6,p2,10.280106957940635,-0.6808062626550125,0.07833131134579314
bass_2,s01,43,172,42,6,pm,7.898319,3.362973,1.426217
bass_2,s01,43,172,42,8,quad,8.631419602264565,1.2272416176615308,1.7634081905285375
bass_2,s01,43,172,42,7,so,9.249873,0.857175,1.613363
bass_2,s01,43,172,42,4,uro,8.120661,1.192215,1.324614
bass_2,s01,44,173,43,3,basi,7.664982,1.667338,1.573002
bass_2,s01,44,173,43,2,eye,9.50514,2.318051,1.911919
bass_2,s01,44,173,43,1,lj,6.982467,2.177299,2.005353
bass_2,s01,44,173,43,6,p2,10.264505079052611,-0.664574569171003,0.0941856334137164
bass_2,s01,44,173,43,6,pm,7.872958,3.384031,1.461812
bass_2,s01,44,173,43,8,quad,8.584557978847979,1.2331636962205748,1.772285870229019
bass_2,s01,44,173,43,7,so,9.228414,0.874693,1.647195
bass_2,s01,44,173,43,4,uro,8.084054,1.181716,1.347058
bass_2,s01,45,174,44,3,basi,7.644408,1.669122,1.594519
bass_2,s01,45,174,44,2,eye,9.483323,2.328097,1.924779
bass_2,s01,45,174,44,1,lj,6.958165,2.197773,2.017407
bass_2,s01,45,174,44,6,p2,10.249859730479075,-0.6459759423466415,0.10873301213778408
bass_2,s01,45,174,44,6,pm,7.835755,3.39635,1.490986
bass_2,s01,45,174,44,8,quad,8.554157436653385,1.2667271962086097,1.7100172498146202
bass_2,s01,45,174,44,7,so,9.211102,0.893046,1.681561
bass_2,s01,45,174,44,4,uro,8.067434,1.177718,1.35147
bass_2,s01,46,175,45,3,basi,7.617346,1.65328,1.608869
bass_2,s01,46,175,45,2,eye,9.459472,2.342158,1.942089
bass_2,s01,46,175,45,1,lj,6.942281,2.212748,2.022971
bass_2,s01,46,175,45,6,p2,10.235848080679164,-0.6236752530181341,0.12143242367912432
bass_2,s01,46,175,45,6,pm,7.809265,3.405678,1.510454
bass_2,s01,46,175,45,8,quad,8.595117399591132,1.2221934587133676,1.7605596024711434
bass_2,s01,46,175,45,7,so,9.197843,0.904712,1.72577
bass_2,s01,46,175,45,4,uro,8.0344,1.178909,1.359778
bass_2,s01,47,176,46,3,basi,7.592211,1.646327,1.62681
bass_2,s01,47,176,46,2,eye,9.437617,2.359168,1.956642
bass_2,s01,47,176,46,1,lj,6.925152,2.256653,2.033027
bass_2,s01,47,176,46,6,p2,10.222223843429958,-0.599824852654229,0.13343585322681634
bass_2,s01,47,176,46,6,pm,7.794992,3.424934,1.518631
bass_2,s01,47,176,46,8,quad,8.584164855439292,1.285129796784525,1.8584658132890037
bass_2,s01,47,176,46,7,so,9.177776,0.922048,1.751063
bass_2,s01,47,176,46,4,uro,7.998738,1.180261,1.36813
bass_2,s01,48,177,47,3,basi,7.583806,1.634004,1.636467
bass_2,s01,48,177,47,2,eye,9.420373,2.371071,1.980778
bass_2,s01,48,177,47,1,lj,6.909705,2.285733,2.034026
bass_2,s01,48,177,47,6,p2,10.210112180241865,-0.5736785936392167,0.14505182828576035
bass_2,s01,48,177,47,6,pm,7.781462,3.433516,1.524575
bass_2,s01,48,177,47,8,quad,8.543820867692729,1.3673005844613448,1.8380072060695958
bass_2,s01,48,177,47,7,so,9.170033,0.938949,1.78211
bass_2,s01,48,177,47,4,uro,7.970332,1.180439,1.371875
bass_2,s01,49,178,48,3,basi,7.576062,1.638731,1.644542
bass_2,s01,49,178,48,2,eye,9.394754,2.38546,1.997773
bass_2,s01,49,178,48,1,lj,6.900018,2.314994,2.038567
bass_2,s01,49,178,48,6,p2,10.198246688786018,-0.5461388167388239,0.1553541445915974
bass_2,s01,49,178,48,6,pm,7.735829,3.444024,1.554428
bass_2,s01,49,178,48,8,quad,8.507088435931074,1.286734901851392,1.8582071157426578
bass_2,s01,49,178,48,7,so,9.145476,0.919478,1.816924
bass_2,s01,49,178,48,4,uro,7.937865,1.199255,1.386987
bass_2,s01,50,179,49,3,basi,7.560162,1.639624,1.653111
bass_2,s01,50,179,49,2,eye,9.371523,2.38861,2.006376
bass_2,s01,50,179,49,1,lj,6.892387,2.330002,2.051003
bass_2,s01,50,179,49,6,p2,10.18657779112747,-0.5175812043867616,0.16584430289147067
bass_2,s01,50,179,49,6,pm,7.730215,3.438484,1.558092
bass_2,s01,50,179,49,8,quad,8.554081157771796,1.3373930073422478,1.8940128493336905
bass_2,s01,50,179,49,7,so,9.13671,0.932979,1.839896
bass_2,s01,50,179,49,4,uro,7.918273,1.203608,1.382191
bass_2,s01,51,180,50,3,basi,7.54406,1.641073,1.670332
bass_2,s01,51,180,50,2,eye,9.346461,2.386751,2.017766
bass_2,s01,51,180,50,1,lj,6.886146,2.354931,2.062938
bass_2,s01,51,180,50,6,p2,10.17532430174412,-0.48416810771176266,0.1723976514708827
bass_2,s01,51,180,50,6,pm,7.70233,3.439631,1.5782910000000001
bass_2,s01,51,180,50,8,quad,8.514099844338737,1.2868269338118838,1.9353042481822496
bass_2,s01,51,180,50,7,so,9.12236,0.943351,1.869208
bass_2,s01,51,180,50,4,uro,7.894311,1.201066,1.403669
bass_2,s01,52,181,51,3,basi,7.520342,1.632798,1.670856
bass_2,s01,52,181,51,2,eye,9.314916,2.394191,2.026884
bass_2,s01,52,181,51,1,lj,6.882201,2.374703,2.071758
bass_2,s01,52,181,51,6,p2,10.1640177539896,-0.4547107607572871,0.18151230466139928
bass_2,s01,52,181,51,6,pm,7.673983,3.426929,1.59618
bass_2,s01,52,181,51,8,quad,8.48995609437342,1.3410536188642523,1.8916810614237358
bass_2,s01,52,181,51,7,so,9.102525,0.94598,1.893242
bass_2,s01,52,181,51,4,uro,7.876135,1.196694,1.403749
bass_2,s01,53,182,52,3,basi,7.503823,1.63639,1.678817
bass_2,s01,53,182,52,2,eye,9.292265,2.394958,2.033614
bass_2,s01,53,182,52,1,lj,6.876932,2.408793,2.082781
bass_2,s01,53,182,52,6,p2,10.153358361764225,-0.4249933293586971,0.1900370347313312
bass_2,s01,53,182,52,6,pm,7.63514,3.415127,1.61771
bass_2,s01,53,182,52,8,quad,8.458025151475812,1.3756649847864149,1.9995059804763484
bass_2,s01,53,182,52,7,so,9.080406,0.947634,1.916741
bass_2,s01,53,182,52,4,uro,7.862878,1.197789,1.408221
bass_2,s01,54,183,53,3,basi,7.483016,1.6567,1.698922
bass_2,s01,54,183,53,2,eye,9.271195,2.398222,2.040081
bass_2,s01,54,183,53,1,lj,6.869365,2.433246,2.091142
bass_2,s01,54,183,53,6,p2,10.142209146485593,-0.3953248428429902,0.1981081324526879
bass_2,s01,54,183,53,6,pm,7.613673,3.391461,1.639915
bass_2,s01,54,183,53,8,quad,8.452982293225748,1.330066836195276,1.9953736022112918
bass_2,s01,54,183,53,7,so,9.055628,0.942317,1.941125
bass_2,s01,54,183,53,4,uro,7.842603,1.194535,1.417065
bass_2,s01,55,184,54,3,basi,7.457796,1.661974,1.711197
bass_2,s01,55,184,54,2,eye,9.247359,2.399103,2.051332
bass_2,s01,55,184,54,1,lj,6.86745,2.453101,2.103444
bass_2,s01,55,184,54,6,p2,10.131640078515602,-0.366478296648264,0.2058539070854012
bass_2,s01,55,184,54,6,pm,7.573634,3.37704,1.665006
bass_2,s01,55,184,54,8,quad,8.454127197120087,1.3391420416550643,1.9957656434039626
bass_2,s01,55,184,54,7,so,9.048668,0.939382,1.956134
bass_2,s01,55,184,54,4,uro,7.827961,1.199479,1.424976
bass_2,s01,56,185,55,3,basi,7.440807,1.663342,1.724198
bass_2,s01,56,185,55,2,eye,9.213572,2.391946,2.062981
bass_2,s01,56,185,55,1,lj,6.880295,2.482204,2.118479
bass_2,s01,56,185,55,6,p2,10.120852000152174,-0.3388849180139099,0.21362255071859637
bass_2,s01,56,185,55,6,pm,7.575338,3.336125,1.665082
bass_2,s01,56,185,55,8,quad,8.409691178888803,1.3458767951530113,1.9883112984177849
bass_2,s01,56,185,55,7,so,9.026776,0.917806,1.963941
bass_2,s01,56,185,55,4,uro,7.808377,1.203836,1.428396
bass_2,s01,57,186,56,3,basi,7.426098,1.663465,1.724016
bass_2,s01,57,186,56,2,eye,9.189379,2.388148,2.082585
bass_2,s01,57,186,56,1,lj,6.886396,2.51101,2.116479
bass_2,s01,57,186,56,6,p2,10.110217086195098,-0.3134811082070641,0.22225900179850264
bass_2,s01,57,186,56,6,pm,7.528318,3.323951,1.679496
bass_2,s01,57,186,56,8,quad,8.418678888438128,1.3834437365352044,2.031329039302494
bass_2,s01,57,186,56,7,so,9.012133,0.915864,1.979326
bass_2,s01,57,186,56,4,uro,7.792702,1.221149,1.430705
bass_2,s01,58,187,57,3,basi,7.397522,1.67759,1.735656
bass_2,s01,58,187,57,2,eye,9.171307,2.38854,2.081575
bass_2,s01,58,187,57,1,lj,6.892505,2.52053,2.11584
bass_2,s01,58,187,57,6,p2,10.100105572559828,-0.2895918651067749,0.22952765992063923
bass_2,s01,58,187,57,6,pm,7.496298,3.292669,1.699052
bass_2,s01,58,187,57,8,quad,8.422043885922898,1.3439336512349709,2.025374277845715
bass_2,s01,58,187,57,7,so,8.984462,0.902032,1.997991
bass_2,s01,58,187,57,4,uro,7.760601,1.222066,1.430678
bass_2,s01,59,188,58,3,basi,7.372893,1.674438,1.752954
bass_2,s01,59,188,58,2,eye,9.1454,2.389216,2.092676
bass_2,s01,59,188,58,1,lj,6.899683,2.553808,2.116671
bass_2,s01,59,188,58,6,p2,10.090197664433775,-0.26666004655216524,0.23666339331449285
bass_2,s01,59,188,58,6,pm,7.418808,3.242809,1.709599
bass_2,s01,59,188,58,8,quad,8.408133860707151,1.3806269262429978,2.048412851327925
bass_2,s01,59,188,58,7,so,8.956997,0.907016,2.000741
bass_2,s01,59,188,58,4,uro,7.751769,1.222792,1.4391370000000001
bass_2,s01,60,189,59,3,basi,7.366565,1.674893,1.753099
bass_2,s01,60,189,59,2,eye,9.125116,2.376358,2.100264
bass_2,s01,60,189,59,1,lj,6.904439,2.5727,2.115169
bass_2,s01,60,189,59,6,p2,10.080545620932632,-0.24570596119098484,0.2435968130794123
bass_2,s01,60,189,59,6,pm,7.400352,3.229813,1.717369
bass_2,s01,60,189,59,8,quad,8.367231732996709,1.3747264739629224,2.05625092428575
bass_2,s01,60,189,59,7,so,8.939288,0.902779,2.003391
bass_2,s01,60,189,59,4,uro,7.729221,1.228191,1.447178
bass_2,s01,61,190,60,3,basi,7.345949,1.691133,1.746844
bass_2,s01,61,190,60,2,eye,9.096057,2.367354,2.112607
bass_2,s01,61,190,60,1,lj,6.917318,2.586615,2.114068
bass_2,s01,61,190,60,6,p2,10.071184727450811,-0.2264283501428536,0.2496243094779988
bass_2,s01,61,190,60,6,pm,7.381606,3.211379,1.728892
bass_2,s01,61,190,60,8,quad,8.379126144967973,1.3668271465110937,2.0945318762334333
bass_2,s01,61,190,60,7,so,8.932399,0.903471,2.012254
bass_2,s01,61,190,60,4,uro,7.697605,1.239771,1.480341
bass_2,s01,62,191,61,3,basi,7.336414,1.705019,1.758724
bass_2,s01,62,191,61,2,eye,9.070212,2.365069,2.117023
bass_2,s01,62,191,61,1,lj,6.928001,2.620087,2.115085
bass_2,s01,62,191,61,6,p2,10.062324398208556,-0.20806664728810556,0.25466530164896795
bass_2,s01,62,191,61,6,pm,7.324527,3.120408,1.749955
bass_2,s01,62,191,61,8,quad,8.352973606668364,1.3682064839355224,2.031655660726711
bass_2,s01,62,191,61,7,so,8.91567,0.888334,2.021792
bass_2,s01,62,191,61,4,uro,7.696982,1.239148,1.475885
bass_2,s01,63,192,62,3,basi,7.313659,1.710331,1.766917
bass_2,s01,63,192,62,2,eye,9.052372,2.360195,2.117339
bass_2,s01,63,192,62,1,lj,6.934567,2.639185,2.117107
bass_2,s01,63,192,62,6,p2,10.053668471845413,-0.19195029995405524,0.2586287367711976
bass_2,s01,63,192,62,6,pm,7.309193,3.094939,1.765701
bass_2,s01,63,192,62,8,quad,8.377203322631809,1.3989580424480486,2.057536626872956
bass_2,s01,63,192,62,7,so,8.903282,0.889519,2.030815
bass_2,s01,63,192,62,4,uro,7.678914,1.24873,1.483554
bass_2,s01,64,193,63,3,basi,7.29886,1.720055,1.783337
bass_2,s01,64,193,63,2,eye,9.030557,2.347356,2.118183
bass_2,s01,64,193,63,1,lj,6.928575,2.624772,2.11805
bass_2,s01,64,193,63,6,p2,10.04560451417695,-0.1769004213731236,0.2618416582432398
bass_2,s01,64,193,63,6,pm,7.282518,3.076488,1.777187
bass_2,s01,64,193,63,8,quad,8.359096008245174,1.4378211904838014,2.0551282694457482
bass_2,s01,64,193,63,7,so,8.898499,0.909194,2.032519
bass_2,s01,64,193,63,4,uro,7.674742,1.257898,1.491229
bass_2,s01,65,194,64,3,basi,7.281299,1.720868,1.791863
bass_2,s01,65,194,64,2,eye,9.003946,2.337303,2.121048
bass_2,s01,65,194,64,1,lj,6.926445,2.634511,2.117382
bass_2,s01,65,194,64,6,p2,10.037811730338031,-0.16344488580505245,0.2643117540352606
bass_2,s01,65,194,64,6,pm,7.259538,3.063369,1.798527
bass_2,s01,65,194,64,8,quad,8.351848602438249,1.3333099072883605,2.0763586201861903
bass_2,s01,65,194,64,7,so,8.888548,0.897415,2.033026
bass_2,s01,65,194,64,4,uro,7.658509,1.262462,1.494828
bass_2,s01,66,195,65,3,basi,7.278628,1.720992,1.791886
bass_2,s01,66,195,65,2,eye,8.983148,2.327541,2.128639
bass_2,s01,66,195,65,1,lj,6.928312,2.63455,2.117439
bass_2,s01,66,195,65,6,p2,10.030379587680187,-0.15131802029369582,0.2652655324691259
bass_2,s01,66,195,65,6,pm,7.247329,3.036337,1.837843
bass_2,s01,66,195,65,8,quad,8.28440216747003,1.3724328876436036,2.0939702685945973
bass_2,s01,66,195,65,7,so,8.875137,0.88331,2.034519
bass_2,s01,66,195,65,4,uro,7.643988,1.271602,1.494103
bass_2,s01,67,196,66,3,basi,7.26097,1.72208,1.804751
bass_2,s01,67,196,66,2,eye,8.964218,2.322678,2.131175
bass_2,s01,67,196,66,1,lj,6.922452,2.624903,2.118011
bass_2,s01,67,196,66,6,p2,10.023148609479277,-0.1405272889219157,0.2656594700282696
bass_2,s01,67,196,66,6,pm,7.233637,3.027409,1.853422
bass_2,s01,67,196,66,8,quad,8.367263736369509,1.393966289004344,2.0644890527288835
bass_2,s01,67,196,66,7,so,8.866664,0.883494,2.034477
bass_2,s01,67,196,66,4,uro,7.635021,1.277477,1.51499
bass_2,s01,68,197,67,3,basi,7.255529,1.7226,1.809137
bass_2,s01,68,197,67,2,eye,8.942546,2.317939,2.131495
bass_2,s01,68,197,67,1,lj,6.914072,2.620354,2.118351
bass_2,s01,68,197,67,6,p2,10.01623831650027,-0.13104683331869812,0.2656842136757903
bass_2,s01,68,197,67,6,pm,7.211837,2.997406,1.873851
bass_2,s01,68,197,67,8,quad,8.278418516448601,1.3901128873461528,2.0549390753925967
bass_2,s01,68,197,67,7,so,8.861674,0.883215,2.028512
bass_2,s01,68,197,67,4,uro,7.627485,1.286474,1.522536
bass_2,s01,69,198,68,3,basi,7.252191,1.722486,1.809014
bass_2,s01,69,198,68,2,eye,8.928744,2.31554,2.131587
bass_2,s01,69,198,68,1,lj,6.905768,2.615633,2.115225
bass_2,s01,69,198,68,6,p2,10.009369130398072,-0.12252612466063614,0.26543755924201884
bass_2,s01,69,198,68,6,pm,7.183699,3.001103,1.891446
bass_2,s01,69,198,68,8,quad,8.300978176815828,1.3431707763079297,2.014595439573995
bass_2,s01,69,198,68,7,so,8.84718,0.872228,2.0236170000000002
bass_2,s01,69,198,68,4,uro,7.611797,1.287098,1.526735
bass_2,s01,70,199,69,3,basi,7.230055,1.730644,1.795139
bass_2,s01,70,199,69,2,eye,8.913447,2.310515,2.129634
bass_2,s01,70,199,69,1,lj,6.885121,2.601292,2.105836
bass_2,s01,70,199,69,6,p2,10.00300788535494,-0.11507010898511348,0.26499270013163684
bass_2,s01,70,199,69,6,pm,7.168676,2.970397,1.899839
bass_2,s01,70,199,69,8,quad,8.321578496741708,1.3528608034990068,2.0550127339873465
bass_2,s01,70,199,69,7,so,8.841404,0.87119,2.01725
bass_2,s01,70,199,69,4,uro,7.598119,1.2963,1.530185
bass_2,s01,71,200,70,3,basi,7.219508,1.731268,1.803681
bass_2,s01,71,200,70,2,eye,8.893816,2.297117,2.130211
bass_2,s01,71,200,70,1,lj,6.879289,2.586544,2.099863
bass_2,s01,71,200,70,6,p2,9.996506997190949,-0.10865810575269476,0.26462484744117404
bass_2,s01,71,200,70,6,pm,7.152337,2.956522,1.906852
bass_2,s01,71,200,70,8,quad,8.264908990739524,1.3462333505932107,2.024184609312623
bass_2,s01,71,200,70,7,so,8.822994,0.866999,2.008437
bass_2,s01,71,200,70,4,uro,7.589817,1.304921,1.529289
bass_2,s01,72,201,71,3,basi,7.204679,1.727165,1.803879
bass_2,s01,72,201,71,2,eye,8.86472,2.284339,2.130955
bass_2,s01,72,201,71,1,lj,6.867219,2.582315,2.110419
bass_2,s01,72,201,71,6,p2,9.99004398070337,-0.103373109723109,0.2647512836458806
bass_2,s01,72,201,71,6,pm,7.136983,2.945324,1.916769
bass_2,s01,72,201,71,8,quad,8.263017444791988,1.3215493726242074,2.0434078679397523
bass_2,s01,72,201,71,7,so,8.81334,0.858137,1.993878
bass_2,s01,72,201,71,4,uro,7.574289,1.309789,1.533079
bass_2,s01,73,202,72,3,basi,7.200338,1.72723,1.803841
bass_2,s01,73,202,72,2,eye,8.841667,2.279709,2.131311
bass_2,s01,73,202,72,1,lj,6.85289,2.567897,2.104481
bass_2,s01,73,202,72,6,p2,9.983343783064733,-0.09905650135896817,0.26515211642780095
bass_2,s01,73,202,72,6,pm,7.129415,2.94312,1.919855
bass_2,s01,73,202,72,8,quad,8.247488048030746,1.3487199026089487,2.0241925723033956
bass_2,s01,73,202,72,7,so,8.803813,0.857645,1.990607
bass_2,s01,73,202,72,4,uro,7.568358,1.31432,1.536841
bass_2,s01,74,203,73,3,basi,7.200202,1.722988,1.804214
bass_2,s01,74,203,73,2,eye,8.825929,2.27688,2.126678
bass_2,s01,74,203,73,1,lj,6.844781,2.563226,2.104761
bass_2,s01,74,203,73,6,p2,9.977153661114857,-0.09489679574116866,0.2658413223866959
bass_2,s01,74,203,73,6,pm,7.11389,2.924495,1.927282
bass_2,s01,74,203,73,8,quad,8.304354122632821,1.3499773304314306,1.989276177628081
bass_2,s01,74,203,73,7,so,8.80798,0.85016,1.985586
bass_2,s01,74,203,73,4,uro,7.557818,1.305561,1.533232
bass_2,s01,75,204,74,3,basi,7.18447,1.718781,1.800155
bass_2,s01,75,204,74,2,eye,8.815558,2.271808,2.128446
bass_2,s01,75,204,74,1,lj,6.834256,2.544166,2.102708
bass_2,s01,75,204,74,6,p2,9.971252902813664,-0.0919203557735721,0.2667173464608682
bass_2,s01,75,204,74,6,pm,7.103443,2.91983,1.930467
bass_2,s01,75,204,74,8,quad,8.257205688355121,1.2821211683533482,2.036810786682973
bass_2,s01,75,204,74,7,so,8.801096,0.838455,1.983335
bass_2,s01,75,204,74,4,uro,7.539987,1.30275,1.550609
bass_2,s01,76,205,75,3,basi,7.169282,1.706472,1.805439
bass_2,s01,76,205,75,2,eye,8.804047,2.269242,2.132451
bass_2,s01,76,205,75,1,lj,6.819989,2.534683,2.099865
bass_2,s01,76,205,75,6,p2,9.965346826323112,-0.08930937678729009,0.2684267274481234
bass_2,s01,76,205,75,6,pm,7.082002,2.915377,1.930653
bass_2,s01,76,205,75,8,quad,8.237080728758562,1.3353978185522741,1.9821150416373365
bass_2,s01,76,205,75,7,so,8.790629,0.834224,1.968919
bass_2,s01,76,205,75,4,uro,7.537247,1.303186,1.554921
bass_2,s01,77,206,76,3,basi,7.167902,1.705587,1.792369
bass_2,s01,77,206,76,2,eye,8.777993,2.261856,2.132897
bass_2,s01,77,206,76,1,lj,6.801747,2.529774,2.089749
bass_2,s01,77,206,76,6,p2,9.959350652652006,-0.08714456106836412,0.2704362166808692
bass_2,s01,77,206,76,6,pm,7.061299,2.901623,1.931802
bass_2,s01,77,206,76,8,quad,8.271108046894325,1.3034995415859352,2.0341057396468294
bass_2,s01,77,206,76,7,so,8.797384,0.823739,1.970388
bass_2,s01,77,206,76,4,uro,7.514852,1.303499,1.558841
bass_2,s01,78,207,77,3,basi,7.162828,1.714307,1.79166
bass_2,s01,78,207,77,2,eye,8.764821,2.257072,2.139283
bass_2,s01,78,207,77,1,lj,6.793647,2.525103,2.090032
bass_2,s01,78,207,77,6,p2,9.953882979952704,-0.08540838011389239,0.27223246588876
bass_2,s01,78,207,77,6,pm,7.053426,2.88722,1.932801
bass_2,s01,78,207,77,8,quad,8.245233399319662,1.3109350957652441,2.005867739907208
bass_2,s01,78,207,77,7,so,8.784417,0.814876,1.955814
bass_2,s01,78,207,77,4,uro,7.525609,1.302351,1.550155
bass_2,s01,79,208,78,3,basi,7.159587,1.713926,1.787205
bass_2,s01,79,208,78,2,eye,8.753052,2.25753,2.143282
bass_2,s01,79,208,78,1,lj,6.77076,2.496575,2.085207
bass_2,s01,79,208,78,6,p2,9.948873464780558,-0.08355002596775377,0.2746404192984608
bass_2,s01,79,208,78,6,pm,7.046637,2.875469,1.933782
bass_2,s01,79,208,78,8,quad,8.20697613248615,1.3038464973092343,2.039622795980414
bass_2,s01,79,208,78,7,so,8.775992,0.81863,1.949637
bass_2,s01,79,208,78,4,uro,7.505037,1.302046,1.537299
bass_2,s01,80,209,79,3,basi,7.150352,1.706401,1.800889
bass_2,s01,80,209,79,2,eye,8.741457,2.254951,2.143316
bass_2,s01,80,209,79,1,lj,6.759808,2.482655,2.086358
bass_2,s01,80,209,79,6,p2,9.943805282508878,-0.08224821418660842,0.2775398443416655
bass_2,s01,80,209,79,6,pm,7.024241,2.870874,1.933864
bass_2,s01,80,209,79,8,quad,8.193987004969733,1.2585239549979983,1.9854343078539383
bass_2,s01,80,209,79,7,so,8.760982,0.815063,1.949766
bass_2,s01,80,209,79,4,uro,7.494628,1.302393,1.5414350000000001
bass_2,s01,81,210,80,3,basi,7.140697,1.697376,1.78863
bass_2,s01,81,210,80,2,eye,8.722434,2.247447,2.145798
bass_2,s01,81,210,80,1,lj,6.743511,2.468545,2.087301
bass_2,s01,81,210,80,6,p2,9.938835573981947,-0.0810988467192674,0.28056544996873306
bass_2,s01,81,210,80,6,pm,7.010387,2.86645,1.931305
bass_2,s01,81,210,80,8,quad,8.147785975219636,1.286454845879211,1.978095166516404
bass_2,s01,81,210,80,7,so,8.748522,0.810566,1.936797
bass_2,s01,81,210,80,4,uro,7.471727,1.299255,1.550312
bass_2,s01,82,211,81,3,basi,7.133211,1.696784,1.779806
bass_2,s01,82,211,81,2,eye,8.700919,2.242855,2.146199
bass_2,s01,82,211,81,1,lj,6.722984,2.454585,2.088252
bass_2,s01,82,211,81,6,p2,9.933726052843472,-0.07988889878071655,0.28397715985607774
bass_2,s01,82,211,81,6,pm,6.995521,2.861773,1.928573
bass_2,s01,82,211,81,8,quad,8.200536906435921,1.2745932177555899,1.93797268819413
bass_2,s01,82,211,81,7,so,8.733662,0.808769,1.920381
bass_2,s01,82,211,81,4,uro,7.455826,1.291067,1.551044
bass_2,s01,83,212,82,3,basi,7.12867,1.683559,1.77223
bass_2,s01,83,212,82,2,eye,8.686981,2.243105,2.146088
bass_2,s01,83,212,82,1,lj,6.718731,2.440155,2.085886
bass_2,s01,83,212,82,6,p2,9.929413037763362,-0.07890120616192887,0.28775647484285505
bass_2,s01,83,212,82,6,pm,6.987139,2.854486,1.923124
bass_2,s01,83,212,82,8,quad,8.16284099403084,1.2729824063102162,1.9228688056790266
bass_2,s01,83,212,82,7,so,8.725951,0.808358,1.909882
bass_2,s01,83,212,82,4,uro,7.45724,1.294212,1.537705
bass_2,s01,84,213,83,3,basi,7.12353,1.679165,1.772436
bass_2,s01,84,213,83,2,eye,8.694112,2.242777,2.144058
bass_2,s01,84,213,83,1,lj,6.690784,2.425471,2.072912
bass_2,s01,84,213,83,6,p2,9.92522627218822,-0.07794878567155686,0.29120972476874224
bass_2,s01,84,213,83,6,pm,6.988131,2.846439,1.908671
bass_2,s01,84,213,83,8,quad,8.18536596898619,1.2846716599352563,1.9917743491465094
bass_2,s01,84,213,83,7,so,8.713547,0.799833,1.9072769999999999
bass_2,s01,84,213,83,4,uro,7.445772,1.295066,1.546215
bass_2,s01,85,214,84,3,basi,7.109413,1.66595,1.760536
bass_2,s01,85,214,84,2,eye,8.676846,2.242949,2.143846
bass_2,s01,85,214,84,1,lj,6.678184,2.416089,2.07019
bass_2,s01,85,214,84,6,p2,9.920685302781624,-0.07705976996255583,0.2952226830903049
bass_2,s01,85,214,84,6,pm,6.971767,2.838631,1.888238
bass_2,s01,85,214,84,8,quad,8.176274323036244,1.2358364839245835,1.9473277904897
bass_2,s01,85,214,84,7,so,8.708808,0.799832,1.902119
bass_2,s01,85,214,84,4,uro,7.439935,1.299307,1.545703
bass_2,s01,86,215,85,3,basi,7.109829,1.669356,1.747166
bass_2,s01,86,215,85,2,eye,8.680071,2.244911,2.139685
bass_2,s01,86,215,85,1,lj,6.662418,2.406293,2.063829
bass_2,s01,86,215,85,6,p2,9.916542660619395,-0.07660662158626978,0.29825969785808565
bass_2,s01,86,215,85,6,pm,6.965007,2.831318,1.888628
bass_2,s01,86,215,85,8,quad,8.068868054320973,1.2537001281594227,1.9329107172643185
bass_2,s01,86,215,85,7,so,8.699608,0.799413,1.896677
bass_2,s01,86,215,85,4,uro,7.419779,1.29573,1.550268
bass_2,s01,87,216,86,3,basi,7.10247,1.661322,1.752236
bass_2,s01,87,216,86,2,eye,8.670853,2.24288,2.139714
bass_2,s01,87,216,86,1,lj,6.652443,2.41123,2.063362
bass_2,s01,87,216,86,6,p2,9.91253599324232,-0.07606360781543198,0.30137657947759033
bass_2,s01,87,216,86,6,pm,6.950541,2.833413,1.876356
bass_2,s01,87,216,86,8,quad,8.191103443343236,1.2403663785024315,1.9683744307359021
bass_2,s01,87,216,86,7,so,8.688715,0.799063,1.883623
bass_2,s01,87,216,86,4,uro,7.425253,1.294867,1.541654
bass_2,s01,88,217,87,3,basi,7.095337,1.657252,1.752596
bass_2,s01,88,217,87,2,eye,8.665891,2.242868,2.139619
bass_2,s01,88,217,87,1,lj,6.637912,2.391918,2.05447
bass_2,s01,88,217,87,6,p2,9.909050029355107,-0.07588716179766168,0.3042578695931178
bass_2,s01,88,217,87,6,pm,6.942596,2.838058,1.867005
bass_2,s01,88,217,87,8,quad,8.072187345693658,1.2707186987229526,1.9420223526265372
bass_2,s01,88,217,87,7,so,8.681142,0.798374,1.87299
bass_2,s01,88,217,87,4,uro,7.413871,1.286013,1.533871
bass_2,s01,89,218,88,3,basi,7.083419,1.657005,1.748078
bass_2,s01,89,218,88,2,eye,8.652672,2.23668,2.141889
bass_2,s01,89,218,88,1,lj,6.623532,2.386807,2.04105
bass_2,s01,89,218,88,6,p2,9.905203793712973,-0.07557388241870543,0.3062277054637757
bass_2,s01,89,218,88,6,pm,6.934045,2.830926,1.867477
bass_2,s01,89,218,88,8,quad,8.100775290823501,1.2084016202197514,1.9111870549713534
bass_2,s01,89,218,88,7,so,8.66734,0.797814,1.867404
bass_2,s01,89,218,88,4,uro,7.413968,1.285712,1.529594
bass_2,s01,90,219,89,3,basi,7.07266,1.639821,1.74514
bass_2,s01,90,219,89,2,eye,8.640248,2.23097,2.14443
bass_2,s01,90,219,89,1,lj,6.613627,2.372493,2.042013
bass_2,s01,90,219,89,6,p2,9.90145616770388,-0.07564108703146427,0.3083242624856627
bass_2,s01,90,219,89,6,pm,6.927674,2.828453,1.861704
bass_2,s01,90,219,89,8,quad,8.087390044578747,1.2980889877867194,1.933031740548293
bass_2,s01,90,219,89,7,so,8.669176,0.79707,1.859434
bass_2,s01,90,219,89,4,uro,7.396317,1.28716,1.546552
bass_2,s01,91,220,90,3,basi,7.07157,1.64026,1.74954
bass_2,s01,91,220,90,2,eye,8.630493,2.227031,2.144707
bass_2,s01,91,220,90,1,lj,6.593507,2.363203,2.042555
bass_2,s01,91,220,90,6,p2,9.898219188809655,-0.07602700314730086,0.30904003926174134
bass_2,s01,91,220,90,6,pm,6.920367,2.823431,1.853121
bass_2,s01,91,220,90,8,quad,8.054206284488728,1.2409926195009922,1.8988319159660527
bass_2,s01,91,220,90,7,so,8.664713,0.796659,1.859154
bass_2,s01,91,220,90,4,uro,7.388303,1.287845,1.550912
bass_2,s01,92,221,91,3,basi,7.068777,1.636124,1.749937
bass_2,s01,92,221,91,2,eye,8.619407,2.220708,2.144963
bass_2,s01,92,221,91,1,lj,6.587722,2.377628,2.041365
bass_2,s01,92,221,91,6,p2,9.894914292604875,-0.07647522350599058,0.3099415492705597
bass_2,s01,92,221,91,6,pm,6.915466,2.813872,1.853848
bass_2,s01,92,221,91,8,quad,8.13944365839444,1.249030076391907,1.8513890692687618
bass_2,s01,92,221,91,7,so,8.663156,0.796589,1.856553
bass_2,s01,92,221,91,4,uro,7.39104,1.287416,1.546607
bass_2,s01,93,222,92,3,basi,7.057758,1.640042,1.740844
bass_2,s01,93,222,92,2,eye,8.609656,2.216769,2.14524
bass_2,s01,93,222,92,1,lj,6.579693,2.363337,2.042379
bass_2,s01,93,222,92,6,p2,9.89195101569736,-0.07680381622737406,0.31054992075320453
bass_2,s01,93,222,92,6,pm,6.906045,2.809117,1.854094
bass_2,s01,93,222,92,8,quad,8.069457377594336,1.2452181084410896,1.8999451291390828
bass_2,s01,93,222,92,7,so,8.654929,0.784811,1.852088
bass_2,s01,93,222,92,4,uro,7.383221,1.287494,1.542413
bass_2,s01,94,223,93,3,basi,7.063088,1.639824,1.74081
bass_2,s01,94,223,93,2,eye,8.595144,2.208497,2.145672
bass_2,s01,94,223,93,1,lj,6.56737,2.353848,2.039619
bass_2,s01,94,223,93,6,p2,9.888684904335443,-0.07752160138600571,0.31080345178677854
bass_2,s01,94,223,93,6,pm,6.902166,2.80426,1.854384
bass_2,s01,94,223,93,8,quad,8.08103243527597,1.2056038023616675,1.8677801861412549
bass_2,s01,94,223,93,7,so,8.645445,0.780577,1.839338
bass_2,s01,94,223,93,4,uro,7.379717,1.283109,1.54269
bass_2,s01,95,224,94,3,basi,7.058785,1.644416,1.744718
bass_2,s01,95,224,94,2,eye,8.587662,2.20908,2.145855
bass_2,s01,95,224,94,1,lj,6.554834,2.353869,2.032744
bass_2,s01,95,224,94,6,p2,9.88643135591864,-0.07824739747556642,0.3108905412231955
bass_2,s01,95,224,94,6,pm,6.887171,2.795028,1.85512
bass_2,s01,95,224,94,8,quad,8.065391126576081,1.2215461111961265,1.92599182254641
bass_2,s01,95,224,94,7,so,8.637298,0.772948,1.839822
bass_2,s01,95,224,94,4,uro,7.378041,1.283043,1.542625
bass_2,s01,96,225,95,3,basi,7.05593,1.645088,1.753389
bass_2,s01,96,225,95,2,eye,8.579049,2.202964,2.146265
bass_2,s01,96,225,95,1,lj,6.542972,2.339261,2.026848
bass_2,s01,96,225,95,6,p2,9.884204191279585,-0.07915881924269141,0.3106459717996186
bass_2,s01,96,225,95,6,pm,6.878737,2.790394,1.855459
bass_2,s01,96,225,95,8,quad,8.046303391145855,1.1976879494341337,1.9206414993391125
bass_2,s01,96,225,95,7,so,8.637298,0.772948,1.839822
bass_2,s01,96,225,95,4,uro,7.375597,1.282565,1.5341
bass_2,s01,97,226,96,3,basi,7.071344,1.622428,1.738087
bass_2,s01,97,226,96,2,eye,8.566783,2.196631,2.14452
bass_2,s01,97,226,96,1,lj,6.542873,2.33449,2.027233
bass_2,s01,97,226,96,6,p2,9.882396012117372,-0.07997623459996439,0.3106800319869279
bass_2,s01,97,226,96,6,pm,6.873204,2.785435,1.84986
bass_2,s01,97,226,96,8,quad,8.035215019621354,1.1759558978044218,1.8226478742123617
bass_2,s01,97,226,96,7,so,8.632188,0.76117,1.835418
bass_2,s01,97,226,96,4,uro,7.372959,1.282691,1.534127
bass_2,s01,98,227,97,3,basi,7.049355,1.623095,1.738096
bass_2,s01,98,227,97,2,eye,8.557464,2.192525,2.144715
bass_2,s01,98,227,97,1,lj,6.542712,2.319806,2.021519
bass_2,s01,98,227,97,6,p2,9.881046556896328,-0.08101851769822271,0.31097785927530086
bass_2,s01,98,227,97,6,pm,6.857024,2.797436,1.842761
bass_2,s01,98,227,97,8,quad,8.04476630215772,1.1717405107025463,1.871820610372942
bass_2,s01,98,227,97,7,so,8.630487,0.757149,1.830522
bass_2,s01,98,227,97,4,uro,7.372959,1.282691,1.534127
bass_2,s01,99,228,98,3,basi,7.041005,1.622874,1.737819
bass_2,s01,99,228,98,2,eye,8.547297,2.188744,2.145072
bass_2,s01,99,228,98,1,lj,6.536691,2.319734,2.018041
bass_2,s01,99,228,98,6,p2,9.88034617314443,-0.08205041454336588,0.31151680700333684
bass_2,s01,99,228,98,6,pm,6.85201,2.78309,1.843898
bass_2,s01,99,228,98,8,quad,8.041405592872717,1.206608952483201,1.851101285955268
bass_2,s01,99,228,98,7,so,8.628716,0.753332,1.828265
bass_2,s01,99,228,98,4,uro,7.371087,1.283229,1.542615
bass_2,s01,100,229,99,3,basi,7.041099,1.622591,1.733496
bass_2,s01,100,229,99,2,eye,8.540758,2.182598,2.145503
bass_2,s01,100,229,99,1,lj,6.526772,2.304948,2.008773
bass_2,s01,100,229,99,6,p2,9.880325856050126,-0.08301127810303624,0.3122816672291583
bass_2,s01,100,229,99,6,pm,6.849935,2.77358,1.844713
bass_2,s01,100,229,99,8,quad,8.058141588209532,1.1898266707310798,1.8349889095163905
bass_2,s01,100,229,99,7,so,8.629081,0.760882,1.825079
bass_2,s01,100,229,99,4,uro,7.373054,1.277987,1.534288
bass_2,s01,101,230,100,3,basi,7.041193,1.622308,1.729172
bass_2,s01,101,230,100,2,eye,8.535891,2.176195,2.145825
bass_2,s01,101,230,100,1,lj,6.520512,2.30495,2.005339
bass_2,s01,101,230,100,6,p2,9.88048590383063,-0.08425018444542937,0.31312452156158144
bass_2,s01,101,230,100,6,pm,6.849751,2.766397,1.845319
bass_2,s01,101,230,100,8,quad,7.997057435148379,1.1751218030737636,1.8590204551767366
bass_2,s01,101,230,100,7,so,8.626731,0.745771,1.82635
bass_2,s01,101,230,100,4,uro,7.363658,1.277697,1.525753
bass_2,s01,102,231,101,3,basi,7.041412,1.626273,1.724465
bass_2,s01,102,231,101,2,eye,8.52689,2.16985,2.146105
bass_2,s01,102,231,101,1,lj,6.518443,2.299866,1.998863
bass_2,s01,102,231,101,6,p2,9.880953849293968,-0.08523953873838683,0.3147258461706186
bass_2,s01,102,231,101,6,pm,6.846803,2.756733,1.843129
bass_2,s01,102,231,101,8,quad,8.035241181633225,1.1794485646458015,1.8949868105781522
bass_2,s01,102,231,101,7,so,8.626731,0.745771,1.82635
bass_2,s01,102,231,101,4,uro,7.362888,1.272883,1.521734
bass_2,s01,103,232,102,3,basi,7.041631,1.630238,1.719757
bass_2,s01,103,232,102,2,eye,8.517975,2.165972,2.146432
bass_2,s01,103,232,102,1,lj,6.518385,2.289945,1.99278
bass_2,s01,103,232,102,6,p2,9.882045305466844,-0.0863054590403545,0.31669245283321024
bass_2,s01,103,232,102,6,pm,6.846498,2.744763,1.844141
bass_2,s01,103,232,102,8,quad,8.056071322501998,1.1957210601892763,1.8441717072159582
bass_2,s01,103,232,102,7,so,8.618311,0.734312,1.819536
bass_2,s01,103,232,102,4,uro,7.359577,1.267893,1.513471
bass_2,s01,104,233,103,3,basi,7.036585,1.629606,1.706818
bass_2,s01,104,233,103,2,eye,8.506349,2.158127,2.147145
bass_2,s01,104,233,103,1,lj,6.510161,2.285158,1.989694
bass_2,s01,104,233,103,6,p2,9.883278899757045,-0.08733855428130705,0.31881198340144923
bass_2,s01,104,233,103,6,pm,6.841614,2.732673,1.842101
bass_2,s01,104,233,103,8,quad,8.053880281479497,1.1527668136584823,1.8595567457961895
bass_2,s01,104,233,103,7,so,8.612026,0.734215,1.811792
bass_2,s01,104,233,103,4,uro,7.345324,1.255204,1.510412
bass_2,s01,105,234,104,3,basi,7.036303,1.630453,1.71979
bass_2,s01,105,234,104,2,eye,8.499063,2.145908,2.14815
bass_2,s01,105,234,104,1,lj,6.514171,2.285599,1.999985
bass_2,s01,105,234,104,6,p2,9.884402940254374,-0.08841902017657392,0.32098746740309314
bass_2,s01,105,234,104,6,pm,6.834781,2.715861,1.840474
bass_2,s01,105,234,104,8,quad,8.040748252522848,1.1400565012539459,1.8434777944547476
bass_2,s01,105,234,104,7,so,8.610242,0.721815,1.79955
bass_2,s01,105,234,104,4,uro,7.339762,1.256365,1.523281
bass_2,s01,106,235,105,3,basi,7.029209,1.630904,1.724093
bass_2,s01,106,235,105,2,eye,8.504956,2.139206,2.148499
bass_2,s01,106,235,105,1,lj,6.510096,2.280878,2.000329
bass_2,s01,106,235,105,6,p2,9.885972524063568,-0.08972304789008383,0.3226321377292598
bass_2,s01,106,235,105,6,pm,6.830021,2.708559,1.838034
bass_2,s01,106,235,105,8,quad,8.02527898792749,1.1149673526102235,1.8132519377759522
bass_2,s01,106,235,105,7,so,8.608758,0.721532,1.794321
bass_2,s01,106,235,105,4,uro,7.342731,1.250469,1.502309
bass_2,s01,107,236,106,3,basi,7.028751,1.634677,1.719259
bass_2,s01,107,236,106,2,eye,8.501627,2.13086,2.149087
bass_2,s01,107,236,106,1,lj,6.510039,2.270956,1.99425
bass_2,s01,107,236,106,6,p2,9.886562281934228,-0.09030415532726446,0.3252688542952319
bass_2,s01,107,236,106,6,pm,6.823314,2.696534,1.836006
bass_2,s01,107,236,106,8,quad,8.006720084165096,1.1187373641622462,1.8421013376960405
bass_2,s01,107,236,106,7,so,8.604098,0.7213,1.786539
bass_2,s01,107,236,106,4,uro,7.342731,1.250469,1.502309
bass_2,s01,108,237,107,3,basi,7.028253,1.617685,1.720794
bass_2,s01,108,237,107,2,eye,8.489747,2.124481,2.149298
bass_2,s01,108,237,107,1,lj,6.506033,2.266045,1.991168
bass_2,s01,108,237,107,6,p2,9.887640152773852,-0.09144261778794602,0.3268984221892573
bass_2,s01,108,237,107,6,pm,6.818382,2.686884,1.836685
bass_2,s01,108,237,107,8,quad,8.017331209536115,1.1574903745840943,1.8476907173221329
bass_2,s01,108,237,107,7,so,8.605564,0.713003,1.781787
bass_2,s01,108,237,107,4,uro,7.342731,1.250469,1.502309
bass_2,s01,109,238,108,3,basi,7.02723,1.613304,1.716926
bass_2,s01,109,238,108,2,eye,8.481444,2.116512,2.150002
bass_2,s01,109,238,108,1,lj,6.505936,2.261273,1.991558
bass_2,s01,109,238,108,6,p2,9.888479416568876,-0.09265356342042312,0.3278550599981748
bass_2,s01,109,238,108,6,pm,6.817383,2.684475,1.836861
bass_2,s01,109,238,108,8,quad,8.020092406129473,1.1055405502026345,1.8443404843694058
bass_2,s01,109,238,108,7,so,8.598895,0.696919,1.772403
bass_2,s01,109,238,108,4,uro,7.342635,1.250772,1.50658
bass_2,s01,110,239,109,3,basi,7.017513,1.600494,1.717878
bass_2,s01,110,239,109,2,eye,8.468725,2.108149,2.146479
bass_2,s01,110,239,109,1,lj,6.501877,2.241971,1.989608
bass_2,s01,110,239,109,6,p2,9.889453673790271,-0.093568186749349,0.32809107329872433
bass_2,s01,110,239,109,6,pm,6.814622,2.68199,1.834072
bass_2,s01,110,239,109,8,quad,8.020851511881556,1.146543138199242,1.8348051120848667
bass_2,s01,110,239,109,7,so,8.595219,0.685315,1.765631
bass_2,s01,110,239,109,4,uro,7.342924,1.2498610000000001,1.493767
bass_2,s01,111,240,110,3,basi,7.013489,1.5880050000000001,1.719116
bass_2,s01,111,240,110,2,eye,8.461357,2.102318,2.147068
bass_2,s01,111,240,110,1,lj,6.49783,2.246677,1.985789
bass_2,s01,111,240,110,6,p2,9.890235482001138,-0.09449578290911792,0.32784535458358194
bass_2,s01,111,240,110,6,pm,6.801368,2.66813,1.83824
bass_2,s01,111,240,110,8,quad,7.994424956994129,1.1155621948220107,1.8484746926178086
bass_2,s01,111,240,110,7,so,8.587557,0.680903,1.765521
bass_2,s01,111,240,110,4,uro,7.335582,1.241841,1.498854
bass_2,s01,112,241,111,3,basi,7.014791,1.591535,1.710023
bass_2,s01,112,241,111,2,eye,8.454726,2.094094,2.147664
bass_2,s01,112,241,111,1,lj,6.495696,2.241775,1.982753
bass_2,s01,112,241,111,6,p2,9.890828108967543,-0.09505796918124491,0.3275231376064862
bass_2,s01,112,241,111,6,pm,6.797475,2.66122,1.841829
bass_2,s01,112,241,111,8,quad,8.003821117917632,1.152654852606399,1.8426679216780557
bass_2,s01,112,241,111,7,so,8.595565,0.667078,1.775219
bass_2,s01,112,241,111,4,uro,7.335731,1.246095,1.49844
bass_2,s01,113,242,112,3,basi,7.018812,1.587794,1.719084
bass_2,s01,113,242,112,2,eye,8.454511,2.087635,2.144105
bass_2,s01,113,242,112,1,lj,6.495572,2.232038,1.980111
bass_2,s01,113,242,112,6,p2,9.89171508855939,-0.09602767605837152,0.3257859342882651
bass_2,s01,113,242,112,6,pm,6.795354,2.649315,1.842848
bass_2,s01,113,242,112,8,quad,7.998240496934844,1.082110239974975,1.8262753347844263
bass_2,s01,113,242,112,7,so,8.586222,0.658321,1.759982
bass_2,s01,113,242,112,4,uro,7.334349,1.25454,1.49755
bass_2,s01,114,243,113,3,basi,7.016987,1.57897,1.71548
bass_2,s01,114,243,113,2,eye,8.450055,2.081459,2.144558
bass_2,s01,114,243,113,1,lj,6.495544,2.227074,1.977079
bass_2,s01,114,243,113,6,p2,9.892558642666785,-0.09652538810580596,0.32379098474772156
bass_2,s01,114,243,113,6,pm,6.793288,2.642342,1.846429
bass_2,s01,114,243,113,8,quad,7.977160786791024,1.148650593592186,1.8309108815949602
bass_2,s01,114,243,113,7,so,8.581417,0.65428,1.755063
bass_2,s01,114,243,113,4,uro,7.338045,1.258317,1.488719
bass_2,s01,115,244,114,3,basi,7.016833,1.570188,1.711933
bass_2,s01,115,244,114,2,eye,8.446009,2.066661,2.145517
bass_2,s01,115,244,114,1,lj,6.493249,2.213129,1.985057
bass_2,s01,115,244,114,6,p2,9.893397131550572,-0.09692366814679454,0.32118896265378843
bass_2,s01,115,244,114,6,pm,6.79018,2.630334,1.847362
bass_2,s01,115,244,114,8,quad,7.979965754132134,1.0992491727610103,1.823217885764625
bass_2,s01,115,244,114,7,so,8.578438,0.654015,1.75488
bass_2,s01,115,244,114,4,uro,7.341697,1.266955,1.488017
bass_2,s01,116,245,115,3,basi,7.015503,1.578356,1.706792
bass_2,s01,116,245,115,2,eye,8.442907,2.062471,2.145777
bass_2,s01,116,245,115,1,lj,6.492961,2.198812,1.986229
bass_2,s01,116,245,115,6,p2,9.894254880657192,-0.0972571071945334,0.3182377024058332
bass_2,s01,116,245,115,6,pm,6.774391,2.61331,1.836816
bass_2,s01,116,245,115,8,quad,7.948128673468354,1.1005847011531167,1.8380979108644975
bass_2,s01,116,245,115,7,so,8.578506,0.653806,1.752251
bass_2,s01,116,245,115,4,uro,7.352341,1.266155,1.48364
bass_2,s01,117,246,116,3,basi,7.018939,1.578156,1.702582
bass_2,s01,117,246,116,2,eye,8.440518,2.056268,2.146251
bass_2,s01,117,246,116,1,lj,6.492961,2.198812,1.986229
bass_2,s01,117,246,116,6,p2,9.895127031925718,-0.09758796965749895,0.31507280419691647
bass_2,s01,117,246,116,6,pm,6.763748,2.604441,1.849371
bass_2,s01,117,246,116,8,quad,7.97397469495272,1.0686660864919708,1.8723347056698711
bass_2,s01,117,246,116,7,so,8.577092,0.653308,1.744405
bass_2,s01,117,246,116,4,uro,7.356233,1.269332,1.466263
bass_2,s01,118,247,117,3,basi,7.021103,1.561056,1.704111
bass_2,s01,118,247,117,2,eye,8.435536,2.048172,2.146947
bass_2,s01,118,247,117,1,lj,6.486623,2.194028,1.983195
bass_2,s01,118,247,117,6,p2,9.89557282187874,-0.0977716670923072,0.313395762425821
bass_2,s01,118,247,117,6,pm,6.75877,2.587567,1.847751
bass_2,s01,118,247,117,8,quad,8.01709499981933,1.0650017240666165,1.811585309331449
bass_2,s01,118,247,117,7,so,8.576872,0.645185,1.737222
bass_2,s01,118,247,117,4,uro,7.360355,1.269876,1.474844
bass_2,s01,119,248,118,3,basi,7.020023,1.547599,1.692399
bass_2,s01,119,248,118,2,eye,8.434282,2.0398,2.147558
bass_2,s01,119,248,118,1,lj,6.486432,2.184484,1.983978
bass_2,s01,119,248,118,6,p2,9.896021236261005,-0.09779083043093172,0.31136836017284625
bass_2,s01,119,248,118,6,pm,6.755142,2.58007,1.839481
bass_2,s01,119,248,118,8,quad,8.002596088473497,1.0548800539136047,1.7928010234421818
bass_2,s01,119,248,118,7,so,8.574744,0.633808,1.738184
bass_2,s01,119,248,118,4,uro,7.370234,1.268658,1.462012
bass_2,s01,120,249,119,3,basi,7.023365,1.547685,1.692508
bass_2,s01,120,249,119,2,eye,8.428373,2.029563,2.14837
bass_2,s01,120,249,119,1,lj,6.490282,2.170242,1.988573
bass_2,s01,120,249,119,6,p2,9.896324951845616,-0.097975834982328,0.309236258558917
bass_2,s01,120,249,119,6,pm,6.752037,2.565759,1.840679
bass_2,s01,120,249,119,8,quad,8.007611528586406,1.0661549261814778,1.8286973769898518
bass_2,s01,120,249,119,7,so,8.576431,0.63347,1.735516
bass_2,s01,120,249,119,4,uro,7.370234,1.268658,1.462012
bass_2,s01,121,250,120,3,basi,7.0177,1.535675,1.706443
bass_2,s01,121,250,120,2,eye,8.424949,2.019142,2.149125
bass_2,s01,121,250,120,1,lj,6.486378,2.170098,1.985111
bass_2,s01,121,250,120,6,p2,9.896766300710617,-0.09817504559344048,0.30756022515143533
bass_2,s01,121,250,120,6,pm,6.750799,2.556556,1.847444
bass_2,s01,121,250,120,8,quad,7.9897941972375195,1.0753578900535208,1.7880189322340465
bass_2,s01,121,250,120,7,so,8.57431,0.621935,1.731358
bass_2,s01,121,250,120,4,uro,7.372816,1.271208,1.496321
bass_2,s02,1,161,0,3,basi,7.376374,3.538987,4.901148
bass_2,s02,1,161,0,2,eye,7.892674,4.029982,5.97785
bass_2,s02,1,161,0,1,lj,6.461927,4.097491,5.069441
bass_2,s02,1,161,0,6,p2,10.635124226481723,2.4458918030514765,5.213773804268584
bass_2,s02,1,161,0,6,pm,6.673406,4.345212,5.069778
bass_2,s02,1,161,0,8,quad,8.01834222535203,3.1967945034835576,5.233670636402914
bass_2,s02,1,161,0,7,so,8.581774,2.879188,5.246436
bass_2,s02,1,161,0,4,uro,8.023529,3.318007,4.807505
bass_2,s02,2,162,1,3,basi,7.332733,3.534031,4.892511
bass_2,s02,2,162,1,2,eye,7.858461,4.02841,5.977456
bass_2,s02,2,162,1,1,lj,6.424042,4.103424,5.059978
bass_2,s02,2,162,1,6,p2,10.623801290459234,2.444183534080872,5.210188127768824
bass_2,s02,2,162,1,6,pm,6.630908,4.35126,5.064942
bass_2,s02,2,162,1,8,quad,7.932359839618222,3.2389451179116064,5.198457894276093
bass_2,s02,2,162,1,7,so,8.547062,2.887575,5.246184
bass_2,s02,2,162,1,4,uro,7.956379,3.322582,4.79506
bass_2,s02,3,163,2,3,basi,7.29413,3.534559,4.879742
bass_2,s02,3,163,2,2,eye,7.802744,4.02927,5.965455
bass_2,s02,3,163,2,1,lj,6.372191,4.09853,5.04428
bass_2,s02,3,163,2,6,p2,10.61196822945631,2.4422127390862434,5.207279012229501
bass_2,s02,3,163,2,6,pm,6.581216,4.357377,5.055766
bass_2,s02,3,163,2,8,quad,7.865313560530301,3.2516758582409095,5.142834065384708
bass_2,s02,3,163,2,7,so,8.497614,2.888747,5.237771
bass_2,s02,3,163,2,4,uro,7.934148,3.318768,4.790799
bass_2,s02,4,164,3,3,basi,7.251065,3.551591,4.866313
bass_2,s02,4,164,3,2,eye,7.774959,4.036091,5.956386
bass_2,s02,4,164,3,1,lj,6.333835,4.093578,5.034799
bass_2,s02,4,164,3,6,p2,10.59978937750117,2.4402883015562784,5.203220009734564
bass_2,s02,4,164,3,6,pm,6.536013,4.358102,5.05094
bass_2,s02,4,164,3,8,quad,7.897897966437448,3.23297919704374,5.1661133735524745
bass_2,s02,4,164,3,7,so,8.454432,2.895746,5.22843
bass_2,s02,4,164,3,4,uro,7.905009,3.31091,4.782758
bass_2,s02,5,165,4,3,basi,7.214682,3.549422,4.861868
bass_2,s02,5,165,4,2,eye,7.729651,4.036794,5.947336
bass_2,s02,5,165,4,1,lj,6.293458,4.094039,5.025252
bass_2,s02,5,165,4,6,p2,10.585606717194922,2.4378761741556936,5.199283781727604
bass_2,s02,5,165,4,6,pm,6.476155,4.35371,5.04598
bass_2,s02,5,165,4,8,quad,7.804158191453587,3.199641952862125,5.159959776976977
bass_2,s02,5,165,4,7,so,8.419199,2.892717,5.22007
bass_2,s02,5,165,4,4,uro,7.86699,3.312243,4.782738
bass_2,s02,6,166,5,3,basi,7.171077,3.538405,4.844924
bass_2,s02,6,166,5,2,eye,7.699169,4.041637,5.941186
bass_2,s02,6,166,5,1,lj,6.237422,4.084026,5.018563
bass_2,s02,6,166,5,6,p2,10.560318816906555,2.4335147134221953,5.191679596846261
bass_2,s02,6,166,5,6,pm,6.434011,4.348767,5.036854
bass_2,s02,6,166,5,8,quad,7.761763686570378,3.237819791829099,5.19485384363907
bass_2,s02,6,166,5,7,so,8.363252,2.896022,5.210487
bass_2,s02,6,166,5,4,uro,7.8321,3.312465,4.782088
bass_2,s02,7,167,6,3,basi,7.14682,3.52152,4.84466
bass_2,s02,7,167,6,2,eye,7.65279,4.042435,5.937765
bass_2,s02,7,167,6,1,lj,6.193459,4.084513,5.005998
bass_2,s02,7,167,6,6,p2,10.53073264891055,2.428218062549482,5.184390989550279
bass_2,s02,7,167,6,6,pm,6.400392,4.35475,5.032201
bass_2,s02,7,167,6,8,quad,7.759664667205838,3.2315334852034296,5.1589586887489665
bass_2,s02,7,167,6,7,so,8.3323,2.893572,5.207939
bass_2,s02,7,167,6,4,uro,7.783771,3.313021,4.777083
bass_2,s02,8,168,7,3,basi,7.101698,3.510178,4.83561
bass_2,s02,8,168,7,2,eye,7.610067,4.054561,5.937219
bass_2,s02,8,168,7,1,lj,6.141457,4.085354,5.002344
bass_2,s02,8,168,7,6,p2,10.498205887059957,2.42358954697852,5.175730413887399
bass_2,s02,8,168,7,6,pm,6.332547,4.366412,5.018422
bass_2,s02,8,168,7,8,quad,7.673391267899859,3.2284001222958194,5.147309777330591
bass_2,s02,8,168,7,7,so,8.282074,2.901605,5.199083
bass_2,s02,8,168,7,4,uro,7.727572,3.30738,4.802702
bass_2,s02,9,169,8,3,basi,7.060824,3.508546,4.831459
bass_2,s02,9,169,8,2,eye,7.573463,4.060009,5.936913
bass_2,s02,9,169,8,1,lj,6.092665,4.069765,4.995759
bass_2,s02,9,169,8,6,p2,10.46178255095583,2.4163928103601053,5.166336163225062
bass_2,s02,9,169,8,6,pm,6.294296,4.377876,5.013672
bass_2,s02,9,169,8,8,quad,7.582678053432275,3.2777418735941524,5.135099200963195
bass_2,s02,9,169,8,7,so,8.216571,2.917118,5.192503
bass_2,s02,9,169,8,4,uro,7.672136,3.308673,4.810785
bass_2,s02,10,170,9,3,basi,7.006446,3.505873,4.822184
bass_2,s02,10,170,9,2,eye,7.529772,4.060675,5.930672
bass_2,s02,10,170,9,1,lj,6.027125,4.065254,4.98006
bass_2,s02,10,170,9,6,p2,10.42376694394794,2.4107654542262997,5.157120140966857
bass_2,s02,10,170,9,6,pm,6.26347,4.400026,5.008953
bass_2,s02,10,170,9,8,quad,7.515569181812197,3.27401432156297,5.127070237602982
bass_2,s02,10,170,9,7,so,8.174527,2.916832,5.194049
bass_2,s02,10,170,9,4,uro,7.615555,3.309388,4.805693
bass_2,s02,11,171,10,3,basi,6.955361,3.497446,4.808963
bass_2,s02,11,171,10,2,eye,7.493435,4.072784,5.924674
bass_2,s02,11,171,10,1,lj,5.964821,4.060824,4.976273
bass_2,s02,11,171,10,6,p2,10.38324116521135,2.405492296039726,5.147799362777967
bass_2,s02,11,171,10,6,pm,6.214323,4.416929,4.99968
bass_2,s02,11,171,10,8,quad,7.540353485318926,3.2457938084910607,5.122018898750764
bass_2,s02,11,171,10,7,so,8.126027,2.910729,5.191182
bass_2,s02,11,171,10,4,uro,7.582142,3.305759,4.800823
bass_2,s02,12,172,11,3,basi,6.901689,3.498148,4.808171
bass_2,s02,12,172,11,2,eye,7.439662,4.083398,5.921562
bass_2,s02,12,172,11,1,lj,5.90203,4.039716,4.954606
bass_2,s02,12,172,11,6,p2,10.339592400918605,2.4000998586111564,5.137703591212486
bass_2,s02,12,172,11,6,pm,6.160321,4.417586,4.986142
bass_2,s02,12,172,11,8,quad,7.450534280067072,3.2265653874058495,5.112501833929573
bass_2,s02,12,172,11,7,so,8.061667,2.926699,5.182235
bass_2,s02,12,172,11,4,uro,7.543625,3.313383,4.791361
bass_2,s02,13,173,12,3,basi,6.851171,3.478798,4.807605
bass_2,s02,13,173,12,2,eye,7.411697,4.087748,5.909528
bass_2,s02,13,173,12,1,lj,5.848491,4.024151,4.945035
bass_2,s02,13,173,12,6,p2,10.293282984193045,2.3947054566764683,5.127072961966638
bass_2,s02,13,173,12,6,pm,6.110717,4.439981,4.976875
bass_2,s02,13,173,12,8,quad,7.402355670835291,3.219405357442175,5.157337762280173
bass_2,s02,13,173,12,7,so,7.985802,2.923743,5.181154
bass_2,s02,13,173,12,4,uro,7.45495,3.2996,4.78616
bass_2,s02,14,174,13,3,basi,6.779906,3.468987,4.786281
bass_2,s02,14,174,13,2,eye,7.352102,4.107149,5.894849
bass_2,s02,14,174,13,1,lj,5.770266,3.992388,4.923262
bass_2,s02,14,174,13,6,p2,10.246426092842272,2.3895254506309977,5.116802098981154
bass_2,s02,14,174,13,6,pm,6.074779,4.462091,4.963537
bass_2,s02,14,174,13,8,quad,7.353649078994941,3.2568133946813256,5.116425571085717
bass_2,s02,14,174,13,7,so,7.930808,2.931035,5.180265
bass_2,s02,14,174,13,4,uro,7.364705,3.281926,4.780917
bass_2,s02,15,175,14,3,basi,6.714577,3.459816,4.772998
bass_2,s02,15,175,14,2,eye,7.30284,4.126481,5.885969
bass_2,s02,15,175,14,1,lj,5.697889,3.965898,4.901554
bass_2,s02,15,175,14,6,p2,10.199568744208422,2.386280993725954,5.106627725297223
bass_2,s02,15,175,14,6,pm,6.013975,4.489791,4.936946
bass_2,s02,15,175,14,8,quad,7.250900646797976,3.233067353325668,5.1395346472734404
bass_2,s02,15,175,14,7,so,7.88107,2.946333,5.201774
bass_2,s02,15,175,14,4,uro,7.244919,3.290608,4.761782
bass_2,s02,16,176,15,3,basi,6.656764,3.437742,4.747924
bass_2,s02,16,176,15,2,eye,7.254281,4.139067,5.87996
bass_2,s02,16,176,15,1,lj,5.634559,3.933922,4.883024
bass_2,s02,16,176,15,6,p2,10.152536913536531,2.383359622158296,5.096728989907407
bass_2,s02,16,176,15,6,pm,5.969711,4.522822,4.919069
bass_2,s02,16,176,15,8,quad,7.204090887037018,3.231512542373088,5.094347354032733
bass_2,s02,16,176,15,7,so,7.840097,2.961069,5.204845
bass_2,s02,16,176,15,4,uro,7.185564,3.27572,4.74382
bass_2,s02,17,177,16,3,basi,6.591272,3.418984,4.734842
bass_2,s02,17,177,16,2,eye,7.21082,4.162705,5.876638
bass_2,s02,17,177,16,1,lj,5.554747,3.896514,4.858362
bass_2,s02,17,177,16,6,p2,10.105332530949727,2.3811583808332677,5.086519858778109
bass_2,s02,17,177,16,6,pm,5.912982,4.556032,4.896753
bass_2,s02,17,177,16,8,quad,7.129445742963366,3.2186765189934423,5.112482923536942
bass_2,s02,17,177,16,7,so,7.765894,2.968751,5.210113
bass_2,s02,17,177,16,4,uro,7.122237,3.265422,4.738994
bass_2,s02,18,178,17,3,basi,6.513811,3.406054,4.700805
bass_2,s02,18,178,17,2,eye,7.161431,4.182339,5.873543
bass_2,s02,18,178,17,1,lj,5.483444,3.836785,4.813228
bass_2,s02,18,178,17,6,p2,10.058479493153676,2.3793774659519453,5.076464079038398
bass_2,s02,18,178,17,6,pm,5.858718,4.600237,4.882925
bass_2,s02,18,178,17,8,quad,7.154842958947076,3.2339615344626265,5.150312689797505
bass_2,s02,18,178,17,7,so,7.720999,2.97738,5.226185
bass_2,s02,18,178,17,4,uro,7.06302,3.242344,4.708076
bass_2,s02,19,179,18,3,basi,6.438412,3.387296,4.683527
bass_2,s02,19,179,18,2,eye,7.111197,4.206411,5.867529
bass_2,s02,19,179,18,1,lj,5.394271,3.777419,4.779861
bass_2,s02,19,179,18,6,p2,10.012109349329632,2.378528057096695,5.066750406344723
bass_2,s02,19,179,18,6,pm,5.812001,4.644074,4.852007
bass_2,s02,19,179,18,8,quad,6.997881198579809,3.170720466873875,5.152478933768315
bass_2,s02,19,179,18,7,so,7.632347,2.98915,5.234773
bass_2,s02,19,179,18,4,uro,7.001838,3.216083,4.694576
bass_2,s02,20,180,19,3,basi,6.381669,3.365167,4.674672
bass_2,s02,20,180,19,2,eye,7.063702,4.225956,5.858794
bass_2,s02,20,180,19,1,lj,5.31711,3.71836,4.755796
bass_2,s02,20,180,19,6,p2,9.9663301162005,2.3783534819320833,5.056763368650265
bass_2,s02,20,180,19,6,pm,5.739505,4.704445,4.799108
bass_2,s02,20,180,19,8,quad,6.981606578148126,3.2166274295739465,5.112990785402272
bass_2,s02,20,180,19,7,so,7.563555,3.00175,5.263421
bass_2,s02,20,180,19,4,uro,6.934784,3.198056,4.690459
bass_2,s02,21,181,20,3,basi,6.312928,3.349056,4.645088
bass_2,s02,21,181,20,2,eye,7.019271,4.250033,5.861339
bass_2,s02,21,181,20,1,lj,5.257237,3.696709,4.734391
bass_2,s02,21,181,20,6,p2,9.921521806127307,2.378795292104875,5.046903363761854
bass_2,s02,21,181,20,6,pm,5.664172,4.759982,4.776199
bass_2,s02,21,181,20,8,quad,6.842049191645195,3.1923313752107667,5.121014858272854
bass_2,s02,21,181,20,7,so,7.48428,3.017742,5.295059
bass_2,s02,21,181,20,4,uro,6.897875,3.175186,4.6863340000000004
bass_2,s02,22,182,21,3,basi,6.210984,3.347545,4.651912
bass_2,s02,22,182,21,2,eye,6.971471,4.279361,5.872731
bass_2,s02,22,182,21,1,lj,5.201371,3.637754,4.728485
bass_2,s02,22,182,21,6,p2,9.876655300779776,2.3795362857596394,5.036760130361147
bass_2,s02,22,182,21,6,pm,5.601438,4.804255,4.749174
bass_2,s02,22,182,21,8,quad,6.783294844975492,3.191038918865107,5.176661659850455
bass_2,s02,22,182,21,7,so,7.423053,3.01985,5.323617
bass_2,s02,22,182,21,4,uro,6.8051,3.142269,4.682018
bass_2,s02,23,183,22,3,basi,6.12049,3.329325,4.642791
bass_2,s02,23,183,22,2,eye,6.930637,4.308044,5.876085
bass_2,s02,23,183,22,1,lj,5.126601,3.606308,4.722073
bass_2,s02,23,183,22,6,p2,9.833143649299728,2.380604550990678,5.027054807021035
bass_2,s02,23,183,22,6,pm,5.54269,4.848654,4.722182
bass_2,s02,23,183,22,8,quad,6.766119043585572,3.236016139710069,5.18196391657625
bass_2,s02,23,183,22,7,so,7.377882,3.021079,5.34244
bass_2,s02,23,183,22,4,uro,6.714821,3.12084,4.681212
bass_2,s02,24,184,23,3,basi,6.033894,3.310845,4.62958
bass_2,s02,24,184,23,2,eye,6.872388,4.341773,5.878348
bass_2,s02,24,184,23,1,lj,5.059655,3.607242,4.712429
bass_2,s02,24,184,23,6,p2,9.790095305801024,2.3821693785378666,5.017306724408213
bass_2,s02,24,184,23,6,pm,5.47696,4.882508,4.721476
bass_2,s02,24,184,23,8,quad,6.704454203146669,3.2005571666930184,5.206710767564303
bass_2,s02,24,184,23,7,so,7.301306,3.040906,5.374536
bass_2,s02,24,184,23,4,uro,6.61819,3.103116,4.673042
bass_2,s02,25,185,24,3,basi,5.950953,3.309062,4.632697
bass_2,s02,25,185,24,2,eye,6.822618,4.366036,5.877999
bass_2,s02,25,185,24,1,lj,4.995621,3.564394,4.706135
bass_2,s02,25,185,24,6,p2,9.747845789547926,2.3839215869308266,5.0076957703101135
bass_2,s02,25,185,24,6,pm,5.410088,4.905687,4.724282
bass_2,s02,25,185,24,8,quad,6.559250603431358,3.1713185971671796,5.203369239034283
bass_2,s02,25,185,24,7,so,7.234513,3.04624,5.393381
bass_2,s02,25,185,24,4,uro,6.544935,3.073719,4.672513
bass_2,s02,26,186,25,3,basi,5.861697,3.310793,4.639803
bass_2,s02,26,186,25,2,eye,6.776014,4.383632,5.880274
bass_2,s02,26,186,25,1,lj,4.917931,3.55992,4.699273
bass_2,s02,26,186,25,6,p2,9.706095935064551,2.3859448289352216,4.998237921178445
bass_2,s02,26,186,25,6,pm,5.322517,4.939932,4.722821
bass_2,s02,26,186,25,8,quad,6.514466755598562,3.199912068680698,5.239913391295212
bass_2,s02,26,186,25,7,so,7.155651,3.059041,5.43159
bass_2,s02,26,186,25,4,uro,6.425428,3.044543,4.656923
bass_2,s02,27,187,26,3,basi,5.742414,3.312872,4.642438
bass_2,s02,27,187,26,2,eye,6.734727,4.400979,5.882508
bass_2,s02,27,187,26,1,lj,4.8493,3.54992,4.700615
bass_2,s02,27,187,26,6,p2,9.66486773086764,2.3883269957844684,4.989282727329417
bass_2,s02,27,187,26,6,pm,5.255293,4.946748,4.729621
bass_2,s02,27,187,26,8,quad,6.4813234518358165,3.179710924346669,5.2098808695186785
bass_2,s02,27,187,26,7,so,7.084646,3.075585,5.473494
bass_2,s02,27,187,26,4,uro,6.378045,3.029281,4.64187
bass_2,s02,28,188,27,3,basi,5.648983,3.312329,4.674353
bass_2,s02,28,188,27,2,eye,6.680078,4.427427,5.902705
bass_2,s02,28,188,27,1,lj,4.792118,3.555907,4.685878
bass_2,s02,28,188,27,6,p2,9.624697520701966,2.3909830316705403,4.980882074939543
bass_2,s02,28,188,27,6,pm,5.187854,4.969595,4.7208310000000004
bass_2,s02,28,188,27,8,quad,6.366698355392501,3.266929720220503,5.243338506102174
bass_2,s02,28,188,27,7,so,7.028556,3.078162,5.508924
bass_2,s02,28,188,27,4,uro,6.294049,3.0034,4.633785
bass_2,s02,29,189,28,3,basi,5.60171,3.300557,4.680826
bass_2,s02,29,189,28,2,eye,6.630049,4.4469,5.904789
bass_2,s02,29,189,28,1,lj,4.738989,3.55712,4.688834
bass_2,s02,29,189,28,6,p2,9.584625531152236,2.3939439747913775,4.972792078940901
bass_2,s02,29,189,28,6,pm,5.129918,5.003418,4.708306
bass_2,s02,29,189,28,8,quad,6.350929214151425,3.2558890580202227,5.306766799986257
bass_2,s02,29,189,28,7,so,6.944447,3.091104,5.547194
bass_2,s02,29,189,28,4,uro,6.23323,2.981237,4.626192
bass_2,s02,30,190,29,3,basi,5.542041,3.30782,4.674519
bass_2,s02,30,190,29,2,eye,6.586563,4.468474,5.904591
bass_2,s02,30,190,29,1,lj,4.666298,3.580831,4.708712
bass_2,s02,30,190,29,6,p2,9.545447156036486,2.3976745019193557,4.964838557176507
bass_2,s02,30,190,29,6,pm,5.082472,5.031577,4.715075
bass_2,s02,30,190,29,8,quad,6.24889268979605,3.183824851339458,5.300452589028318
bass_2,s02,30,190,29,7,so,6.877244,3.113391,5.575981
bass_2,s02,30,190,29,4,uro,6.181062,2.959022,4.625762
bass_2,s02,31,191,30,3,basi,5.44732,3.301123,4.711986
bass_2,s02,31,191,30,2,eye,6.537284,4.490479,5.919668
bass_2,s02,31,191,30,1,lj,4.616925,3.625188,4.711051
bass_2,s02,31,191,30,6,p2,9.5065279545458,2.402212031838709,4.958167849165405
bass_2,s02,31,191,30,6,pm,5.028396,5.065394,4.72175
bass_2,s02,31,191,30,8,quad,6.163446276927757,3.2468400966316557,5.401710695921358
bass_2,s02,31,191,30,7,so,6.803225,3.113116,5.617708
bass_2,s02,31,191,30,4,uro,6.125399,2.940601,4.621683
bass_2,s02,32,192,31,3,basi,5.38786,3.306467,4.744209
bass_2,s02,32,192,31,2,eye,6.474991,4.50836,5.936872
bass_2,s02,32,192,31,1,lj,4.567337,3.6500880000000002,4.752796
bass_2,s02,32,192,31,6,p2,9.468557671233762,2.4078554544705506,4.951696282884681
bass_2,s02,32,192,31,6,pm,4.967265,5.11031,4.739769
bass_2,s02,32,192,31,8,quad,6.13209716114979,3.304336857751423,5.4346846769897
bass_2,s02,32,192,31,7,so,6.746035,3.122308,5.653211
bass_2,s02,32,192,31,4,uro,6.079416,2.925845,4.617668
bass_2,s02,33,193,32,3,basi,5.341329,3.32596,4.726914
bass_2,s02,33,193,32,2,eye,6.418615,4.524157,5.946659
bass_2,s02,33,193,32,1,lj,4.511032,3.700987,4.786682
bass_2,s02,33,193,32,6,p2,9.431580311864984,2.4148607442650603,4.945694499116149
bass_2,s02,33,193,32,6,pm,4.887833,5.133594,4.765426
bass_2,s02,33,193,32,8,quad,6.057581297614538,3.246778570126714,5.4500429381749225
bass_2,s02,33,193,32,7,so,6.698377,3.123705,5.668964
bass_2,s02,33,193,32,4,uro,6.028435,2.914852,4.60995
bass_2,s02,34,194,33,3,basi,5.300688,3.339638,4.731749
bass_2,s02,34,194,33,2,eye,6.357425,4.54569,5.959008
bass_2,s02,34,194,33,1,lj,4.439266,3.779148,4.827104
bass_2,s02,34,194,33,6,p2,9.394988554275963,2.4227862844871617,4.940487876889602
bass_2,s02,34,194,33,6,pm,4.855959,5.134451,4.799702
bass_2,s02,34,194,33,8,quad,6.016360258466342,3.32703547313033,5.459016901946716
bass_2,s02,34,194,33,7,so,6.629943,3.137393,5.694566
bass_2,s02,34,194,33,4,uro,5.984713,2.907874,4.609494
bass_2,s02,35,195,34,3,basi,5.243719,3.356783,4.736339
bass_2,s02,35,195,34,2,eye,6.305634,4.557822,5.966194
bass_2,s02,35,195,34,1,lj,4.408547,3.830135,4.854914
bass_2,s02,35,195,34,6,p2,9.359424935996785,2.4329729729193397,4.93541031301852
bass_2,s02,35,195,34,6,pm,4.782023,5.125227,4.814371
bass_2,s02,35,195,34,8,quad,5.941653766040932,3.33292720313457,5.469299386768327
bass_2,s02,35,195,34,7,so,6.564462,3.139122,5.710123
bass_2,s02,35,195,34,4,uro,5.938834,2.904766,4.608973
bass_2,s02,36,196,35,3,basi,5.210002,3.357815,4.752403
bass_2,s02,36,196,35,2,eye,6.238921,4.559227,5.978081
bass_2,s02,36,196,35,1,lj,4.371547,3.869817,4.879052
bass_2,s02,36,196,35,6,p2,9.3245095203797,2.4441062314669373,4.931383474437809
bass_2,s02,36,196,35,6,pm,4.730062,5.115384,4.836876
bass_2,s02,36,196,35,8,quad,5.87347361220612,3.3812440939164,5.496298277384968
bass_2,s02,36,196,35,7,so,6.51039,3.138322,5.73899
bass_2,s02,36,196,35,4,uro,5.880295,2.89454,4.61572
bass_2,s02,37,197,36,3,basi,5.183389,3.368823,4.768626
bass_2,s02,37,197,36,2,eye,6.196279,4.560008,5.982554
bass_2,s02,37,197,36,1,lj,4.328383,3.881903,4.906529
bass_2,s02,37,197,36,6,p2,9.290887099161925,2.4573110541570133,4.927676265556855
bass_2,s02,37,197,36,6,pm,4.669341,5.084041,4.867137
bass_2,s02,37,197,36,8,quad,5.878007798157291,3.3634059572074486,5.5355784864700475
bass_2,s02,37,197,36,7,so,6.475138,3.148831,5.764919
bass_2,s02,37,197,36,4,uro,5.859969,2.899695,4.637209
bass_2,s02,38,198,37,3,basi,5.141754,3.360221,4.784645
bass_2,s02,38,198,37,2,eye,6.14285,4.558241,5.984345
bass_2,s02,38,198,37,1,lj,4.287863,3.887752,4.898885
bass_2,s02,38,198,37,6,p2,9.258157340783749,2.4716090708403287,4.924218320655413
bass_2,s02,38,198,37,6,pm,4.61524,5.063297,4.889609
bass_2,s02,38,198,37,8,quad,5.854602866206162,3.318050418502167,5.5017587421813365
bass_2,s02,38,198,37,7,so,6.414979,3.141645,5.780459
bass_2,s02,38,198,37,4,uro,5.836639,2.90703,4.622275
bass_2,s02,39,199,38,3,basi,5.099592,3.342566,4.811829
bass_2,s02,39,199,38,2,eye,6.099749,4.55067,5.983564
bass_2,s02,39,199,38,1,lj,4.270588,3.899303,4.905774
bass_2,s02,39,199,38,6,p2,9.226086725583292,2.4871979008337357,4.921459380437594
bass_2,s02,39,199,38,6,pm,4.579663,5.031472,4.900937
bass_2,s02,39,199,38,8,quad,5.778775107848685,3.351650873787947,5.571551988016515
bass_2,s02,39,199,38,7,so,6.370382,3.152175,5.802998
bass_2,s02,39,199,38,4,uro,5.810043,2.907565,4.625601
bass_2,s02,40,200,39,3,basi,5.078072,3.334055,4.828242
bass_2,s02,40,200,39,2,eye,6.0515930000000004,4.545992,5.982812
bass_2,s02,40,200,39,1,lj,4.236485,3.901014,4.916412
bass_2,s02,40,200,39,6,p2,9.194765767303757,2.503849797624951,4.918809891901638
bass_2,s02,40,200,39,6,pm,4.526245,4.972559,4.91207
bass_2,s02,40,200,39,8,quad,5.75136784259683,3.3886965448929236,5.6241168424461865
bass_2,s02,40,200,39,7,so,6.343447,3.146407,5.799141
bass_2,s02,40,200,39,4,uro,5.789242,2.908085,4.628963
bass_2,s02,41,201,40,3,basi,5.055086,3.315177,4.833558
bass_2,s02,41,201,40,2,eye,6.008947,4.5358,5.989676
bass_2,s02,41,201,40,1,lj,4.208072,3.912823,4.954543
bass_2,s02,41,201,40,6,p2,9.16445630366273,2.520669919085631,4.9164537050513895
bass_2,s02,41,201,40,6,pm,4.488613,4.94096,4.927224
bass_2,s02,41,201,40,8,quad,5.732953927279182,3.3435327636674117,5.571152712768675
bass_2,s02,41,201,40,7,so,6.314105,3.135239,5.801899
bass_2,s02,41,201,40,4,uro,5.764616,2.901322,4.639661
bass_2,s02,42,202,41,3,basi,5.051321,3.304159,4.86688
bass_2,s02,42,202,41,2,eye,5.950082,4.514773,5.993541
bass_2,s02,42,202,41,1,lj,4.190714,3.924574,4.968536
bass_2,s02,42,202,41,6,p2,9.135055345096172,2.5382159326045595,4.914797673144376
bass_2,s02,42,202,41,6,pm,4.422699,4.870728,4.949718
bass_2,s02,42,202,41,8,quad,5.699092890917195,3.320798962198365,5.569994302622136
bass_2,s02,42,202,41,7,so,6.28878,3.118242,5.804755
bass_2,s02,42,202,41,4,uro,5.749042,2.890079,4.639621
bass_2,s02,43,203,42,3,basi,5.014364,3.293163,4.855378
bass_2,s02,43,203,42,2,eye,5.922252,4.498597,5.990269
bass_2,s02,43,203,42,1,lj,4.16716,3.920328,4.989596
bass_2,s02,43,203,42,6,p2,9.106086804572072,2.5556868727632027,4.912906728488549
bass_2,s02,43,203,42,6,pm,4.386999,4.808735,4.968657
bass_2,s02,43,203,42,8,quad,5.660030227000588,3.3736459817586484,5.582394931089335
bass_2,s02,43,203,42,7,so,6.261821,3.118695,5.807575
bass_2,s02,43,203,42,4,uro,5.726651,2.87548,4.646805
bass_2,s02,44,204,43,3,basi,4.988525,3.284938,4.877212
bass_2,s02,44,204,43,2,eye,5.881909,4.476955,5.979052
bass_2,s02,44,204,43,1,lj,4.150162,3.916257,5.003932
bass_2,s02,44,204,43,6,p2,9.077514327193676,2.572667435041591,4.911580040709717
bass_2,s02,44,204,43,6,pm,4.360662,4.742183,4.991668
bass_2,s02,44,204,43,8,quad,5.685937964074941,3.39515588698954,5.580757122279518
bass_2,s02,44,204,43,7,so,6.242504,3.107119,5.807087
bass_2,s02,44,204,43,4,uro,5.716981,2.871857,4.646735
bass_2,s02,45,205,44,3,basi,4.964361,3.269171,4.888169
bass_2,s02,45,205,44,2,eye,5.85128,4.469425,5.99122
bass_2,s02,45,205,44,1,lj,4.139614,3.900707,5.021566
bass_2,s02,45,205,44,6,p2,9.049393142318571,2.588581157347729,4.910143199138233
bass_2,s02,45,205,44,6,pm,4.318235,4.699561,5.016989
bass_2,s02,45,205,44,8,quad,5.6441989533302905,3.3296812477712177,5.593449960038222
bass_2,s02,45,205,44,7,so,6.232157,3.086166,5.796791
bass_2,s02,45,205,44,4,uro,5.686547,2.853375,4.650235
bass_2,s02,46,206,45,3,basi,4.922723,3.255311,4.887715
bass_2,s02,46,206,45,2,eye,5.811758,4.453329,5.981992
bass_2,s02,46,206,45,1,lj,4.119894,3.9236780000000002,5.042685
bass_2,s02,46,206,45,6,p2,9.02110670254571,2.6035385113558234,4.908982005264808
bass_2,s02,46,206,45,6,pm,4.274643,4.647468,5.03015
bass_2,s02,46,206,45,8,quad,5.577882086324851,3.2745139308894218,5.554638922201392
bass_2,s02,46,206,45,7,so,6.219062,3.065462,5.792965
bass_2,s02,46,206,45,4,uro,5.662054,2.850168,4.653619
bass_2,s02,47,207,46,3,basi,4.895728,3.253328,4.887389
bass_2,s02,47,207,46,2,eye,5.775693,4.434613,5.983374
bass_2,s02,47,207,46,1,lj,4.098539,3.918749,5.052949
bass_2,s02,47,207,46,6,p2,8.993142412076669,2.6172969118532774,4.908162786842547
bass_2,s02,47,207,46,6,pm,4.245366,4.590386,5.059149
bass_2,s02,47,207,46,8,quad,5.661542544634419,3.283775181784891,5.562880464143489
bass_2,s02,47,207,46,7,so,6.208025,3.053418,5.782842
bass_2,s02,47,207,46,4,uro,5.635403,2.842997,4.653402
bass_2,s02,48,208,47,3,basi,4.872221,3.229674,4.887297
bass_2,s02,48,208,47,2,eye,5.746066,4.415607,5.975786
bass_2,s02,48,208,47,1,lj,4.07726,3.908833,5.070434
bass_2,s02,48,208,47,6,p2,8.964633204670616,2.6293542245143446,4.907085876751267
bass_2,s02,48,208,47,6,pm,4.225707,4.533575,5.088388
bass_2,s02,48,208,47,8,quad,5.554660738029989,3.306001311663536,5.568384847009674
bass_2,s02,48,208,47,7,so,6.192447,3.041234,5.769327
bass_2,s02,48,208,47,4,uro,5.570302,2.821358,4.660131
bass_2,s02,49,209,48,3,basi,4.837707,3.227453,4.881315
bass_2,s02,49,209,48,2,eye,5.712524,4.396799,5.97494
bass_2,s02,49,209,48,1,lj,4.047341,3.898916,5.094674
bass_2,s02,49,209,48,6,p2,8.936081395010788,2.6401077684267773,4.9063868819989755
bass_2,s02,49,209,48,6,pm,4.204671,4.490912,5.099498
bass_2,s02,49,209,48,8,quad,5.601728511482944,3.2963514044388313,5.5471078850704645
bass_2,s02,49,209,48,7,so,6.17343,3.035132,5.759105
bass_2,s02,49,209,48,4,uro,5.519344,2.814696,4.666805
bass_2,s02,50,210,49,3,basi,4.796169,3.208753,4.880891
bass_2,s02,50,210,49,2,eye,5.678593,4.378121,5.980873
bass_2,s02,50,210,49,1,lj,4.036556,3.899528,5.108706
bass_2,s02,50,210,49,6,p2,8.907046326996275,2.6486590225539555,4.905714299452349
bass_2,s02,50,210,49,6,pm,4.18388,4.462614,5.114974
bass_2,s02,50,210,49,8,quad,5.59249631500656,3.270031796864076,5.590156438703888
bass_2,s02,50,210,49,7,so,6.152603,3.017257,5.748743
bass_2,s02,50,210,49,4,uro,5.489685,2.804049,4.673828
bass_2,s02,51,211,50,3,basi,4.774112,3.192488,4.880859
bass_2,s02,51,211,50,2,eye,5.642744,4.362026,5.975525
bass_2,s02,51,211,50,1,lj,4.013214,3.899231,5.094091
bass_2,s02,51,211,50,6,p2,8.87763191286237,2.6555058978597352,4.905260733885438
bass_2,s02,51,211,50,6,pm,4.158287,4.448818,5.128112
bass_2,s02,51,211,50,8,quad,5.532139176034134,3.227343892234149,5.525547388421305
bass_2,s02,51,211,50,7,so,6.125207,3.005519,5.741628
bass_2,s02,51,211,50,4,uro,5.456298,2.797416,4.680798
bass_2,s02,52,212,51,3,basi,4.743367,3.183015,4.880385
bass_2,s02,52,212,51,2,eye,5.614208,4.348614,5.972595
bass_2,s02,52,212,51,1,lj,3.998448,3.890079,5.115614
bass_2,s02,52,212,51,6,p2,8.848105960239227,2.661146518789842,4.904616664306247
bass_2,s02,52,212,51,6,pm,4.139525,4.420165,5.132285
bass_2,s02,52,212,51,8,quad,5.515928554653499,3.2608417638120266,5.562073912854333
bass_2,s02,52,212,51,7,so,6.103394,2.99949,5.731424
bass_2,s02,52,212,51,4,uro,5.423718,2.802197,4.691198
bass_2,s02,53,213,52,3,basi,4.701752,3.178772,4.879855
bass_2,s02,53,213,52,2,eye,5.594818,4.332468,5.976527
bass_2,s02,53,213,52,1,lj,3.985559,3.890538,5.126027
bass_2,s02,53,213,52,6,p2,8.8183302332869,2.6653272621565565,4.903906747383019
bass_2,s02,53,213,52,6,pm,4.113764,4.392047,5.141015
bass_2,s02,53,213,52,8,quad,5.520039396085736,3.2361412285162663,5.519558667062546
bass_2,s02,53,213,52,7,so,6.082026,2.981587,5.720701
bass_2,s02,53,213,52,4,uro,5.391786,2.803349,4.701722
bass_2,s02,54,214,53,3,basi,4.679417,3.172864,4.896231
bass_2,s02,54,214,53,2,eye,5.577136,4.327204,5.976167
bass_2,s02,54,214,53,1,lj,3.955634,3.891274,5.136217
bass_2,s02,54,214,53,6,p2,8.788749770884639,2.6682768500883016,4.903463280077466
bass_2,s02,54,214,53,6,pm,4.094399,4.373129,5.14077
bass_2,s02,54,214,53,8,quad,5.4691049388266215,3.2121785927893174,5.549579234939156
bass_2,s02,54,214,53,7,so,6.061646,2.973419,5.729042
bass_2,s02,54,214,53,4,uro,5.353315,2.804332,4.704958
bass_2,s02,55,215,54,3,basi,4.643327,3.166307,4.906625
bass_2,s02,55,215,54,2,eye,5.561386,4.319197,5.975793
bass_2,s02,55,215,54,1,lj,3.934007,3.902104,5.139211
bass_2,s02,55,215,54,6,p2,8.75878918647094,2.669932476924465,4.902936789498604
bass_2,s02,55,215,54,6,pm,4.073415,4.363982,5.149436
bass_2,s02,55,215,54,8,quad,5.44846321302056,3.182695596175486,5.586109210758536
bass_2,s02,55,215,54,7,so,6.04604,2.970452,5.724368
bass_2,s02,55,215,54,4,uro,5.315621,2.805242,4.711732
bass_2,s02,56,216,55,3,basi,4.608211,3.160447,4.922751
bass_2,s02,56,216,55,2,eye,5.523926,4.308676,5.97279
bass_2,s02,56,216,55,1,lj,3.916748,3.913552,5.14266
bass_2,s02,56,216,55,6,p2,8.728780399038236,2.6703720144080947,4.90248171258714
bass_2,s02,56,216,55,6,pm,4.068804,4.364119,5.151625
bass_2,s02,56,216,55,8,quad,5.380745948341343,3.2082248628574193,5.553932211726247
bass_2,s02,56,216,55,7,so,6.015471,2.970767,5.71965
bass_2,s02,56,216,55,4,uro,5.283756,2.817708,4.718537
bass_2,s02,57,217,56,3,basi,4.574959,3.165255,4.922041
bass_2,s02,57,217,56,2,eye,5.490546,4.303709,5.972221
bass_2,s02,57,217,56,1,lj,3.899685,3.920102,5.146415
bass_2,s02,57,217,56,6,p2,8.699433353548393,2.6709485045753585,4.901745605512584
bass_2,s02,57,217,56,6,pm,4.031071,4.345662,5.155644
bass_2,s02,57,217,56,8,quad,5.406951372776029,3.2164046392617816,5.556015586189958
bass_2,s02,57,217,56,7,so,5.991925,2.964989,5.714869
bass_2,s02,57,217,56,4,uro,5.226079,2.822953,4.735763
bass_2,s02,58,218,57,3,basi,4.55029,3.16843,4.927272
bass_2,s02,58,218,57,2,eye,5.473125,4.295741,5.97407
bass_2,s02,58,218,57,1,lj,3.891227,3.920623,5.14653
bass_2,s02,58,218,57,6,p2,8.670326346253532,2.6706834771025925,4.900827421010928
bass_2,s02,58,218,57,6,pm,4.011425,4.33665,5.16883
bass_2,s02,58,218,57,8,quad,5.383802028203072,3.1940276914841847,5.537362354796994
bass_2,s02,58,218,57,7,so,5.964472,2.947415,5.709879
bass_2,s02,58,218,57,4,uro,5.179399,2.832004,4.74961
bass_2,s02,59,219,58,3,basi,4.524925,3.169631,4.948852
bass_2,s02,59,219,58,2,eye,5.454645,4.29335,5.976021
bass_2,s02,59,219,58,1,lj,3.863227,3.93178,5.14957
bass_2,s02,59,219,58,6,p2,8.64162068149758,2.669991453730108,4.900134827127501
bass_2,s02,59,219,58,6,pm,3.993506,4.336997,5.177482
bass_2,s02,59,219,58,8,quad,5.410435923230062,3.2021607996920296,5.558943879381113
bass_2,s02,59,219,58,7,so,5.961888,2.944291,5.705452
bass_2,s02,59,219,58,4,uro,5.137237,2.836903,4.756338
bass_2,s02,60,220,59,3,basi,4.513022,3.170625,4.959849
bass_2,s02,60,220,59,2,eye,5.442333,4.290963,5.982572
bass_2,s02,60,220,59,1,lj,3.852324,3.937437,5.159918
bass_2,s02,60,220,59,6,p2,8.613338624178635,2.6688692593286856,4.8989984639617195
bass_2,s02,60,220,59,6,pm,3.991711,4.332404,5.17977
bass_2,s02,60,220,59,8,quad,5.395079993682598,3.253159812628741,5.566898327920053
bass_2,s02,60,220,59,7,so,5.939484,2.944634,5.705143
bass_2,s02,60,220,59,4,uro,5.098065,2.849004,4.766416
bass_2,s02,61,221,60,3,basi,4.486379,3.171997,4.976114
bass_2,s02,61,221,60,2,eye,5.420453,4.291449,5.991264
bass_2,s02,61,221,60,1,lj,3.833293,3.932508,5.159767
bass_2,s02,61,221,60,6,p2,8.58543802281646,2.6679520291161376,4.897847234956477
bass_2,s02,61,221,60,6,pm,3.978086,4.323204,5.186331
bass_2,s02,61,221,60,8,quad,5.341114906829498,3.2317041474935575,5.558093920396658
bass_2,s02,61,221,60,7,so,5.913929,2.950758,5.70056
bass_2,s02,61,221,60,4,uro,5.086687,2.86149,4.784313
bass_2,s02,62,222,61,3,basi,4.463848,3.185408,4.992419
bass_2,s02,62,222,61,2,eye,5.408497,4.283454,5.993207
bass_2,s02,62,222,61,1,lj,3.809484,3.949085,5.15943
bass_2,s02,62,222,61,6,p2,8.55851766584568,2.66720934751869,4.89606647642486
bass_2,s02,62,222,61,6,pm,3.946333,4.30476,5.192675
bass_2,s02,62,222,61,8,quad,5.300830268216204,3.208615739046034,5.579823760647757
bass_2,s02,62,222,61,7,so,5.895585,2.945106,5.700203
bass_2,s02,62,222,61,4,uro,5.060662,2.873864,4.794779
bass_2,s02,63,223,62,3,basi,4.43374,3.193101,5.002762
bass_2,s02,63,223,62,2,eye,5.391062,4.278308,5.997362
bass_2,s02,63,223,62,1,lj,3.794293,3.954963,5.173306
bass_2,s02,63,223,62,6,p2,8.53214836551796,2.6663842576555936,4.89399424919026
bass_2,s02,63,223,62,6,pm,3.928983,4.304797,5.196738
bass_2,s02,63,223,62,8,quad,5.300947072222926,3.2880822113678905,5.562145701769165
bass_2,s02,63,223,62,7,so,5.886,2.951391,5.704492
bass_2,s02,63,223,62,4,uro,5.027192,2.879155,4.808973
bass_2,s02,64,224,63,3,basi,4.407925,3.20295,5.007684
bass_2,s02,64,224,63,2,eye,5.362587,4.267711,5.996738
bass_2,s02,64,224,63,1,lj,3.78125,3.960901,5.187272
bass_2,s02,64,224,63,6,p2,8.506326709051251,2.6656148965039583,4.891845163744435
bass_2,s02,64,224,63,6,pm,3.922775,4.290788,5.203444
bass_2,s02,64,224,63,8,quad,5.2904050036644685,3.199416410187602,5.559719503633678
bass_2,s02,64,224,63,7,so,5.876036,2.942649,5.704232
bass_2,s02,64,224,63,4,uro,5.004253,2.887224,4.812214
bass_2,s02,65,225,64,3,basi,4.400577,3.208652,5.02411
bass_2,s02,65,225,64,2,eye,5.343404,4.262527,5.994137
bass_2,s02,65,225,64,1,lj,3.762209,3.956445,5.194364
bass_2,s02,65,225,64,6,p2,8.481227025872018,2.664869658717015,4.888830958205956
bass_2,s02,65,225,64,6,pm,3.908883,4.291402,5.218953
bass_2,s02,65,225,64,8,quad,5.312511470211157,3.2220832851966725,5.5544640911382235
bass_2,s02,65,225,64,7,so,5.862037,2.942862,5.704054
bass_2,s02,65,225,64,4,uro,4.987922,2.895339,4.815607
bass_2,s02,66,226,65,3,basi,4.387852,3.221863,5.045945
bass_2,s02,66,226,65,2,eye,5.32577,4.262779,5.993874
bass_2,s02,66,226,65,1,lj,3.751247,3.967658,5.201335
bass_2,s02,66,226,65,6,p2,8.456985561052297,2.664687080036444,4.8853916694994695
bass_2,s02,66,226,65,6,pm,3.891769,4.29215,5.234463
bass_2,s02,66,226,65,8,quad,5.255546475314063,3.2154553242281767,5.553182524473521
bass_2,s02,66,226,65,7,so,5.840789,2.94319,5.703768
bass_2,s02,66,226,65,4,uro,4.962727,2.903656,4.81892
bass_2,s02,67,227,66,3,basi,4.380365,3.222429,5.046075
bass_2,s02,67,227,66,2,eye,5.313225,4.260309,5.998145
bass_2,s02,67,227,66,1,lj,3.732006,3.968436,5.211819
bass_2,s02,67,227,66,6,p2,8.433176963518013,2.664425733528013,4.88142308650541
bass_2,s02,67,227,66,6,pm,3.880846,4.283147,5.245589
bass_2,s02,67,227,66,8,quad,5.22657785794485,3.2370366204232233,5.55788700525236
bass_2,s02,67,227,66,7,so,5.818925,2.939965,5.690341
bass_2,s02,67,227,66,4,uro,4.926267,2.916375,4.836484
bass_2,s02,68,228,67,3,basi,4.375651,3.225188,5.046151
bass_2,s02,68,228,67,2,eye,5.294732,4.255207,6.002292
bass_2,s02,68,228,67,1,lj,3.714664,3.974229,5.225616
bass_2,s02,68,228,67,6,p2,8.410750133330302,2.6646920872774196,4.877019592942811
bass_2,s02,68,228,67,6,pm,3.857427,4.264385,5.256323
bass_2,s02,68,228,67,8,quad,5.245998429699666,3.238404941699872,5.595210773204833
bass_2,s02,68,228,67,7,so,5.814085,2.942806,5.685955
bass_2,s02,68,228,67,4,uro,4.893569,2.921634,4.847159
bass_2,s02,69,229,68,3,basi,4.358432,3.230219,5.051276
bass_2,s02,69,229,68,2,eye,5.273845,4.244563,6.004038
bass_2,s02,69,229,68,1,lj,3.701958,3.969535,5.236201
bass_2,s02,69,229,68,6,p2,8.388514064235782,2.66471269224244,4.872261569097043
bass_2,s02,69,229,68,6,pm,3.839672,4.259878,5.262707
bass_2,s02,69,229,68,8,quad,5.232315398665353,3.235174650627802,5.505437602296569
bass_2,s02,69,229,68,7,so,5.809052,2.942263,5.672818
bass_2,s02,69,229,68,4,uro,4.872125,2.921868,4.853954
bass_2,s02,70,230,69,3,basi,4.340702,3.238235,5.062071
bass_2,s02,70,230,69,2,eye,5.262033,4.236574,6.012676
bass_2,s02,70,230,69,1,lj,3.691969,3.937357,5.246507
bass_2,s02,70,230,69,6,p2,8.367326456752243,2.665291686817434,4.866872600379338
bass_2,s02,70,230,69,6,pm,3.830182,4.250784,5.267164
bass_2,s02,70,230,69,8,quad,5.250197142947946,3.2075126436432813,5.562706590634005
bass_2,s02,70,230,69,7,so,5.791154,2.938927,5.659479
bass_2,s02,70,230,69,4,uro,4.840917,2.941526,4.860592
bass_2,s02,71,231,70,3,basi,4.331149,3.24311,5.061893
bass_2,s02,71,231,70,2,eye,5.252193,4.22585,6.019075
bass_2,s02,71,231,70,1,lj,3.668677,3.933166,5.257129
bass_2,s02,71,231,70,6,p2,8.347172665083997,2.6658002737161737,4.860937563182668
bass_2,s02,71,231,70,6,pm,3.815276,4.241516,5.271405
bass_2,s02,71,231,70,8,quad,5.228277123411701,3.1850475912173204,5.546031752422666
bass_2,s02,71,231,70,7,so,5.781839,2.929373,5.641805
bass_2,s02,71,231,70,4,uro,4.815025,2.949572,4.860219
bass_2,s02,72,232,71,3,basi,4.320595,3.248281,5.067235
bass_2,s02,72,232,71,2,eye,5.239877,4.223533,6.02787
bass_2,s02,72,232,71,1,lj,3.659921,3.933473,5.278021
bass_2,s02,72,232,71,6,p2,8.327637816827274,2.6665013776866395,4.855531312035577
bass_2,s02,72,232,71,6,pm,3.806245,4.232355,5.282458
bass_2,s02,72,232,71,8,quad,5.168373013580201,3.188611973959711,5.5647480267613965
bass_2,s02,72,232,71,7,so,5.778373,2.929443,5.641754
bass_2,s02,72,232,71,4,uro,4.802094,2.965916,4.878179
bass_2,s02,73,233,72,3,basi,4.303212,3.251557,5.088876
bass_2,s02,73,233,72,2,eye,5.217264,4.213012,6.036308
bass_2,s02,73,233,72,1,lj,3.647416,3.923687,5.28875
bass_2,s02,73,233,72,6,p2,8.309257827385284,2.6674845867926553,4.849444954833482
bass_2,s02,73,233,72,6,pm,3.781988,4.228328,5.297778
bass_2,s02,73,233,72,8,quad,5.1349273272278575,3.2196955271296006,5.551228272944513
bass_2,s02,73,233,72,7,so,5.768921,2.923268,5.632839
bass_2,s02,73,233,72,4,uro,4.799299,2.969236,4.863614
bass_2,s02,74,234,73,3,basi,4.295667,3.252371,5.094525
bass_2,s02,74,234,73,2,eye,5.203708,4.205001,6.038196
bass_2,s02,74,234,73,1,lj,3.645723,3.907715,5.28879
bass_2,s02,74,234,73,6,p2,8.291435661022714,2.6680620582862944,4.843501556290951
bass_2,s02,74,234,73,6,pm,3.763169,4.214081,5.299596
bass_2,s02,74,234,73,8,quad,5.159971752044108,3.186700738863849,5.502141401697753
bass_2,s02,74,234,73,7,so,5.763748,2.914014,5.62396
bass_2,s02,74,234,73,4,uro,4.783624,2.973675,4.874259
bass_2,s02,75,235,74,3,basi,4.278896,3.251234,5.066636
bass_2,s02,75,235,74,2,eye,5.192586,4.19971,6.040174
bass_2,s02,75,235,74,1,lj,3.616027,3.896568,5.291352
bass_2,s02,75,235,74,6,p2,8.274747879168642,2.6695250692896986,4.837506271915621
bass_2,s02,75,235,74,6,pm,3.753069,4.195186,5.306083
bass_2,s02,75,235,74,8,quad,5.182598018639522,3.162019516389258,5.532941919391994
bass_2,s02,75,235,74,7,so,5.761328,2.910456,5.610835
bass_2,s02,75,235,74,4,uro,4.776075,2.981748,4.881397
bass_2,s02,76,236,75,3,basi,4.278911,3.246649,5.072152
bass_2,s02,76,236,75,2,eye,5.178786,4.191595,6.039781
bass_2,s02,76,236,75,1,lj,3.614003,3.892088,5.305748
bass_2,s02,76,236,75,6,p2,8.258647857054218,2.6704300231614644,4.831712877010519
bass_2,s02,76,236,75,6,pm,3.740319,4.186036,5.311865
bass_2,s02,76,236,75,8,quad,5.175417453073738,3.1832419559300167,5.521641866658075
bass_2,s02,76,236,75,7,so,5.748627,2.907245,5.60193
bass_2,s02,76,236,75,4,uro,4.765567,2.982341,4.885398
bass_2,s02,77,237,76,3,basi,4.264994,3.249553,5.082891
bass_2,s02,77,237,76,2,eye,5.166105,4.178201,6.041634
bass_2,s02,77,237,76,1,lj,3.601152,3.892028,5.308901
bass_2,s02,77,237,76,6,p2,8.243178814449696,2.671592007628827,4.826530266684405
bass_2,s02,77,237,76,6,pm,3.739413,4.171748,5.317724
bass_2,s02,77,237,76,8,quad,5.194152337393338,3.152841821875922,5.502529988169893
bass_2,s02,77,237,76,7,so,5.743441,2.895006,5.593029
bass_2,s02,77,237,76,4,uro,4.748686,2.986593,4.89475
bass_2,s02,78,238,77,3,basi,4.26833,3.249635,5.083003
bass_2,s02,78,238,77,2,eye,5.159209,4.178362,6.048234
bass_2,s02,78,238,77,1,lj,3.59032,3.902719,5.298187
bass_2,s02,78,238,77,6,p2,8.228692373408592,2.672850665107253,4.821683277154159
bass_2,s02,78,238,77,6,pm,3.729124,4.167344,5.317688
bass_2,s02,78,238,77,8,quad,5.136662071386896,3.2136912097404458,5.549941417633204
bass_2,s02,78,238,77,7,so,5.73269,2.891388,5.575451
bass_2,s02,78,238,77,4,uro,4.741627,2.990971,4.904361
bass_2,s02,79,239,78,3,basi,4.258532,3.252038,5.072011
bass_2,s02,79,239,78,2,eye,5.150287,4.17015,6.047901
bass_2,s02,79,239,78,1,lj,3.573513,3.893404,5.319518
bass_2,s02,79,239,78,6,p2,8.214748693433183,2.674415938197235,4.817132840326548
bass_2,s02,79,239,78,6,pm,3.709323,4.157855,5.319223
bass_2,s02,79,239,78,8,quad,5.1297434572122835,3.163506817166596,5.49914751186783
bass_2,s02,79,239,78,7,so,5.7138,2.885506,5.570787
bass_2,s02,79,239,78,4,uro,4.735578,2.995438,4.910871
bass_2,s02,80,240,79,3,basi,4.241706,3.257795,5.088309
bass_2,s02,80,240,79,2,eye,5.143859,4.162149,6.047717
bass_2,s02,80,240,79,1,lj,3.569605,3.876776,5.319104
bass_2,s02,80,240,79,6,p2,8.201144971658135,2.676062385507124,4.813050728214791
bass_2,s02,80,240,79,6,pm,3.689778,4.15837,5.326899
bass_2,s02,80,240,79,8,quad,5.130731286467203,3.1138999365915185,5.486214522076617
bass_2,s02,80,240,79,7,so,5.71056,2.884961,5.557698
bass_2,s02,80,240,79,4,uro,4.719221,2.999655,4.917053
bass_2,s02,81,241,80,3,basi,4.218008,3.258521,5.093576
bass_2,s02,81,241,80,2,eye,5.126541,4.151422,6.04948
bass_2,s02,81,241,80,1,lj,3.561352,3.870857,5.301196
bass_2,s02,81,241,80,6,p2,8.188395591196336,2.6777253653396382,4.810079842031707
bass_2,s02,81,241,80,6,pm,3.687826,4.163259,5.323009
bass_2,s02,81,241,80,8,quad,5.0867489114168585,3.1218835620658814,5.53818109358361
bass_2,s02,81,241,80,7,so,5.701908,2.884888,5.553235
bass_2,s02,81,241,80,4,uro,4.717783,2.999601,4.913829
bass_2,s02,82,242,81,3,basi,4.212801,3.25859,5.093502
bass_2,s02,82,242,81,2,eye,5.112231,4.14314,6.046774
bass_2,s02,82,242,81,1,lj,3.544552,3.865932,5.297591
bass_2,s02,82,242,81,6,p2,8.176048286587067,2.6795641206725604,4.807696076888151
bass_2,s02,82,242,81,6,pm,3.670746,4.144073,5.316676
bass_2,s02,82,242,81,8,quad,5.098776176719294,3.174297074139202,5.468371127630344
bass_2,s02,82,242,81,7,so,5.693432,2.875267,5.535647
bass_2,s02,82,242,81,4,uro,4.705441,3.003578,4.913638
bass_2,s02,83,243,82,3,basi,4.200065,3.260524,5.082204
bass_2,s02,83,243,82,2,eye,5.101153,4.140561,6.04656
bass_2,s02,83,243,82,1,lj,3.540455,3.860682,5.297565
bass_2,s02,83,243,82,6,p2,8.164244313644945,2.6815247883145967,4.805567716928973
bass_2,s02,83,243,82,6,pm,3.664247,4.139149,5.310573
bass_2,s02,83,243,82,8,quad,5.0996297953058285,3.1717219630155884,5.461645578961117
bass_2,s02,83,243,82,7,so,5.683445,2.871799,5.522447
bass_2,s02,83,243,82,4,uro,4.692452,3.015337,4.91981
bass_2,s02,84,244,83,3,basi,4.19396,3.265035,5.07113
bass_2,s02,84,244,83,2,eye,5.089402,4.132383,6.039517
bass_2,s02,84,244,83,1,lj,3.540165,3.871469,5.297592
bass_2,s02,84,244,83,6,p2,8.152791752362804,2.6835493853106667,4.804290774482501
bass_2,s02,84,244,83,6,pm,3.660394,4.12472,5.304545
bass_2,s02,84,244,83,8,quad,5.07307970534623,3.1581408554703394,5.463284046600806
bass_2,s02,84,244,83,7,so,5.678832,2.874886,5.522417
bass_2,s02,84,244,83,4,uro,4.68156,3.019682,4.919829
bass_2,s02,85,245,84,3,basi,4.184152,3.267455,5.060145
bass_2,s02,85,245,84,2,eye,5.081031,4.13258,6.039427
bass_2,s02,85,245,84,1,lj,3.532304,3.850484,5.297691
bass_2,s02,85,245,84,6,p2,8.142039490093154,2.6857277974830156,4.803406484171728
bass_2,s02,85,245,84,6,pm,3.649877,4.110304,5.298382
bass_2,s02,85,245,84,8,quad,5.092395414439618,3.139916772678795,5.4468791716472795
bass_2,s02,85,245,84,7,so,5.677791,2.868546,5.51366
bass_2,s02,85,245,84,4,uro,4.668767,3.019729,4.919591
bass_2,s02,86,246,85,3,basi,4.173371,3.265587,5.060206
bass_2,s02,86,246,85,2,eye,5.073788,4.127133,6.03697
bass_2,s02,86,246,85,1,lj,3.519537,3.850614,5.297476
bass_2,s02,86,246,85,6,p2,8.131588269990615,2.687916062441966,4.803219522244328
bass_2,s02,86,246,85,6,pm,3.646982,4.105509,5.292439
bass_2,s02,86,246,85,8,quad,5.089530414886526,3.1527689656743965,5.453808022973389
bass_2,s02,86,246,85,7,so,5.670592,2.8655,5.509198
bass_2,s02,86,246,85,4,uro,4.656419,3.023705,4.919401
bass_2,s02,87,247,86,3,basi,4.15589,3.268139,5.054519
bass_2,s02,87,247,86,2,eye,5.059269,4.12528,6.02773
bass_2,s02,87,247,86,1,lj,3.519606,3.845533,5.308068
bass_2,s02,87,247,86,6,p2,8.121261577225045,2.689854548111767,4.8031456157080745
bass_2,s02,87,247,86,6,pm,3.645922,4.100618,5.290395
bass_2,s02,87,247,86,8,quad,5.034770801341132,3.16940853646757,5.452615444423647
bass_2,s02,87,247,86,7,so,5.663114,2.868375,5.50478
bass_2,s02,87,247,86,4,uro,4.653416,3.027705,4.919412
bass_2,s02,88,248,87,3,basi,4.150637,3.270614,5.054439
bass_2,s02,88,248,87,2,eye,5.051439,4.122923,6.026739
bass_2,s02,88,248,87,1,lj,3.519899,3.834748,5.308038
bass_2,s02,88,248,87,6,p2,8.111724651261763,2.6922141654188283,4.803395781189094
bass_2,s02,88,248,87,6,pm,3.632845,4.086728,5.288379
bass_2,s02,88,248,87,8,quad,5.039360982605136,3.1103638833886507,5.432356156927431
bass_2,s02,88,248,87,7,so,5.652741,2.865078,5.495919
bass_2,s02,88,248,87,4,uro,4.645956,3.035326,4.919217
bass_2,s02,89,249,88,3,basi,4.137411,3.270992,5.054359
bass_2,s02,89,249,88,2,eye,5.033735,4.115679,6.022314
bass_2,s02,89,249,88,1,lj,3.502981,3.834193,5.28996
bass_2,s02,89,249,88,6,p2,8.101974305900232,2.6937803908855207,4.803937274835254
bass_2,s02,89,249,88,6,pm,3.624483,4.086313,5.284062
bass_2,s02,89,249,88,8,quad,5.026900683352378,3.1398776584692323,5.488202382865412
bass_2,s02,89,249,88,7,so,5.644458,2.861854,5.487105
bass_2,s02,89,249,88,4,uro,4.641471,3.039424,4.919247
bass_2,s02,90,250,89,3,basi,4.140318,3.257995,5.053939
bass_2,s02,90,250,89,2,eye,5.026663,4.108373,6.016125
bass_2,s02,90,250,89,1,lj,3.483996,3.828469,5.282376
bass_2,s02,90,250,89,6,p2,8.092853057950943,2.695956565212289,4.804596135161446
bass_2,s02,90,250,89,6,pm,3.617888,4.081806,5.274296
bass_2,s02,90,250,89,8,quad,5.044771636657488,3.131717881865007,5.441834924599873
bass_2,s02,90,250,89,7,so,5.639461,2.867226,5.474053
bass_2,s02,90,250,89,4,uro,4.641471,3.039424,4.919247
bass_2,s02,91,251,90,3,basi,4.124948,3.25054,5.042736
bass_2,s02,91,251,90,2,eye,5.008275,4.103638,6.0097950000000004
bass_2,s02,91,251,90,1,lj,3.481932,3.828072,5.271681
bass_2,s02,91,251,90,6,p2,8.08377634743075,2.697897812324752,4.805110281622902
bass_2,s02,91,251,90,6,pm,3.60777,4.076835,5.272013
bass_2,s02,91,251,90,8,quad,5.048785767673585,3.1255652421540874,5.35514587977804
bass_2,s02,91,251,90,7,so,5.622092,2.870266,5.469503
bass_2,s02,91,251,90,4,uro,4.631637,3.039271,4.918971
bass_2,s02,92,252,91,3,basi,4.123981,3.255209,5.037241
bass_2,s02,92,252,91,2,eye,4.992566,4.098594,5.999435
bass_2,s02,92,252,91,1,lj,3.471551,3.822985,5.264668
bass_2,s02,92,252,91,6,p2,8.074843062157521,2.699794744586226,4.80570008836465
bass_2,s02,92,252,91,6,pm,3.596922,4.076702,5.26194
bass_2,s02,92,252,91,8,quad,4.994317917595025,3.0887729810468496,5.398741092655222
bass_2,s02,92,252,91,7,so,5.621143,2.866692,5.456443
bass_2,s02,92,252,91,4,uro,4.62967,3.03924,4.918915
bass_2,s02,93,253,92,3,basi,4.111616,3.262502,5.03161
bass_2,s02,93,253,92,2,eye,4.980901,4.096244,5.993271
bass_2,s02,93,253,92,1,lj,3.463194,3.817043,5.257209
bass_2,s02,93,253,92,6,p2,8.066324560834273,2.701554528488644,4.806105491867089
bass_2,s02,93,253,92,6,pm,3.595771,4.076506,5.255953
bass_2,s02,93,253,92,8,quad,5.029050003656403,3.1500431140833287,5.376969079778615
bass_2,s02,93,253,92,7,so,5.616273,2.866566,5.452038
bass_2,s02,93,253,92,4,uro,4.615792,3.047121,4.918717
bass_2,s02,94,254,93,3,basi,4.104625,3.25792,5.031598
bass_2,s02,94,254,93,2,eye,4.973279,4.088931,5.991018
bass_2,s02,94,254,93,1,lj,3.460825,3.827439,5.246533
bass_2,s02,94,254,93,6,p2,8.057513941279161,2.703152727975313,4.806306135692027
bass_2,s02,94,254,93,6,pm,3.587961,4.072005,5.248126
bass_2,s02,94,254,93,8,quad,5.0085190639421455,3.1425900079680593,5.343258015375626
bass_2,s02,94,254,93,7,so,5.612772,2.862803,5.434604
bass_2,s02,94,254,93,4,uro,4.613039,3.035607,4.912343
bass_2,s02,95,255,94,3,basi,4.099944,3.258323,5.031713
bass_2,s02,95,255,94,2,eye,4.969941,4.088915,5.988967
bass_2,s02,95,255,94,1,lj,3.458889,3.821746,5.239367
bass_2,s02,95,255,94,6,p2,8.049395995631428,2.705276932317438,4.806333453281016
bass_2,s02,95,255,94,6,pm,3.574173,4.067223,5.238066
bass_2,s02,95,255,94,8,quad,5.016900530974888,3.0873870353349995,5.3739668892795915
bass_2,s02,95,255,94,7,so,5.609122,2.859457,5.425853
bass_2,s02,95,255,94,4,uro,4.606458,3.051103,4.912246
bass_2,s02,96,256,95,3,basi,4.088452,3.265761,5.031562
bass_2,s02,96,256,95,2,eye,4.964719,4.088948,5.98493
bass_2,s02,96,256,95,1,lj,3.454814,3.815967,5.232106
bass_2,s02,96,256,95,6,p2,8.041338105167581,2.707139423928548,4.806106901051302
bass_2,s02,96,256,95,6,pm,3.566505,4.062187,5.229958
bass_2,s02,96,256,95,8,quad,5.038163323466035,3.140908264959342,5.372966044821584
bass_2,s02,96,256,95,7,so,5.60472,2.861935,5.412807
bass_2,s02,96,256,95,4,uro,4.592703,3.05123,4.908856
bass_2,s02,97,257,96,3,basi,4.08507,3.268074,5.031433
bass_2,s02,97,257,96,2,eye,4.958319,4.08405,5.980765
bass_2,s02,97,257,96,1,lj,3.448561,3.810732,5.235522
bass_2,s02,97,257,96,6,p2,8.033603024349565,2.7090103662966714,4.805632826405951
bass_2,s02,97,257,96,6,pm,3.564175,4.057494,5.237758
bass_2,s02,97,257,96,8,quad,4.9906842575783745,3.1248359269093418,5.346307946991344
bass_2,s02,97,257,96,7,so,5.595656,2.856068,5.412639
bass_2,s02,97,257,96,4,uro,4.578797,3.06609,4.905117
bass_2,s02,98,258,97,3,basi,4.079814,3.270549,5.03135
bass_2,s02,98,258,97,2,eye,4.943835,4.08141,5.968498
bass_2,s02,98,258,97,1,lj,3.440282,3.806364,5.239389
bass_2,s02,98,258,97,6,p2,8.026024567596547,2.7107456496993416,4.804881534269047
bass_2,s02,98,258,97,6,pm,3.556379,4.057256,5.229656
bass_2,s02,98,258,97,8,quad,5.036991860870826,3.079465502929456,5.382012043715722
bass_2,s02,98,258,97,7,so,5.585744,2.852372,5.395127
bass_2,s02,98,258,97,4,uro,4.574766,3.080973,4.898414
bass_2,s02,99,259,98,3,basi,4.074558,3.273024,5.031267
bass_2,s02,99,259,98,2,eye,4.933665,4.076612,5.960368
bass_2,s02,99,259,98,1,lj,3.429927,3.802122,5.239822
bass_2,s02,99,259,98,6,p2,8.01857662093256,2.7127199324952187,4.80397643908571
bass_2,s02,99,259,98,6,pm,3.556379,4.057256,5.229656
bass_2,s02,99,259,98,8,quad,4.963852633920079,3.1378888667941163,5.343323094624869
bass_2,s02,99,259,98,7,so,5.578639,2.855084,5.386384
bass_2,s02,99,259,98,4,uro,4.57315,3.092501,4.898356
bass_2,s02,100,260,99,3,basi,4.068365,3.27558,5.031208
bass_2,s02,100,260,99,2,eye,4.919617,4.073847,5.950023
bass_2,s02,100,260,99,1,lj,3.434322,3.795627,5.22887
bass_2,s02,100,260,99,6,p2,8.011322100444634,2.7146493761505304,4.802887212425952
bass_2,s02,100,260,99,6,pm,3.550308,4.057359,5.221778
bass_2,s02,100,260,99,8,quad,4.968334682296941,3.1180569398088296,5.325370376065438
bass_2,s02,100,260,99,7,so,5.576465,2.854731,5.377687
bass_2,s02,100,260,99,4,uro,4.56719,3.103544,4.891615
bass_2,s02,101,261,100,3,basi,4.059724,3.280365,5.030995
bass_2,s02,101,261,100,2,eye,4.915684,4.068856,5.94194
bass_2,s02,101,261,100,1,lj,3.415524,3.790091,5.207563
bass_2,s02,101,261,100,6,p2,8.005090153933333,2.7164084870918077,4.801897888308732
bass_2,s02,101,261,100,6,pm,3.538973,4.048119,5.221712
bass_2,s02,101,261,100,8,quad,4.982557949313085,3.124729313596169,5.3213200133880605
bass_2,s02,101,261,100,7,so,5.582633,2.851421,5.373408
bass_2,s02,101,261,100,4,uro,4.579424,3.114668,4.888459
bass_2,s02,102,262,101,3,basi,4.046913,3.282509,5.025188
bass_2,s02,102,262,101,2,eye,4.90498,4.061578,5.937685
bass_2,s02,102,262,101,1,lj,3.411248,3.78992,5.207366
bass_2,s02,102,262,101,6,p2,7.998551735417623,2.7182033752212496,4.799959191481058
bass_2,s02,102,262,101,6,pm,3.537968,4.043066,5.213752
bass_2,s02,102,262,101,8,quad,4.946846304231495,3.0721908983964714,5.346423099007905
bass_2,s02,102,262,101,7,so,5.568465,2.850675,5.35156
bass_2,s02,102,262,101,4,uro,4.578422,3.125917,4.87873
bass_2,s02,103,263,102,3,basi,4.039205,3.287206,5.024949
bass_2,s02,103,263,102,2,eye,4.901936,4.0542299999999996,5.935532
bass_2,s02,103,263,102,1,lj,3.411321,3.789601,5.196786
bass_2,s02,103,263,102,6,p2,7.992215572720632,2.71989983569407,4.7980516859839
bass_2,s02,103,263,102,6,pm,3.530877,4.042475,5.201582
bass_2,s02,103,263,102,8,quad,4.970933896828606,3.1210813483219657,5.322151577705551
bass_2,s02,103,263,102,7,so,5.5675230000000004,2.850079,5.338544
bass_2,s02,103,263,102,4,uro,4.578333,3.133538,4.878675
bass_2,s02,104,264,103,3,basi,4.034931,3.287189,5.02485
bass_2,s02,104,264,103,2,eye,4.889054,4.054335,5.929404
bass_2,s02,104,264,103,1,lj,3.405001,3.789876,5.193338
bass_2,s02,104,264,103,6,p2,7.98629736716261,2.7213964484755,4.795972242999799
bass_2,s02,104,264,103,6,pm,3.52971,4.042325,5.197579
bass_2,s02,104,264,103,8,quad,4.979999025477921,3.1112510955619874,5.302968286439379
bass_2,s02,104,264,103,7,so,5.564936,2.840935,5.334129
bass_2,s02,104,264,103,4,uro,4.580385,3.136968,4.868958
bass_2,s02,105,265,104,3,basi,4.030559,3.291985,5.024733
bass_2,s02,105,265,104,2,eye,4.878875,4.046768,5.921092
bass_2,s02,105,265,104,1,lj,3.404933,3.789235,5.192964
bass_2,s02,105,265,104,6,p2,7.980804775366416,2.7229024573071094,4.793704098097321
bass_2,s02,105,265,104,6,pm,3.528065,4.037417,5.185794
bass_2,s02,105,265,104,8,quad,4.929214506082173,3.1197724336964066,5.235055964773914
bass_2,s02,105,265,104,7,so,5.566426,2.849017,5.316842
bass_2,s02,105,265,104,4,uro,4.578409,3.144281,4.862346
bass_2,s02,106,266,105,3,basi,4.027173,3.294289,5.024601
bass_2,s02,106,266,105,2,eye,4.868628,4.041769,5.91681
bass_2,s02,106,266,105,1,lj,3.399267,3.767792,5.185998
bass_2,s02,106,266,105,6,p2,7.975702944625204,2.7243473359119585,4.790980305748026
bass_2,s02,106,266,105,6,pm,3.514127,4.013706,5.17786
bass_2,s02,106,266,105,8,quad,5.002749741767854,3.095030638163094,5.277769808801778
bass_2,s02,106,266,105,7,so,5.5665,2.848807,5.312508
bass_2,s02,106,266,105,4,uro,4.577916,3.151494,4.855713
bass_2,s02,107,267,106,3,basi,4.022907,3.29646,5.018988
bass_2,s02,107,267,106,2,eye,4.862208,4.036918,5.914651
bass_2,s02,107,267,106,1,lj,3.397131,3.767705,5.185899
bass_2,s02,107,267,106,6,p2,7.970721803198975,2.7255210129806677,4.787870632150048
bass_2,s02,107,267,106,6,pm,3.504672,4.00426,5.177738
bass_2,s02,107,267,106,8,quad,4.948340567062516,3.1054636802973374,5.273019186739055
bass_2,s02,107,267,106,7,so,5.563986,2.839449,5.303767
bass_2,s02,107,267,106,4,uro,4.582766,3.15895,4.855673
bass_2,s02,108,268,107,3,basi,4.021938,3.303331,5.007972
bass_2,s02,108,268,107,2,eye,4.865816,4.036949,5.914746
bass_2,s02,108,268,107,1,lj,3.397313,3.762194,5.182377
bass_2,s02,108,268,107,6,p2,7.966031627205786,2.7267441388784683,4.784634238094717
bass_2,s02,108,268,107,6,pm,3.498857,3.999108,5.17353
bass_2,s02,108,268,107,8,quad,4.9555150019933984,3.135130608184021,5.250017478603148
bass_2,s02,108,268,107,7,so,5.56308,2.847812,5.29079
bass_2,s02,108,268,107,4,uro,NA,NA,NA
bass_2,s02,109,269,108,3,basi,4.018657,3.303012,5.002344
bass_2,s02,109,269,108,2,eye,4.857953,4.034802,5.912722
bass_2,s02,109,269,108,1,lj,3.395051,3.767832,5.182464
bass_2,s02,109,269,108,6,p2,7.961445298543419,2.727632049319351,4.781461523321009
bass_2,s02,109,269,108,6,pm,3.498931,3.994512,5.181423
bass_2,s02,109,269,108,8,quad,4.966663308175987,3.1152924109551687,5.195960675958068
bass_2,s02,109,269,108,7,so,5.558423,2.84706,5.273398
bass_2,s02,109,269,108,4,uro,NA,NA,NA
bass_2,s02,110,270,109,3,basi,4.018518,3.312425,4.996796
bass_2,s02,110,270,109,2,eye,4.853087,4.027028,5.902471
bass_2,s02,110,270,109,1,lj,3.386785,3.762939,5.179113
bass_2,s02,110,270,109,6,p2,7.957452029696118,2.7285787082879325,4.778008621970059
bass_2,s02,110,270,109,6,pm,3.49775,3.99441,5.179398
bass_2,s02,110,270,109,8,quad,4.971296992447263,3.1163485031205544,5.290989001085912
bass_2,s02,110,270,109,7,so,5.562011,2.834588,5.264733
bass_2,s02,110,270,109,4,uro,NA,NA,NA
bass_2,s02,111,271,110,3,basi,4.017704,3.314272,4.980291
bass_2,s02,111,271,110,2,eye,4.849724,4.027062,5.902414
bass_2,s02,111,271,110,1,lj,3.386801,3.762402,5.171877
bass_2,s02,111,271,110,6,p2,7.953703336359897,2.7293272393035917,4.7750544822616
bass_2,s02,111,271,110,6,pm,3.514318,3.989224,5.171777
bass_2,s02,111,271,110,8,quad,4.952706607486392,3.0899257143042718,5.2414535482867315
bass_2,s02,111,271,110,7,so,5.56478,2.834149,5.256112
bass_2,s02,111,271,110,4,uro,NA,NA,NA
bass_2,s02,112,272,111,3,basi,4.02269,3.330636,4.969268
bass_2,s02,112,272,111,2,eye,4.844553,4.019701,5.898256
bass_2,s02,112,272,111,1,lj,3.383055,3.745797,5.164647
bass_2,s02,112,272,111,6,p2,7.950464279537777,2.730216052534165,4.7716665812681285
bass_2,s02,112,272,111,6,pm,3.500666,3.979671,5.163731
bass_2,s02,112,272,111,8,quad,4.959285149910757,3.0965704376185763,5.219529253170053
bass_2,s02,112,272,111,7,so,5.563824,2.830562,5.243105
bass_2,s02,112,272,111,4,uro,NA,NA,NA
bass_2,s02,113,273,112,3,basi,4.016545,3.332982,4.963697
bass_2,s02,113,273,112,2,eye,4.841055,4.019449,5.890204
bass_2,s02,113,273,112,1,lj,3.380839,3.751221,5.157688
bass_2,s02,113,273,112,6,p2,7.947282126772828,2.730760839535566,4.768638412944636
bass_2,s02,113,273,112,6,pm,3.490392,3.999111,5.165565
bass_2,s02,113,273,112,8,quad,5.003550996730273,3.1279055908496716,5.235022373888262
bass_2,s02,113,273,112,7,so,5.562989,2.838723,5.225793
bass_2,s02,113,273,112,4,uro,NA,NA,NA
bass_2,s02,114,274,113,3,basi,4.016512,3.339783,4.952642
bass_2,s02,114,274,113,2,eye,4.838922,4.019439,5.888189
bass_2,s02,114,274,113,1,lj,3.374724,3.745874,5.147211
bass_2,s02,114,274,113,6,p2,7.944309646693462,2.731435080698617,4.766146422702592
bass_2,s02,114,274,113,6,pm,3.488633,3.979472,5.153641
bass_2,s02,114,274,113,8,quad,4.940141194284798,3.0701292081978524,5.205227062441345
bass_2,s02,114,274,113,7,so,5.565353,2.829476,5.22147
bass_2,s02,114,274,113,4,uro,NA,NA,NA
bass_2,s02,115,275,114,3,basi,4.016627,3.339358,4.941627
bass_2,s02,115,275,114,2,eye,4.834512,4.009432,5.881958
bass_2,s02,115,275,114,1,lj,3.372589,3.745787,5.147112
bass_2,s02,115,275,114,6,p2,7.941751716351721,2.7321546820813793,4.763074772684604
bass_2,s02,115,275,114,6,pm,3.47972,3.970272,5.15173
bass_2,s02,115,275,114,8,quad,4.963969604121556,3.13729602992491,5.2247317606268515
bass_2,s02,115,275,114,7,so,5.565144,2.832207,5.217127
bass_2,s02,115,275,114,4,uro,NA,NA,NA
bass_2,s02,116,276,115,3,basi,4.00746,3.349402,4.94159
bass_2,s02,116,276,115,2,eye,4.83031,4.004422,5.875855
bass_2,s02,116,276,115,1,lj,3.36628,3.745088,5.13273
bass_2,s02,116,276,115,6,p2,7.939515081398624,2.732564320670794,4.761173754427706
bass_2,s02,116,276,115,6,pm,3.477643,3.984183,5.14557
bass_2,s02,116,276,115,8,quad,4.899455129324024,3.0943104312658116,5.1837517297190345
bass_2,s02,116,276,115,7,so,5.562584,2.829024,5.212754
bass_2,s02,116,276,115,4,uro,NA,NA,NA
bass_2,s02,117,277,116,3,basi,4.001212,3.356572,4.935987
bass_2,s02,117,277,116,2,eye,4.828457,3.999545,5.873794
bass_2,s02,117,277,116,1,lj,3.360193,3.740065,5.122452
bass_2,s02,117,277,116,6,p2,7.938352933685442,2.7331288511150857,4.759443528811324
bass_2,s02,117,277,116,6,pm,3.461675,3.950527,5.129705
bass_2,s02,117,277,116,8,quad,4.914646850983109,3.0592410161929653,5.185556543171911
bass_2,s02,117,277,116,7,so,5.560549,2.828249,5.195421
bass_2,s02,117,277,116,4,uro,NA,NA,NA
bass_2,s02,118,278,117,3,basi,3.997102,3.355922,4.919361
bass_2,s02,118,278,117,2,eye,4.826576,3.994723,5.873722
bass_2,s02,118,278,117,1,lj,3.355995,3.739563,5.111694
bass_2,s02,118,278,117,6,p2,7.93720866959811,2.73318754772038,4.758432288175314
bass_2,s02,118,278,117,6,pm,3.458839,3.969291,5.115773
bass_2,s02,118,278,117,8,quad,4.894280928156381,3.058714054439115,5.218141388032811
bass_2,s02,118,278,117,7,so,5.559604,2.827652,5.182428
bass_2,s02,118,278,117,4,uro,NA,NA,NA
bass_2,s02,119,279,118,3,basi,3.997259,3.350889,4.913885
bass_2,s02,119,279,118,2,eye,4.82078,3.98452,5.863453
bass_2,s02,119,279,118,1,lj,3.356179,3.734044,5.108187
bass_2,s02,119,279,118,6,p2,7.935980403298396,2.7335214308719222,4.757383626177861
bass_2,s02,119,279,118,6,pm,3.456603,3.964328,5.113705
bass_2,s02,119,279,118,8,quad,4.9619849786342085,3.091349311980902,5.162110772725523
bass_2,s02,119,279,118,7,so,5.559531,2.827862,5.186755
bass_2,s02,119,279,118,4,uro,NA,NA,NA
bass_2,s02,120,280,119,3,basi,3.99497,3.350278,4.902723
bass_2,s02,120,280,119,2,eye,4.818962,3.981998,5.857464
bass_2,s02,120,280,119,1,lj,NA,NA,NA
bass_2,s02,120,280,119,6,p2,7.935037516593878,2.733882277442058,4.756010586537275
bass_2,s02,120,280,119,6,pm,3.461171,3.954494,5.109821
bass_2,s02,120,280,119,8,quad,NA,NA,NA
bass_2,s02,120,280,119,7,so,5.562214,2.824642,5.182466
bass_2,s02,120,280,119,4,uro,NA,NA,NA
bass_2,s03,1,130,0,3,basi,7.962174,6.251918,6.737291
bass_2,s03,1,130,0,2,eye,9.074093,6.558011,7.450987
bass_2,s03,1,130,0,1,lj,7.38791,6.697535,7.045964
bass_2,s03,1,130,0,6,p2,11.000499147956289,4.656672665077052,5.505917533709776
bass_2,s03,1,130,0,6,pm,7.531474,6.966683,7.02378
bass_2,s03,1,130,0,8,quad,8.73005724493195,5.688793028360056,6.677042507639338
bass_2,s03,1,130,0,7,so,9.284361,5.289875,6.617318
bass_2,s03,1,130,0,4,uro,8.47579,5.999858,6.50688
bass_2,s03,2,131,1,3,basi,7.934175,6.252772,6.752457
bass_2,s03,2,131,1,2,eye,9.030351,6.559009,7.464289
bass_2,s03,2,131,1,1,lj,7.338828,6.688072,7.050046
bass_2,s03,2,131,1,6,p2,10.99026860314185,4.656602275904541,5.504213138946153
bass_2,s03,2,131,1,6,pm,7.480926,6.972762,7.03555
bass_2,s03,2,131,1,8,quad,8.71845918765344,5.676995663768387,6.7054365478922096
bass_2,s03,2,131,1,7,so,9.250703,5.290537,6.621749
bass_2,s03,2,131,1,4,uro,8.43786,6.006023,6.524605
bass_2,s03,3,132,2,3,basi,7.891723,6.269897,6.757825
bass_2,s03,3,132,2,2,eye,9.001143,6.557072,7.47515
bass_2,s03,3,132,2,1,lj,7.291572,6.689294,7.049524
bass_2,s03,3,132,2,6,p2,10.980210264684343,4.657394695934371,5.501911535569796
bass_2,s03,3,132,2,6,pm,7.430661,6.978519,7.051252
bass_2,s03,3,132,2,8,quad,8.66366039728566,5.7204497051595435,6.7472614049541475
bass_2,s03,3,132,2,7,so,9.197095,5.296734,6.626359
bass_2,s03,3,132,2,4,uro,8.387186,6.000775,6.535116
bass_2,s03,4,133,3,3,basi,7.857773,6.270212,6.762204
bass_2,s03,4,133,3,2,eye,8.966438,6.554625,7.499366
bass_2,s03,4,133,3,1,lj,7.258939,6.674824,7.082378
bass_2,s03,4,133,3,6,p2,10.96961587633779,4.657834148340694,5.499238618660339
bass_2,s03,4,133,3,6,pm,7.386506,6.963962,7.04604
bass_2,s03,4,133,3,8,quad,8.64378260398961,5.645640342769474,6.720211087427125
bass_2,s03,4,133,3,7,so,9.142374,5.302271,6.640272
bass_2,s03,4,133,3,4,uro,8.350691,5.996053,6.540361
bass_2,s03,5,134,4,3,basi,7.804643,6.263441,6.786852
bass_2,s03,5,134,4,2,eye,8.929821,6.564115,7.505876
bass_2,s03,5,134,4,1,lj,7.220729,6.689599,7.092788
bass_2,s03,5,134,4,6,p2,10.957352855353546,4.658033479069374,5.497055362172664
bass_2,s03,5,134,4,6,pm,7.344115,6.97848,7.066443
bass_2,s03,5,134,4,8,quad,8.574318596310308,5.6889450855984816,6.804563433647531
bass_2,s03,5,134,4,7,so,9.096032,5.3023,6.658607
bass_2,s03,5,134,4,4,uro,8.307681,6.002542,6.540145
bass_2,s03,6,135,5,3,basi,7.780154,6.263352,6.780963
bass_2,s03,6,135,5,2,eye,8.888581,6.569183,7.507534
bass_2,s03,6,135,5,1,lj,7.182708,6.682903,7.098573
bass_2,s03,6,135,5,6,p2,10.93524643132452,4.657530591158919,5.492141707730018
bass_2,s03,6,135,5,6,pm,7.305063,6.978595,7.086139
bass_2,s03,6,135,5,8,quad,8.487194396138722,5.679413979348389,6.770611050426952
bass_2,s03,6,135,5,7,so,9.057261,5.304147,6.663695
bass_2,s03,6,135,5,4,uro,8.258128,5.993175,6.545321
bass_2,s03,7,136,6,3,basi,7.724575,6.264834,6.795809
bass_2,s03,7,136,6,2,eye,8.848042,6.570204,7.520948
bass_2,s03,7,136,6,1,lj,7.135009,6.673767,7.104603
bass_2,s03,7,136,6,6,p2,10.909368726264717,4.656993836623059,5.488431850308565
bass_2,s03,7,136,6,6,pm,7.281983,6.983606,7.085892
bass_2,s03,7,136,6,8,quad,8.553830682738942,5.669625154780613,6.827206381585782
bass_2,s03,7,136,6,7,so,9.01186,5.304819,6.677595
bass_2,s03,7,136,6,4,uro,8.230944,5.993297,6.556669
bass_2,s03,8,137,7,3,basi,7.690838,6.265559,6.795368
bass_2,s03,8,137,7,2,eye,8.807355,6.570643,7.538579
bass_2,s03,8,137,7,1,lj,7.090799,6.684941,7.104261
bass_2,s03,8,137,7,6,p2,10.881463071523264,4.656474128916524,5.483568066354629
bass_2,s03,8,137,7,6,pm,7.226322,6.98516,7.08538
bass_2,s03,8,137,7,8,quad,8.39919528741728,5.706402548408127,6.819681125221567
bass_2,s03,8,137,7,7,so,8.920337,5.310686,6.680975
bass_2,s03,8,137,7,4,uro,8.203542,5.988125,6.567854
bass_2,s03,9,138,8,3,basi,7.659712,6.265879,6.810072
bass_2,s03,9,138,8,2,eye,8.767462,6.571098,7.546988
bass_2,s03,9,138,8,1,lj,7.047401,6.679145,7.106994
bass_2,s03,9,138,8,6,p2,10.851077790633228,4.654610853802406,5.480051010192945
bass_2,s03,9,138,8,6,pm,7.186017,6.990371,7.088918
bass_2,s03,9,138,8,8,quad,8.35726211319831,5.686302702068012,6.826629486473031
bass_2,s03,9,138,8,7,so,8.868159,5.311309,6.699551
bass_2,s03,9,138,8,4,uro,8.16353,5.988907,6.579298
bass_2,s03,10,139,9,3,basi,7.625977,6.266602,6.809629
bass_2,s03,10,139,9,2,eye,8.740064,6.58726,7.547018
bass_2,s03,10,139,9,1,lj,7.00608,6.679804,7.11666
bass_2,s03,10,139,9,6,p2,10.819249037703557,4.653368219827492,5.476740651080372
bass_2,s03,10,139,9,6,pm,7.134803,6.982064,7.096084
bass_2,s03,10,139,9,8,quad,8.327220329587274,5.739509725370888,6.85180150332382
bass_2,s03,10,139,9,7,so,8.830635,5.322039,6.714437
bass_2,s03,10,139,9,4,uro,8.121633,5.989623,6.58464
bass_2,s03,11,140,10,3,basi,7.582357,6.259391,6.823972
bass_2,s03,11,140,10,2,eye,8.700249,6.590937,7.556194
bass_2,s03,11,140,10,1,lj,6.943361,6.674557,7.126137
bass_2,s03,11,140,10,6,p2,10.783370333046484,4.649264357104909,5.47310621511328
bass_2,s03,11,140,10,6,pm,7.10103,6.991439,7.112107
bass_2,s03,11,140,10,8,quad,8.258090166731915,5.74344512362261,6.797538768425038
bass_2,s03,11,140,10,7,so,8.780234,5.322243,6.713222
bass_2,s03,11,140,10,4,uro,8.081822,5.990771,6.608352
bass_2,s03,12,141,11,3,basi,7.539247,6.259966,6.828268
bass_2,s03,12,141,11,2,eye,8.667129,6.593473,7.569396
bass_2,s03,12,141,11,1,lj,6.892467,6.675557,7.135756
bass_2,s03,12,141,11,6,p2,10.74735123144665,4.645723047285695,5.472343660307239
bass_2,s03,12,141,11,6,pm,7.053931,6.99652,7.140312
bass_2,s03,12,141,11,8,quad,8.222417517263082,5.74679021670666,6.838593256138351
bass_2,s03,12,141,11,7,so,8.731802,5.328869,6.728057
bass_2,s03,12,141,11,4,uro,8.05522,5.991402,6.620066
bass_2,s03,13,142,12,3,basi,7.503977,6.232199,6.847588
bass_2,s03,13,142,12,2,eye,8.625191,6.593642,7.584497
bass_2,s03,13,142,12,1,lj,6.846586,6.661956,7.151431
bass_2,s03,13,142,12,6,p2,10.709173610692073,4.6414655655378185,5.472191483935306
bass_2,s03,13,142,12,6,pm,7.020051,7.006614,7.136091
bass_2,s03,13,142,12,8,quad,8.131825481832195,5.711579718302231,6.873281439921543
bass_2,s03,13,142,12,7,so,8.688275,5.329722,6.742137
bass_2,s03,13,142,12,4,uro,8.005628,5.997354,6.631328
bass_2,s03,14,143,13,3,basi,7.447784,6.238389,6.851944
bass_2,s03,14,143,13,2,eye,8.587759,6.599551,7.593818
bass_2,s03,14,143,13,1,lj,6.799837,6.6591,7.157314
bass_2,s03,14,143,13,6,p2,10.670755492320293,4.636354878958393,5.473311448472199
bass_2,s03,14,143,13,6,pm,7.001153,7.025154,7.152865
bass_2,s03,14,143,13,8,quad,8.139595725699161,5.678576525743714,6.853659540751097
bass_2,s03,14,143,13,7,so,8.643117,5.329479,6.760327
bass_2,s03,14,143,13,4,uro,7.931333,6.003983,6.660407
bass_2,s03,15,144,14,3,basi,7.416684,6.233498,6.861367
bass_2,s03,15,144,14,2,eye,8.546846,6.60663,7.602357
bass_2,s03,15,144,14,1,lj,6.758164,6.64932,7.173453
bass_2,s03,15,144,14,6,p2,10.632286587767526,4.630317052084409,5.475619840180976
bass_2,s03,15,144,14,6,pm,6.959895,7.04015,7.152965
bass_2,s03,15,144,14,8,quad,8.096521304815901,5.6823472019628065,6.902256948323301
bass_2,s03,15,144,14,7,so,8.608131,5.335241,6.779846
bass_2,s03,15,144,14,4,uro,7.872523,5.998478,6.670474
bass_2,s03,16,145,15,3,basi,7.391586,6.213096,6.860393
bass_2,s03,16,145,15,2,eye,8.512998,6.619099,7.609583
bass_2,s03,16,145,15,1,lj,6.711586,6.646845,7.172665
bass_2,s03,16,145,15,6,p2,10.594583927094726,4.623550001659811,5.479893773699481
bass_2,s03,16,145,15,6,pm,6.924731,7.068771,7.166081
bass_2,s03,16,145,15,8,quad,8.028384385301711,5.70116596557586,6.885909124447464
bass_2,s03,16,145,15,7,so,8.581252,5.345337,6.794629
bass_2,s03,16,145,15,4,uro,7.833275,5.999758,6.676274
bass_2,s03,17,146,16,3,basi,7.342667,6.192555,6.868823
bass_2,s03,17,146,16,2,eye,8.483015,6.631072,7.623535
bass_2,s03,17,146,16,1,lj,6.652393,6.644383,7.185366
bass_2,s03,17,146,16,6,p2,10.55825269925377,4.616421003199439,5.4856420222265125
bass_2,s03,17,146,16,6,pm,6.893162,7.078659,7.165937
bass_2,s03,17,146,16,8,quad,7.967019456769061,5.661545367228919,6.914139720317437
bass_2,s03,17,146,16,7,so,8.548038,5.346539,6.809233
bass_2,s03,17,146,16,4,uro,7.764442,5.985268,6.686808
bass_2,s03,18,147,17,3,basi,7.297993,6.172622,6.87786
bass_2,s03,18,147,17,2,eye,8.449923,6.643072,7.635105
bass_2,s03,18,147,17,1,lj,6.590653,6.610316,7.193045
bass_2,s03,18,147,17,6,p2,10.5219450108927,4.608479337271763,5.492733716159726
bass_2,s03,18,147,17,6,pm,6.864352,7.102489,7.166433
bass_2,s03,18,147,17,8,quad,7.939873453417695,5.661367707114591,6.933384771203255
bass_2,s03,18,147,17,7,so,8.489307,5.34716,6.827648
bass_2,s03,18,147,17,4,uro,7.72485,5.981145,6.698355
bass_2,s03,19,148,18,3,basi,7.249963,6.136158,6.875402
bass_2,s03,19,148,18,2,eye,8.416768,6.659156,7.641912
bass_2,s03,19,148,18,1,lj,6.527973,6.579695,7.218054
bass_2,s03,19,148,18,6,p2,10.486682751033593,4.6002962286739875,5.500797099126711
bass_2,s03,19,148,18,6,pm,6.826766,7.122202,7.166892
bass_2,s03,19,148,18,8,quad,7.9010177399302535,5.721461222699002,6.919656486283961
bass_2,s03,19,148,18,7,so,8.45788,5.343798,6.837315
bass_2,s03,19,148,18,4,uro,7.671146,5.981707,6.70325
bass_2,s03,20,149,19,3,basi,7.224907,6.120089,6.873862
bass_2,s03,20,149,19,2,eye,8.38749,6.666663,7.641836
bass_2,s03,20,149,19,1,lj,6.485833,6.537776,7.235677
bass_2,s03,20,149,19,6,p2,10.45272918204772,4.591635081625081,5.509980430520192
bass_2,s03,20,149,19,6,pm,6.782062,7.155746,7.171778
bass_2,s03,20,149,19,8,quad,7.880205087739858,5.671958346699152,6.99581472652314
bass_2,s03,20,149,19,7,so,8.415415,5.357824,6.851362
bass_2,s03,20,149,19,4,uro,7.617638,5.972089,6.708075
bass_2,s03,21,150,20,3,basi,7.190922,6.094904,6.862627
bass_2,s03,21,150,20,2,eye,8.351791,6.681141,7.66521
bass_2,s03,21,150,20,1,lj,6.403853,6.514773,7.250437
bass_2,s03,21,150,20,6,p2,10.42004467819732,4.582626970943902,5.520335505133516
bass_2,s03,21,150,20,6,pm,6.750275,7.189174,7.172792
bass_2,s03,21,150,20,8,quad,7.83771531156841,5.7117215076522685,6.995229320629656
bass_2,s03,21,150,20,7,so,8.375339,5.363646,6.88062
bass_2,s03,21,150,20,4,uro,7.577732,5.957336,6.719209
bass_2,s03,22,151,21,3,basi,7.141068,6.068924,6.865561
bass_2,s03,22,151,21,2,eye,8.324438,6.700135,7.663468
bass_2,s03,22,151,21,1,lj,6.345474,6.463674,7.226639
bass_2,s03,22,151,21,6,p2,10.387537099846684,4.573214556973759,5.531484817366964
bass_2,s03,22,151,21,6,pm,6.713722,7.223057,7.165623
bass_2,s03,22,151,21,8,quad,7.791947357104689,5.624444962530949,6.974538173208154
bass_2,s03,22,151,21,7,so,8.310052,5.374468,6.899804
bass_2,s03,22,151,21,4,uro,7.536919,5.93664,6.717665
bass_2,s03,23,152,22,3,basi,7.088047,6.080241,6.875155
bass_2,s03,23,152,22,2,eye,8.290149,6.7191,7.67778
bass_2,s03,23,152,22,1,lj,6.273256,6.440577,7.238136
bass_2,s03,23,152,22,6,p2,10.355842753539664,4.563720542003585,5.5435971863282765
bass_2,s03,23,152,22,6,pm,6.686716,7.275404,7.159359
bass_2,s03,23,152,22,8,quad,7.699584285242325,5.691567471530968,7.017587880618263
bass_2,s03,23,152,22,7,so,8.280653,5.379726,6.928997
bass_2,s03,23,152,22,4,uro,7.488465,5.910962,6.727924
bass_2,s03,24,153,23,3,basi,7.033515,6.060135,6.873528
bass_2,s03,24,153,23,2,eye,8.257898,6.740593,7.6878
bass_2,s03,24,153,23,1,lj,6.207305,6.403366,7.235347
bass_2,s03,24,153,23,6,p2,10.32479801337536,4.55437464436643,5.556502975561648
bass_2,s03,24,153,23,6,pm,6.649892,7.336923,7.161437
bass_2,s03,24,153,23,8,quad,7.63908685407083,5.665512444263453,6.995292099557219
bass_2,s03,24,153,23,7,so,8.252682,5.384631,6.948191
bass_2,s03,24,153,23,4,uro,7.447228,5.901537,6.721239
bass_2,s03,25,154,24,3,basi,6.958281,6.024202,6.86561
bass_2,s03,25,154,24,2,eye,8.221017,6.759486,7.697356
bass_2,s03,25,154,24,1,lj,6.141496,6.366308,7.229236
bass_2,s03,25,154,24,6,p2,10.293886196448105,4.5447422411072225,5.569889154822335
bass_2,s03,25,154,24,6,pm,6.609425,7.388861,7.175476
bass_2,s03,25,154,24,8,quad,7.594936092051765,5.640369281706067,7.004561503467957
bass_2,s03,25,154,24,7,so,8.192536,5.391132,6.972513
bass_2,s03,25,154,24,4,uro,7.36942,5.865444,6.742359
bass_2,s03,26,155,25,3,basi,6.882489,6.00462,6.863775
bass_2,s03,26,155,25,2,eye,8.186304,6.780893,7.711929
bass_2,s03,26,155,25,1,lj,6.044894,6.337316,7.2062
bass_2,s03,26,155,25,6,p2,10.263585430433237,4.535656408858359,5.583565200233351
bass_2,s03,26,155,25,6,pm,6.548937,7.446431,7.177206
bass_2,s03,26,155,25,8,quad,7.548610926551721,5.679714366970509,7.121412178914276
bass_2,s03,26,155,25,7,so,8.139492,5.406194,7.006703
bass_2,s03,26,155,25,4,uro,7.322424,5.861316,6.747664
bass_2,s03,27,156,26,3,basi,6.803087,6.005846,6.857299
bass_2,s03,27,156,26,2,eye,8.158654,6.808648,7.729048
bass_2,s03,27,156,26,1,lj,5.957598,6.297265,7.192903
bass_2,s03,27,156,26,6,p2,10.233113246224056,4.5266004464820675,5.59789779282824
bass_2,s03,27,156,26,6,pm,6.49152,7.494771,7.170229
bass_2,s03,27,156,26,8,quad,7.4677897722328295,5.673563240501963,7.096046331487339
bass_2,s03,27,156,26,7,so,8.109553,5.410993,7.03071
bass_2,s03,27,156,26,4,uro,7.298619,5.824688,6.751945
bass_2,s03,28,157,27,3,basi,6.71465,6.028733,6.872083
bass_2,s03,28,157,27,2,eye,8.108328,6.836812,7.755159
bass_2,s03,28,157,27,1,lj,5.888147,6.274237,7.184016
bass_2,s03,28,157,27,6,p2,10.20252626499877,4.518097203550484,5.612601329333352
bass_2,s03,28,157,27,6,pm,6.442657,7.543493,7.155334
bass_2,s03,28,157,27,8,quad,7.402967521340658,5.7133519878424375,7.059501512851871
bass_2,s03,28,157,27,7,so,8.066919,5.426292,7.060495
bass_2,s03,28,157,27,4,uro,7.244475,5.804167,6.756087
bass_2,s03,29,158,28,3,basi,6.657196,6.029479,6.886181
bass_2,s03,29,158,28,2,eye,8.087396,6.860271,7.767834
bass_2,s03,29,158,28,1,lj,5.828853,6.25093,7.178639
bass_2,s03,29,158,28,6,p2,10.171702878436456,4.509924307122251,5.627238967500291
bass_2,s03,29,158,28,6,pm,6.406373,7.586411,7.158677
bass_2,s03,29,158,28,8,quad,7.442301033214391,5.699299485595697,7.080441638426561
bass_2,s03,29,158,28,7,so,8.031009,5.440837,7.09981
bass_2,s03,29,158,28,4,uro,7.161888,5.773672,6.759479
bass_2,s03,30,159,29,3,basi,6.615245,6.035299,6.895708
bass_2,s03,30,159,29,2,eye,8.062116,6.890445,7.774572
bass_2,s03,30,159,29,1,lj,5.767005,6.248678,7.177603
bass_2,s03,30,159,29,6,p2,10.140660687771929,4.502543448435408,5.642209224048309
bass_2,s03,30,159,29,6,pm,6.370885,7.629648,7.149735
bass_2,s03,30,159,29,8,quad,7.334840265628944,5.704469243587629,7.119601077287605
bass_2,s03,30,159,29,7,so,7.976565,5.460825,7.149251
bass_2,s03,30,159,29,4,uro,7.119515,5.747942,6.763808
bass_2,s03,31,160,30,3,basi,6.531959,6.058127,6.905552
bass_2,s03,31,160,30,2,eye,8.044465,6.911485,7.790029
bass_2,s03,31,160,30,1,lj,5.7078430000000004,6.246394,7.176599
bass_2,s03,31,160,30,6,p2,10.109426083053664,4.496013598168321,5.656972950887204
bass_2,s03,31,160,30,6,pm,6.325619,7.654051,7.150106
bass_2,s03,31,160,30,8,quad,7.3452332988318725,5.663963300551523,7.2226738205620995
bass_2,s03,31,160,30,7,so,7.925898,5.461329,7.222034
bass_2,s03,31,160,30,4,uro,7.024009,5.702228,6.784544
bass_2,s03,32,161,31,3,basi,6.466867,6.043227,6.934203
bass_2,s03,32,161,31,2,eye,8.00912,6.936565,7.823596
bass_2,s03,32,161,31,1,lj,5.661874,6.239971,7.199241
bass_2,s03,32,161,31,6,p2,10.077716531267384,4.490219472503965,5.671970762063781
bass_2,s03,32,161,31,6,pm,6.276327,7.701987,7.151464
bass_2,s03,32,161,31,8,quad,7.239902002935198,5.73842880214135,7.262209268302129
bass_2,s03,32,161,31,7,so,7.870681,5.471952,7.285885
bass_2,s03,32,161,31,4,uro,6.950876,5.66112,6.799603
bass_2,s03,33,162,32,3,basi,6.421426,6.02814,6.95312
bass_2,s03,33,162,32,2,eye,7.991513,6.961472,7.836765
bass_2,s03,33,162,32,1,lj,5.620618,6.243868,7.229194
bass_2,s03,33,162,32,6,p2,10.045868370699344,4.485935001672491,5.686895104912398
bass_2,s03,33,162,32,6,pm,6.234396,7.721342,7.159993
bass_2,s03,33,162,32,8,quad,7.223514767521943,5.726953304230874,7.339594905838296
bass_2,s03,33,162,32,7,so,7.841608,5.476846,7.34461
bass_2,s03,33,162,32,4,uro,6.876168,5.630599,6.809043
bass_2,s03,34,163,33,3,basi,6.362328,6.023501,6.99732
bass_2,s03,34,163,33,2,eye,7.953797,6.987307,7.86464
bass_2,s03,34,163,33,1,lj,5.577468,6.248047,7.249031
bass_2,s03,34,163,33,6,p2,10.013912859356507,4.4827421334258455,5.7016189250717
bass_2,s03,34,163,33,6,pm,6.172853,7.755176,7.168875
bass_2,s03,34,163,33,8,quad,7.21363302401166,5.723997945638344,7.3323023210915395
bass_2,s03,34,163,33,7,so,7.811746,5.491311,7.404028
bass_2,s03,34,163,33,4,uro,6.845696,5.599754,6.837257
bass_2,s03,35,164,34,3,basi,6.281324,5.993421,7.010075
bass_2,s03,35,164,34,2,eye,7.924503,7.010597,7.884141
bass_2,s03,35,164,34,1,lj,5.520966,6.277,7.263073
bass_2,s03,35,164,34,6,p2,9.9814394274982,4.480859795627726,5.716405286693736
bass_2,s03,35,164,34,6,pm,6.160399,7.797631,7.170585
bass_2,s03,35,164,34,8,quad,7.142823743195899,5.703966519278593,7.377240963382221
bass_2,s03,35,164,34,7,so,7.783621,5.501889,7.444114
bass_2,s03,35,164,34,4,uro,6.801896,5.584604,6.835924
bass_2,s03,36,165,35,3,basi,6.226526,5.988823,7.049314
bass_2,s03,36,165,35,2,eye,7.888764,7.029501,7.899169
bass_2,s03,36,165,35,1,lj,5.481225,6.305615,7.287588
bass_2,s03,36,165,35,6,p2,9.949225798323017,4.4805610526824315,5.730793611909444
bass_2,s03,36,165,35,6,pm,6.113165,7.831277,7.175489
bass_2,s03,36,165,35,8,quad,7.0730588274156485,5.7624159721373065,7.443215056585302
bass_2,s03,36,165,35,7,so,7.738568,5.516875,7.493721
bass_2,s03,36,165,35,4,uro,6.765263,5.564068,6.852261
bass_2,s03,37,166,36,3,basi,6.19329,5.968141,7.067983
bass_2,s03,37,166,36,2,eye,7.861005,7.0459,7.909981
bass_2,s03,37,166,36,1,lj,5.4404960000000004,6.34791,7.333133
bass_2,s03,37,166,36,6,p2,9.917395680629555,4.4817882160867635,5.74484453354896
bass_2,s03,37,166,36,6,pm,6.082915,7.854827,7.188531
bass_2,s03,37,166,36,8,quad,7.090476597801544,5.775620236974283,7.464358236929008
bass_2,s03,37,166,36,7,so,7.688277,5.545443,7.553663
bass_2,s03,37,166,36,4,uro,6.71957,5.55436,6.874839
bass_2,s03,38,167,37,3,basi,6.145948,5.958259,7.086856
bass_2,s03,38,167,37,2,eye,7.839916,7.066911,7.917105
bass_2,s03,38,167,37,1,lj,5.405071,6.40457,7.345652
bass_2,s03,38,167,37,6,p2,9.88606730097016,4.485006828780242,5.758791420158273
bass_2,s03,38,167,37,6,pm,6.049933,7.887418,7.211167
bass_2,s03,38,167,37,8,quad,7.0064032993174745,5.786257550729671,7.57350133409268
bass_2,s03,38,167,37,7,so,7.661013,5.559276,7.603099
bass_2,s03,38,167,37,4,uro,6.68062,5.544725,6.874025
bass_2,s03,39,168,38,3,basi,6.090938,6.001177,7.112994
bass_2,s03,39,168,38,2,eye,7.815562,7.083249,7.925901
bass_2,s03,39,168,38,1,lj,5.370086,6.446834,7.367572
bass_2,s03,39,168,38,6,p2,9.85508861624272,4.489443175958252,5.772297672689738
bass_2,s03,39,168,38,6,pm,6.020906,7.881897,7.243706
bass_2,s03,39,168,38,8,quad,6.935796390282721,5.831397422016258,7.576170544775793
bass_2,s03,39,168,38,7,so,7.621765,5.578423,7.662925
bass_2,s03,39,168,38,4,uro,6.65211,5.529402,6.878891
bass_2,s03,40,169,39,3,basi,6.035767,6.017877,7.138151
bass_2,s03,40,169,39,2,eye,7.771654,7.099129,7.965246
bass_2,s03,40,169,39,1,lj,5.350036,6.520399,7.394882
bass_2,s03,40,169,39,6,p2,9.824418089645375,4.495564689114553,5.786113810273854
bass_2,s03,40,169,39,6,pm,5.9736,7.872433,7.268377
bass_2,s03,40,169,39,8,quad,6.97558306200603,5.842637959529995,7.61391740764147
bass_2,s03,40,169,39,7,so,7.585905,5.597395,7.707937
bass_2,s03,40,169,39,4,uro,6.608931,5.540844,6.902374
bass_2,s03,41,170,40,3,basi,5.973787,6.044801,7.209201
bass_2,s03,41,170,40,2,eye,7.743595,7.096566,7.98503
bass_2,s03,41,170,40,1,lj,5.342678,6.575822,7.43513
bass_2,s03,41,170,40,6,p2,9.794673204540342,4.502815717356518,5.7993288021225675
bass_2,s03,41,170,40,6,pm,5.920164,7.856515,7.337032
bass_2,s03,41,170,40,8,quad,6.934163926851696,5.893287016480322,7.676697343862764
bass_2,s03,41,170,40,7,so,7.548592,5.608007,7.733205
bass_2,s03,41,170,40,4,uro,6.582308,5.530676,6.89557
bass_2,s03,42,171,41,3,basi,5.958238,6.107782,7.252293
bass_2,s03,42,171,41,2,eye,7.719615,7.104149,8.020191
bass_2,s03,42,171,41,1,lj,5.336753,6.627811,7.471955
bass_2,s03,42,171,41,6,p2,9.76618126107026,4.51166767988315,5.8125322122867
bass_2,s03,42,171,41,6,pm,5.886914,7.836795,7.376173
bass_2,s03,42,171,41,8,quad,6.93424622233906,5.9294279778622165,7.694010366335782
bass_2,s03,42,171,41,7,so,7.524876,5.621673,7.76299
bass_2,s03,42,171,41,4,uro,6.557445,5.525808,6.906764
bass_2,s03,43,172,42,3,basi,5.905267,6.140164,7.273317
bass_2,s03,43,172,42,2,eye,7.685047,7.108519,8.038496
bass_2,s03,43,172,42,1,lj,5.324343,6.668881,7.528643
bass_2,s03,43,172,42,6,p2,9.73850213268327,4.521918056815345,5.825808023819752
bass_2,s03,43,172,42,6,pm,5.836572,7.813425,7.400081
bass_2,s03,43,172,42,8,quad,6.91442847796742,5.949782093200317,7.752686964107907
bass_2,s03,43,172,42,7,so,7.513624,5.631254,7.793278
bass_2,s03,43,172,42,4,uro,6.545011,5.520461,6.906115
bass_2,s03,44,173,43,3,basi,5.879205,6.145523,7.308597
bass_2,s03,44,173,43,2,eye,7.654899,7.10219,8.062217
bass_2,s03,44,173,43,1,lj,5.317228,6.720949,7.551915
bass_2,s03,44,173,43,6,p2,9.711590043985968,4.532756241635841,5.839531108409177
bass_2,s03,44,173,43,6,pm,5.823847,7.78476,7.420581
bass_2,s03,44,173,43,8,quad,6.875878596982807,5.983200138779812,7.735801606185232
bass_2,s03,44,173,43,7,so,7.485685,5.631787,7.832603
bass_2,s03,44,173,43,4,uro,6.518831,5.510447,6.905359
bass_2,s03,45,174,44,3,basi,5.864591,6.171722,7.340057
bass_2,s03,45,174,44,2,eye,7.611843,7.092202,8.079276
bass_2,s03,45,174,44,1,lj,5.314967,6.741602,7.566703
bass_2,s03,45,174,44,6,p2,9.685679655295496,4.544471068669953,5.8534796512221146
bass_2,s03,45,174,44,6,pm,5.795067,7.764893,7.463384
bass_2,s03,45,174,44,8,quad,6.819061731733573,5.943686284105785,7.813080609801526
bass_2,s03,45,174,44,7,so,7.461341,5.623279,7.861655
bass_2,s03,45,174,44,4,uro,6.496329,5.537307,6.929747
bass_2,s03,46,175,45,3,basi,5.843318,6.19835,7.346127
bass_2,s03,46,175,45,2,eye,7.585814,7.074249,8.075478
bass_2,s03,46,175,45,1,lj,5.31038,6.761872,7.598563
bass_2,s03,46,175,45,6,p2,9.660850378589029,4.556414610606821,5.866941420071715
bass_2,s03,46,175,45,6,pm,5.763248,7.709155,7.471055
bass_2,s03,46,175,45,8,quad,6.832078673655865,5.9415745340403845,7.780853290003112
bass_2,s03,46,175,45,7,so,7.438036,5.600746,7.879764
bass_2,s03,46,175,45,4,uro,6.484422,5.537397,6.935368
bass_2,s03,47,176,46,3,basi,5.814456,6.224789,7.37746
bass_2,s03,47,176,46,2,eye,7.555511,7.057878,8.094409
bass_2,s03,47,176,46,1,lj,5.306704,6.775499,7.616408
bass_2,s03,47,176,46,6,p2,9.637191929746294,4.568701750040095,5.880836399031929
bass_2,s03,47,176,46,6,pm,5.734287,7.671322,7.498086
bass_2,s03,47,176,46,8,quad,6.826646420083388,5.8662905488278705,7.785824046501771
bass_2,s03,47,176,46,7,so,7.417653,5.591578,7.893506
bass_2,s03,47,176,46,4,uro,6.441848,5.543672,6.952862
bass_2,s03,48,177,47,3,basi,5.787849,6.246135,7.393365
bass_2,s03,48,177,47,2,eye,7.522278,7.047873,8.109623
bass_2,s03,48,177,47,1,lj,5.30639,6.78548,7.637539
bass_2,s03,48,177,47,6,p2,9.614422686426296,4.5815076319918635,5.895039246106704
bass_2,s03,48,177,47,6,pm,5.688897,7.615537,7.516493
bass_2,s03,48,177,47,8,quad,6.864873341561983,5.892935469848072,7.835794333679631
bass_2,s03,48,177,47,7,so,7.405504,5.582453,7.912476
bass_2,s03,48,177,47,4,uro,6.441333,5.543665,6.976482
bass_2,s03,49,178,48,3,basi,5.763972,6.246275,7.41838
bass_2,s03,49,178,48,2,eye,7.492692,7.035621,8.124649
bass_2,s03,49,178,48,1,lj,5.306025,6.80582,7.662709
bass_2,s03,49,178,48,6,p2,9.592554308753208,4.5935851969828585,5.909132856123993
bass_2,s03,49,178,48,6,pm,5.665724,7.563546,7.546432
bass_2,s03,49,178,48,8,quad,6.795841595875713,5.913464002282861,7.82886392364898
bass_2,s03,49,178,48,7,so,7.387554,5.57367,7.926558
bass_2,s03,49,178,48,4,uro,6.412349,5.54409,6.993686
bass_2,s03,50,179,49,3,basi,5.738868,6.241038,7.453246
bass_2,s03,50,179,49,2,eye,7.461269,7.01546,8.137147
bass_2,s03,50,179,49,1,lj,5.318892,6.819303,7.674022
bass_2,s03,50,179,49,6,p2,9.571248593604157,4.605045709106356,5.923201671893682
bass_2,s03,50,179,49,6,pm,5.652584,7.516303,7.569372
bass_2,s03,50,179,49,8,quad,6.799716566808709,5.874089587523095,7.870455177129648
bass_2,s03,50,179,49,7,so,7.36328,5.537083,7.943473
bass_2,s03,50,179,49,4,uro,6.38665,5.544729,7.005279
bass_2,s03,51,180,50,3,basi,5.718086,6.230709,7.472667
bass_2,s03,51,180,50,2,eye,7.434137,6.997719,8.141808
bass_2,s03,51,180,50,1,lj,5.327093,6.819143,7.677624
bass_2,s03,51,180,50,6,p2,9.550702664992636,4.615586950778791,5.936594214332461
bass_2,s03,51,180,50,6,pm,5.637723,7.48311,7.593009
bass_2,s03,51,180,50,8,quad,6.745609575874682,5.880401615436421,7.897664469471177
bass_2,s03,51,180,50,7,so,7.357354,5.518483,7.941966
bass_2,s03,51,180,50,4,uro,6.367135,5.545044,7.034507
bass_2,s03,52,181,51,3,basi,5.701414,6.225579,7.492433
bass_2,s03,52,181,51,2,eye,7.414278,6.973503,8.143918
bass_2,s03,52,181,51,1,lj,5.337896,6.822187,7.688292
bass_2,s03,52,181,51,6,p2,9.531052524859051,4.625771075810429,5.9494593049159885
bass_2,s03,52,181,51,6,pm,5.61904,7.412746,7.618148
bass_2,s03,52,181,51,8,quad,6.801767842024599,5.86373023065996,7.869544783794489
bass_2,s03,52,181,51,7,so,7.353493,5.50915,7.941162
bass_2,s03,52,181,51,4,uro,6.347928,5.540093,7.045783
bass_2,s03,53,182,52,3,basi,5.669112,6.226221,7.483036
bass_2,s03,53,182,52,2,eye,7.390123,6.95162,8.142068
bass_2,s03,53,182,52,1,lj,5.339641,6.821674,7.708898
bass_2,s03,53,182,52,6,p2,9.511739269118127,4.634657015150562,5.961843978250477
bass_2,s03,53,182,52,6,pm,5.604626,7.365846,7.63727
bass_2,s03,53,182,52,8,quad,6.794865663872243,5.837597312598002,7.832304935222072
bass_2,s03,53,182,52,7,so,7.362466,5.485957,7.934856
bass_2,s03,53,182,52,4,uro,6.335885,5.529669,7.050953
bass_2,s03,54,183,53,3,basi,5.662926,6.210679,7.4821
bass_2,s03,54,183,53,2,eye,7.369104,6.933691,8.136322
bass_2,s03,54,183,53,1,lj,5.340774,6.814334,7.722202
bass_2,s03,54,183,53,6,p2,9.492885902103955,4.642470217888661,5.97330987243908
bass_2,s03,54,183,53,6,pm,5.581444,7.305301,7.651762
bass_2,s03,54,183,53,8,quad,6.8039225114489845,5.843309086165996,7.857876399193749
bass_2,s03,54,183,53,7,so,7.36842,5.444821,7.932566
bass_2,s03,54,183,53,4,uro,6.335885,5.529669,7.050953
bass_2,s03,55,184,54,3,basi,5.655335,6.200284,7.485922
bass_2,s03,55,184,54,2,eye,7.345459,6.921943,8.141392
bass_2,s03,55,184,54,1,lj,5.342778,6.807274,7.725262
bass_2,s03,55,184,54,6,p2,9.473860440519246,4.649014073243256,5.984298939828998
bass_2,s03,55,184,54,6,pm,5.56147,7.277439,7.664494
bass_2,s03,55,184,54,8,quad,6.776894244447573,5.831762974842982,7.843408175853525
bass_2,s03,55,184,54,7,so,7.362754,5.426206,7.92119
bass_2,s03,55,184,54,4,uro,6.309128,5.519661,7.079665
bass_2,s03,56,185,55,3,basi,5.645029,6.174383,7.484369
bass_2,s03,56,185,55,2,eye,7.329018,6.903678,8.14597
bass_2,s03,56,185,55,1,lj,5.343055,6.800756,7.711219
bass_2,s03,56,185,55,6,p2,9.45578563853097,4.654625969776945,5.992992969636548
bass_2,s03,56,185,55,6,pm,5.537987,7.221564,7.679156
bass_2,s03,56,185,55,8,quad,6.773627502904168,5.751170522005546,7.846935911743467
bass_2,s03,56,185,55,7,so,7.360277,5.40313,7.919594
bass_2,s03,56,185,55,4,uro,6.285227,5.530718,7.085768
bass_2,s03,57,186,56,3,basi,5.623405,6.158639,7.514684
bass_2,s03,57,186,56,2,eye,7.305849,6.883693,8.154601
bass_2,s03,57,186,56,1,lj,5.34278,6.789917,7.727731
bass_2,s03,57,186,56,6,p2,9.437702439622896,4.6585926455035,6.001210704731669
bass_2,s03,57,186,56,6,pm,5.523138,7.193638,7.68824
bass_2,s03,57,186,56,8,quad,6.784181157382734,5.756423033856298,7.8460211096237265
bass_2,s03,57,186,56,7,so,7.353801,5.366112,7.916899
bass_2,s03,57,186,56,4,uro,6.27698,5.515029,7.102622
bass_2,s03,58,187,57,3,basi,5.612305,6.153529,7.527753
bass_2,s03,58,187,57,2,eye,7.289194,6.867462,8.167624
bass_2,s03,58,187,57,1,lj,5.340453,6.78954,7.744815
bass_2,s03,58,187,57,6,p2,9.41982780777816,4.661904477824493,6.008735444605591
bass_2,s03,58,187,57,6,pm,5.506929,7.17974,7.698122
bass_2,s03,58,187,57,8,quad,6.828979313835039,5.758775034026455,7.882404713138508
bass_2,s03,58,187,57,7,so,7.353119,5.343102,7.915404
bass_2,s03,58,187,57,4,uro,6.263987,5.531132,7.126855
bass_2,s03,59,188,58,3,basi,5.610187,6.169186,7.537605
bass_2,s03,59,188,58,2,eye,7.284995,6.859194,8.166851
bass_2,s03,59,188,58,1,lj,5.334318,6.789686,7.741258
bass_2,s03,59,188,58,6,p2,9.40230820205826,4.664173573635658,6.01478709062845
bass_2,s03,59,188,58,6,pm,5.495455,7.146621,7.721494
bass_2,s03,59,188,58,8,quad,6.799443932516891,5.708566731119387,7.874354249340279
bass_2,s03,59,188,58,7,so,7.343709,5.320563,7.909083
bass_2,s03,59,188,58,4,uro,6.250398,5.55241,7.157172
bass_2,s03,60,189,59,3,basi,5.580921,6.174882,7.546466
bass_2,s03,60,189,59,2,eye,7.255027,6.847511,8.169664
bass_2,s03,60,189,59,1,lj,5.334318,6.789686,7.741258
bass_2,s03,60,189,59,6,p2,9.384726839515166,4.665426907362347,6.020387605260114
bass_2,s03,60,189,59,6,pm,5.487761,7.132816,7.724221
bass_2,s03,60,189,59,8,quad,6.749542147742039,5.739916549672963,7.868392721457138
bass_2,s03,60,189,59,7,so,7.326386,5.321472,7.894505
bass_2,s03,60,189,59,4,uro,6.22649,5.557955,7.18057
bass_2,s03,61,190,60,3,basi,5.554153,6.185608,7.569181
bass_2,s03,61,190,60,2,eye,7.241602,6.820959,8.17572
bass_2,s03,61,190,60,1,lj,5.321846,6.772308,7.750307
bass_2,s03,61,190,60,6,p2,9.367880616399788,4.6658818564268705,6.024908759393581
bass_2,s03,61,190,60,6,pm,5.473331,7.123404,7.738003
bass_2,s03,61,190,60,8,quad,6.7827810663996715,5.730397994810144,7.847211157452329
bass_2,s03,61,190,60,7,so,7.319202,5.321212,7.8941
bass_2,s03,61,190,60,4,uro,6.199553,5.579651,7.193177
bass_2,s03,62,191,61,3,basi,5.543538,6.185904,7.555476
bass_2,s03,62,191,61,2,eye,7.217809,6.812979,8.193269
bass_2,s03,62,191,61,1,lj,5.309338,6.772237,7.763815
bass_2,s03,62,191,61,6,p2,9.351685474163022,4.665511773018285,6.0295677129081415
bass_2,s03,62,191,61,6,pm,5.461461,7.101767,7.747461
bass_2,s03,62,191,61,8,quad,6.732537179239925,5.750667838985106,7.846872451997126
bass_2,s03,62,191,61,7,so,7.312144,5.316318,7.883561
bass_2,s03,62,191,61,4,uro,6.178815,5.590551,7.217084
bass_2,s03,63,192,62,3,basi,5.534748,6.191367,7.555658
bass_2,s03,63,192,62,2,eye,7.204353,6.806739,8.206889
bass_2,s03,63,192,62,1,lj,5.299101,6.772461,7.763669
bass_2,s03,63,192,62,6,p2,9.335632939046432,4.664842395949005,6.034015135336824
bass_2,s03,63,192,62,6,pm,5.448736,7.101625,7.758141
bass_2,s03,63,192,62,8,quad,6.741339181078037,5.697717622223682,7.81675179972562
bass_2,s03,63,192,62,7,so,7.30046,5.30769,7.86833
bass_2,s03,63,192,62,4,uro,6.166614,5.595919,7.217013
bass_2,s03,64,193,63,3,basi,5.518881,6.196779,7.573778
bass_2,s03,64,193,63,2,eye,7.192762,6.8008,8.210393
bass_2,s03,64,193,63,1,lj,5.289209,6.754798,7.786485
bass_2,s03,64,193,63,6,p2,9.320461044641489,4.663378665895519,6.038276168333736
bass_2,s03,64,193,63,6,pm,5.444284,7.093324,7.7612
bass_2,s03,64,193,63,8,quad,6.714613723555289,5.725835092814889,7.853393718420499
bass_2,s03,64,193,63,7,so,7.291472,5.298926,7.862911
bass_2,s03,64,193,63,4,uro,6.127955,5.612479,7.223207
bass_2,s03,65,194,64,3,basi,5.502014,6.197168,7.569019
bass_2,s03,65,194,64,2,eye,7.175426,6.795037,8.21593
bass_2,s03,65,194,64,1,lj,5.286353,6.747729,7.796327
bass_2,s03,65,194,64,6,p2,9.305999118980848,4.661733278883466,6.04318523752231
bass_2,s03,65,194,64,6,pm,5.433258,7.089068,7.775346
bass_2,s03,65,194,64,8,quad,6.716802273650983,5.665104616621243,7.832167075636477
bass_2,s03,65,194,64,7,so,7.269406,5.308351,7.85318
bass_2,s03,65,194,64,4,uro,6.12814,5.628255,7.223977
bass_2,s03,66,195,65,3,basi,5.491017,6.197183,7.57783
bass_2,s03,66,195,65,2,eye,7.171441,6.797155,8.216009
bass_2,s03,66,195,65,1,lj,5.273269,6.737416,7.805812
bass_2,s03,66,195,65,6,p2,9.292588855303809,4.659442586722431,6.04837753619871
bass_2,s03,66,195,65,6,pm,5.423367,7.084927,7.78221
bass_2,s03,66,195,65,8,quad,6.687330937070675,5.6887046223945745,7.818023083367334
bass_2,s03,66,195,65,7,so,7.262217,5.308106,7.852788
bass_2,s03,66,195,65,4,uro,6.122408,5.617843,7.223381
bass_2,s03,67,196,66,3,basi,5.486926,6.186862,7.577202
bass_2,s03,67,196,66,2,eye,7.164271,6.793469,8.207483
bass_2,s03,67,196,66,1,lj,5.257572,6.727317,7.804937
bass_2,s03,67,196,66,6,p2,9.280054004499013,4.656831138890438,6.054418223706304
bass_2,s03,67,196,66,6,pm,5.419532,7.093141,7.786282
bass_2,s03,67,196,66,8,quad,6.691982887299685,5.693040729084549,7.840057916808638
bass_2,s03,67,196,66,7,so,7.263503,5.313281,7.858449
bass_2,s03,67,196,66,4,uro,6.120364,5.617866,7.223329
bass_2,s03,68,197,67,3,basi,5.464887,6.192251,7.599701
bass_2,s03,68,197,67,2,eye,7.160559,6.789397,8.207087
bass_2,s03,68,197,67,1,lj,5.239114,6.710246,7.803545
bass_2,s03,68,197,67,6,p2,9.268510733472594,4.65375732011006,6.061294568309478
bass_2,s03,68,197,67,6,pm,5.419544,7.101377,7.786778
bass_2,s03,68,197,67,8,quad,6.689340804355965,5.6925769058621825,7.856783492125526
bass_2,s03,68,197,67,7,so,7.252721,5.312917,7.857862
bass_2,s03,68,197,67,4,uro,6.112291,5.602204,7.234266
bass_2,s03,69,198,68,3,basi,5.464875,6.187023,7.599403
bass_2,s03,69,198,68,2,eye,7.153012,6.783373,8.210651
bass_2,s03,69,198,68,1,lj,5.225339,6.69643,7.812762
bass_2,s03,69,198,68,6,p2,9.258113138540809,4.650483213980697,6.068633639130288
bass_2,s03,69,198,68,6,pm,5.415167,7.101419,7.786692
bass_2,s03,69,198,68,8,quad,6.670874393663128,5.738989860328383,7.861741300201347
bass_2,s03,69,198,68,7,so,7.233213,5.30452,7.847503
bass_2,s03,69,198,68,4,uro,6.104177,5.607553,7.234323
bass_2,s03,70,199,69,3,basi,5.45944,6.181852,7.599001
bass_2,s03,70,199,69,2,eye,7.145623,6.785444,8.216821
bass_2,s03,70,199,69,1,lj,5.218358,6.675524,7.828572
bass_2,s03,70,199,69,6,p2,9.24856292604373,4.6470762874509495,6.077096765058475
bass_2,s03,70,199,69,6,pm,5.398303,7.109835,7.794219
bass_2,s03,70,199,69,8,quad,6.642238863011133,5.664049104519308,7.834310410028601
bass_2,s03,70,199,69,7,so,7.229618,5.304402,7.847309
bass_2,s03,70,199,69,4,uro,6.089862,5.613135,7.240376
bass_2,s03,71,200,70,3,basi,5.448756,6.187296,7.590083
bass_2,s03,71,200,70,2,eye,7.13903,6.783562,8.21867
bass_2,s03,71,200,70,1,lj,5.203975,6.67571,7.831751
bass_2,s03,71,200,70,6,p2,9.240281229755675,4.643012755514873,6.086163435623423
bass_2,s03,71,200,70,6,pm,5.392198,7.10149,7.800891
bass_2,s03,71,200,70,8,quad,6.6486084552106846,5.657590031821897,7.851719560631472
bass_2,s03,71,200,70,7,so,7.227693,5.299734,7.846919
bass_2,s03,71,200,70,4,uro,6.072866,5.597681,7.239352
bass_2,s03,72,201,71,3,basi,5.443026,6.181903,7.607699
bass_2,s03,72,201,71,2,eye,7.143609,6.779048,8.226504
bass_2,s03,72,201,71,1,lj,5.195117,6.665461,7.830963
bass_2,s03,72,201,71,6,p2,9.232943240486293,4.6391918119405675,6.095715631496494
bass_2,s03,72,201,71,6,pm,5.379868,7.0896,7.796363
bass_2,s03,72,201,71,8,quad,6.643259943223911,5.692413554871787,7.879376460803388
bass_2,s03,72,201,71,7,so,7.220121,5.304587,7.847168
bass_2,s03,72,201,71,4,uro,6.064807,5.608299,7.239675
bass_2,s03,73,202,72,3,basi,5.443026,6.181903,7.607699
bass_2,s03,73,202,72,2,eye,7.129749,6.781093,8.23453
bass_2,s03,73,202,72,1,lj,5.179429,6.658749,7.826778
bass_2,s03,73,202,72,6,p2,9.226457818207326,4.634838251018755,6.105335330908487
bass_2,s03,73,202,72,6,pm,5.381115,7.089914,7.781809
bass_2,s03,73,202,72,8,quad,6.647573668605821,5.640553753907427,7.829407514948497
bass_2,s03,73,202,72,7,so,7.207803,5.285991,7.840629
bass_2,s03,73,202,72,4,uro,6.062764,5.608325,7.239628
bass_2,s03,74,203,73,3,basi,5.440996,6.181977,7.607681
bass_2,s03,74,203,73,2,eye,7.119396,6.775095,8.238018
bass_2,s03,74,203,73,1,lj,5.175403,6.645044,7.825922
bass_2,s03,74,203,73,6,p2,9.220863440389715,4.630269322702679,6.1151521568085645
bass_2,s03,74,203,73,6,pm,5.379502,7.077622,7.781055
bass_2,s03,74,203,73,8,quad,6.654537468810284,5.666046217111256,7.847446108610151
bass_2,s03,74,203,73,7,so,7.207677,5.281381,7.840337
bass_2,s03,74,203,73,4,uro,6.062764,5.608325,7.239628
bass_2,s03,75,204,74,3,basi,5.434915,6.187426,7.607931
bass_2,s03,75,204,74,2,eye,7.109616,6.775349,8.239985
bass_2,s03,75,204,74,1,lj,5.172715,6.638223,7.825495
bass_2,s03,75,204,74,6,p2,9.215802639902613,4.62590019811409,6.125637204089987
bass_2,s03,75,204,74,6,pm,5.376298,7.07363,7.780785
bass_2,s03,75,204,74,8,quad,6.6635609771818665,5.645129023622803,7.838950239758037
bass_2,s03,75,204,74,7,so,7.20755,5.276771,7.840045
bass_2,s03,75,204,74,4,uro,6.04804,5.608614,7.263178
bass_2,s03,76,205,75,3,basi,5.434915,6.187426,7.607931
bass_2,s03,76,205,75,2,eye,7.104718,6.775589,8.240016
bass_2,s03,76,205,75,1,lj,5.164629,6.624615,7.82113
bass_2,s03,76,205,75,6,p2,9.211355846790845,4.621296211786966,6.135448879333099
bass_2,s03,76,205,75,6,pm,5.376357,7.073735,7.777153
bass_2,s03,76,205,75,8,quad,6.620175307188201,5.652375559514416,7.84366294677598
bass_2,s03,76,205,75,7,so,7.20755,5.276771,7.840045
bass_2,s03,76,205,75,4,uro,6.047805,5.608598,7.275023
bass_2,s03,77,206,76,3,basi,5.444525,6.176879,7.598462
bass_2,s03,77,206,76,2,eye,7.099753,6.767336,8.239206
bass_2,s03,77,206,76,1,lj,5.152974,6.614256,7.823656
bass_2,s03,77,206,76,6,p2,9.207512067111775,4.616792365218096,6.144804245721938
bass_2,s03,77,206,76,6,pm,5.359025,7.082327,7.77738
bass_2,s03,77,206,76,8,quad,6.6658236964754485,5.683062340360815,7.851671329834368
bass_2,s03,77,206,76,7,so,7.214486,5.267782,7.839842
bass_2,s03,77,206,76,4,uro,6.047453,5.608575,7.292792
bass_2,s03,78,207,77,3,basi,5.444515,6.171651,7.598164
bass_2,s03,78,207,77,2,eye,7.09343,6.759493,8.23867
bass_2,s03,78,207,77,1,lj,5.137251,6.610925,7.823095
bass_2,s03,78,207,77,6,p2,9.203923260450663,4.61212981500958,6.1537511316220534
bass_2,s03,78,207,77,6,pm,5.345416,7.082491,7.780801
bass_2,s03,78,207,77,8,quad,6.63859123533724,5.642330006664583,7.860755756277671
bass_2,s03,78,207,77,7,so,7.179338,5.268387,7.844169
bass_2,s03,78,207,77,4,uro,6.050549,5.608465,7.316521
bass_2,s03,79,208,78,3,basi,5.439606,6.16119,7.606503
bass_2,s03,79,208,78,2,eye,7.091742,6.755386,8.238304
bass_2,s03,79,208,78,1,lj,5.13329,6.593821,7.818617
bass_2,s03,79,208,78,6,p2,9.20043760392711,4.607601234555117,6.1628634414263805
bass_2,s03,79,208,78,6,pm,5.341566,7.074233,7.783883
bass_2,s03,79,208,78,8,quad,6.578872873801566,5.5906161425316725,7.84677027691826
bass_2,s03,79,208,78,7,so,7.176012,5.263966,7.853728
bass_2,s03,79,208,78,4,uro,6.046468,5.608519,7.316426
bass_2,s03,80,209,79,3,basi,5.438937,6.166369,7.606767
bass_2,s03,80,209,79,2,eye,7.081984,6.751443,8.237812
bass_2,s03,80,209,79,1,lj,5.122436,6.590584,7.814794
bass_2,s03,80,209,79,6,p2,9.196895272060283,4.603175603242014,6.171947944038948
bass_2,s03,80,209,79,6,pm,5.33719,7.07015,7.783544
bass_2,s03,80,209,79,8,quad,6.616716665919611,5.597566737500019,7.844585379502392
bass_2,s03,80,209,79,7,so,7.172046,5.250027,7.852658
bass_2,s03,80,209,79,4,uro,6.047816,5.613698,7.328532
bass_2,s03,81,210,80,3,basi,5.436916,6.17167,7.607049
bass_2,s03,81,210,80,2,eye,7.075299,6.745489,8.239369
bass_2,s03,81,210,80,1,lj,5.12178,6.590596,7.811331
bass_2,s03,81,210,80,6,p2,9.193460164836788,4.598517634419192,6.180034347837005
bass_2,s03,81,210,80,6,pm,5.33399,7.070282,7.783524
bass_2,s03,81,210,80,8,quad,6.568392723189113,5.606861355401227,7.780134914374986
bass_2,s03,81,210,80,7,so,7.164601,5.259484,7.853199
bass_2,s03,81,210,80,4,uro,6.047816,5.613698,7.328532
bass_2,s03,82,211,81,3,basi,5.432856,6.171818,7.607017
bass_2,s03,82,211,81,2,eye,7.071594,6.741424,8.238972
bass_2,s03,82,211,81,1,lj,5.117143,6.583921,7.804036
bass_2,s03,82,211,81,6,p2,9.190267563640168,4.59450205126818,6.187678445464119
bass_2,s03,82,211,81,6,pm,5.333985,7.057926,7.782781
bass_2,s03,82,211,81,8,quad,6.6235368600415105,5.588092726805383,7.83344122000023
bass_2,s03,82,211,81,7,so,7.16241,5.259502,7.823744
bass_2,s03,82,211,81,4,uro,6.045888,5.624222,7.329025
bass_2,s03,83,212,82,3,basi,5.432856,6.171818,7.607017
bass_2,s03,83,212,82,2,eye,7.065976,6.735268,8.246631
bass_2,s03,83,212,82,1,lj,5.108999,6.580659,7.803727
bass_2,s03,83,212,82,6,p2,9.187082638496872,4.5902829333820865,6.194977300493223
bass_2,s03,83,212,82,6,pm,5.330196,7.049772,7.782231
bass_2,s03,83,212,82,8,quad,6.617357987174161,5.614067709333723,7.83136453819317
bass_2,s03,83,212,82,7,so,7.153199,5.246099,7.822941
bass_2,s03,83,212,82,4,uro,6.045828,5.629461,7.335221
bass_2,s03,84,213,83,3,basi,5.427408,6.156188,7.606014
bass_2,s03,84,213,83,2,eye,7.060103,6.727127,8.24795
bass_2,s03,84,213,83,1,lj,5.102859,6.573738,7.803149
bass_2,s03,84,213,83,6,p2,9.183662188008654,4.585854545720046,6.201956276101723
bass_2,s03,84,213,83,6,pm,5.331322,7.037504,7.774204
bass_2,s03,84,213,83,8,quad,6.570677662888371,5.602339574817655,7.746348501475908
bass_2,s03,84,213,83,7,so,7.131902,5.2415,7.812243
bass_2,s03,84,213,83,4,uro,6.043901,5.639983,7.335716
bass_2,s03,85,214,84,3,basi,5.425387,6.16149,7.606298
bass_2,s03,85,214,84,2,eye,7.05641,6.712888,8.250988
bass_2,s03,85,214,84,1,lj,5.098175,6.566995,7.799268
bass_2,s03,85,214,84,6,p2,9.18036228488441,4.581774105336865,6.20816231064984
bass_2,s03,85,214,84,6,pm,5.331609,7.033891,7.755815
bass_2,s03,85,214,84,8,quad,6.535744720537688,5.58230222658515,7.836791657187537
bass_2,s03,85,214,84,7,so,7.122549,5.22276,7.805718
bass_2,s03,85,214,84,4,uro,6.022549,5.64571,7.335772
bass_2,s03,86,215,85,3,basi,5.417478,6.16172,7.592631
bass_2,s03,86,215,85,2,eye,7.053353,6.702737,8.250197
bass_2,s03,86,215,85,1,lj,5.096835,6.563586,7.799058
bass_2,s03,86,215,85,6,p2,9.17729560338556,4.577889890721397,6.213672147084086
bass_2,s03,86,215,85,6,pm,5.333967,7.034179,7.7449769999999996
bass_2,s03,86,215,85,8,quad,6.555541172439264,5.590483155931654,7.807206577757925
bass_2,s03,86,215,85,7,so,7.129503,5.209102,7.80031
bass_2,s03,86,215,85,4,uro,6.021822,5.624697,7.334635
bass_2,s03,87,216,86,3,basi,5.413409,6.156642,7.592303
bass_2,s03,87,216,86,2,eye,7.047863,6.692488,8.251325
bass_2,s03,87,216,86,1,lj,5.095591,6.560308,7.792031
bass_2,s03,87,216,86,6,p2,9.174289355996892,4.573820607359821,6.218968367665764
bass_2,s03,87,216,86,6,pm,5.338453,7.034346,7.737812
bass_2,s03,87,216,86,8,quad,6.517464463100797,5.6200658521579205,7.77464579896029
bass_2,s03,87,216,86,7,so,7.125541,5.195155,7.79926
bass_2,s03,87,216,86,4,uro,6.029252,5.608825,7.3102
bass_2,s03,88,217,87,3,basi,5.40707,6.1408,7.604765
bass_2,s03,88,217,87,2,eye,7.0439,6.680454,8.250479
bass_2,s03,88,217,87,1,lj,5.095619,6.549885,7.791395
bass_2,s03,88,217,87,6,p2,9.171646826426043,4.57000788123823,6.222863664183885
bass_2,s03,88,217,87,6,pm,5.326067,7.009978,7.736212
bass_2,s03,88,217,87,8,quad,6.54720484354298,5.607332667744239,7.786253466729855
bass_2,s03,88,217,87,7,so,7.122729,5.185985,7.783994
bass_2,s03,88,217,87,4,uro,6.032932,5.608752,7.304312
bass_2,s03,89,218,88,3,basi,5.40685,6.140649,7.618266
bass_2,s03,89,218,88,2,eye,7.037988,6.668292,8.249473
bass_2,s03,89,218,88,1,lj,5.090128,6.546428,7.794491
bass_2,s03,89,218,88,6,p2,9.168829888026927,4.5664206917856145,6.2264635474077
bass_2,s03,89,218,88,6,pm,5.315033,6.997499,7.742501
bass_2,s03,89,218,88,8,quad,6.541205517640833,5.530335422406971,7.792470842211828
bass_2,s03,89,218,88,7,so,7.119131,5.18588,7.783811
bass_2,s03,89,218,88,4,uro,6.031458,5.624549,7.311048
bass_2,s03,90,219,89,3,basi,5.400733,6.119974,7.617018
bass_2,s03,90,219,89,2,eye,7.032765,6.656058,8.252572
bass_2,s03,90,219,89,1,lj,5.085979,6.528946,7.80014
bass_2,s03,90,219,89,6,p2,9.166306289308263,4.562725015507965,6.2294139876239
bass_2,s03,90,219,89,6,pm,5.315032,6.989256,7.742012
bass_2,s03,90,219,89,8,quad,6.571555987559672,5.563735197865365,7.755296182958015
bass_2,s03,90,219,89,7,so,7.120687,5.176701,7.783328
bass_2,s03,90,219,89,4,uro,6.022053,5.624717,7.322782
bass_2,s03,91,220,90,3,basi,5.406822,6.119745,7.617063
bass_2,s03,91,220,90,2,eye,7.023935,6.643826,8.267965
bass_2,s03,91,220,90,1,lj,5.085999,6.521999,7.799714
bass_2,s03,91,220,90,6,p2,9.164237877102778,4.559335521516229,6.231854189022714
bass_2,s03,91,220,90,6,pm,5.308484,6.976937,7.74114
bass_2,s03,91,220,90,8,quad,6.607121447793228,5.5463891596680135,7.8007281964648145
bass_2,s03,91,220,90,7,so,7.133642,5.176654,7.788554
bass_2,s03,91,220,90,4,uro,6.021891,5.608968,7.321976
bass_2,s03,92,221,91,3,basi,5.406198,6.104059,7.611626
bass_2,s03,92,221,91,2,eye,7.022467,6.635702,8.269423
bass_2,s03,92,221,91,1,lj,5.087448,6.522177,7.796417
bass_2,s03,92,221,91,6,p2,9.162162644558348,4.555726027839177,6.233442680288611
bass_2,s03,92,221,91,6,pm,5.303681,6.964774,7.74038
bass_2,s03,92,221,91,8,quad,6.57940144324421,5.526716980291361,7.79499628268091
bass_2,s03,92,221,91,7,so,7.133154,5.158194,7.787403
bass_2,s03,92,221,91,4,uro,6.009951,5.588165,7.320684
bass_2,s03,93,222,92,3,basi,5.406418,6.1042,7.598136
bass_2,s03,93,222,92,2,eye,7.020582,6.627445,8.272829
bass_2,s03,93,222,92,1,lj,5.079269,6.51526,7.795786
bass_2,s03,93,222,92,6,p2,9.16024036643566,4.5525186198800585,6.234142206670146
bass_2,s03,93,222,92,6,pm,5.299788,6.939936,7.7461
bass_2,s03,93,222,92,8,quad,6.540973948207413,5.557476294593369,7.738962585963305
bass_2,s03,93,222,92,7,so,7.119437,5.153693,7.762407
bass_2,s03,93,222,92,4,uro,6.009951,5.588165,7.320684
bass_2,s03,94,223,93,3,basi,5.411676,6.098835,7.606936
bass_2,s03,94,223,93,2,eye,7.01478,6.617155,8.284234
bass_2,s03,94,223,93,1,lj,5.076611,6.501496,7.794942
bass_2,s03,94,223,93,6,p2,9.158392722209566,4.549188384682535,6.234747810387577
bass_2,s03,94,223,93,6,pm,5.29217,6.931765,7.74912
bass_2,s03,94,223,93,8,quad,6.4890720243506035,5.560474415516203,7.722541362671163
bass_2,s03,94,223,93,7,so,7.118906,5.144115,7.74694
bass_2,s03,94,223,93,4,uro,6.002825,5.588321,7.32061
bass_2,s03,95,224,94,3,basi,5.411521,6.093516,7.615628
bass_2,s03,95,224,94,2,eye,7.008499,6.607108,8.283408
bass_2,s03,95,224,94,1,lj,5.075953,6.48754,7.794038
bass_2,s03,95,224,94,6,p2,9.156721672924624,4.545651057339647,6.235121516912115
bass_2,s03,95,224,94,6,pm,5.291482,6.91504,7.755337
bass_2,s03,95,224,94,8,quad,6.565520628077251,5.51126464988117,7.753912063879823
bass_2,s03,95,224,94,7,so,7.134432,5.134724,7.756467
bass_2,s03,95,224,94,4,uro,6.002825,5.588321,7.32061
bass_2,s03,96,225,95,3,basi,5.404603,6.088373,7.624233
bass_2,s03,96,225,95,2,eye,6.999944,6.595104,8.288621
bass_2,s03,96,225,95,1,lj,5.073302,6.487607,7.787126
bass_2,s03,96,225,95,6,p2,9.155184998923517,4.542174345534622,6.2350666865750215
bass_2,s03,96,225,95,6,pm,5.285823,6.902368,7.772625
bass_2,s03,96,225,95,8,quad,6.57702483977228,5.48061354878978,7.748298403001043
bass_2,s03,96,225,95,7,so,7.137249,5.125311,7.75098
bass_2,s03,96,225,95,4,uro,6.002772,5.583071,7.320341
bass_2,s03,97,226,96,3,basi,5.404582,6.072697,7.623327
bass_2,s03,97,226,96,2,eye,6.999664,6.582699,8.289649
bass_2,s03,97,226,96,1,lj,5.074693,6.473769,7.789789
bass_2,s03,97,226,96,6,p2,9.153678396610012,4.538790447922143,6.235160326157892
bass_2,s03,97,226,96,6,pm,5.283648,6.894144,7.772083
bass_2,s03,97,226,96,8,quad,6.586886359308243,5.529267901945161,7.769611162450262
bass_2,s03,97,226,96,7,so,7.14635,5.12988,7.77099
bass_2,s03,97,226,96,4,uro,6.006694,5.567262,7.319625
bass_2,s03,98,227,97,3,basi,5.399167,6.067515,7.622918
bass_2,s03,98,227,97,2,eye,6.997731,6.574409,8.295077
bass_2,s03,98,227,97,1,lj,5.075956,6.47011,7.796377
bass_2,s03,98,227,97,6,p2,9.151946719847064,4.535388444507289,6.234857181368094
bass_2,s03,98,227,97,6,pm,5.280507,6.886134,7.767956
bass_2,s03,98,227,97,8,quad,6.508622634048919,5.4975880306935965,7.799403057521891
bass_2,s03,98,227,97,7,so,7.132663,5.102219,7.764056
bass_2,s03,98,227,97,4,uro,6.010255,5.567185,7.319662
bass_2,s03,99,228,98,3,basi,5.395168,6.057261,7.617792
bass_2,s03,99,228,98,2,eye,6.992416,6.560321,8.298132
bass_2,s03,99,228,98,1,lj,5.075833,6.462986,7.806156
bass_2,s03,99,228,98,6,p2,9.150140661059329,4.531513575617451,6.235130572018835
bass_2,s03,99,228,98,6,pm,5.280563,6.886225,7.764339
bass_2,s03,99,228,98,8,quad,6.5735735091400365,5.487650702948072,7.767716354538645
bass_2,s03,99,228,98,7,so,7.125909,5.088667,7.738898
bass_2,s03,99,228,98,4,uro,6.012358,5.561909,7.313521
bass_2,s03,100,229,99,3,basi,5.397179,6.041507,7.616902
bass_2,s03,100,229,99,2,eye,6.990688,6.554189,8.297616
bass_2,s03,100,229,99,1,lj,5.075874,6.449093,7.805302
bass_2,s03,100,229,99,6,p2,9.148381908757374,4.527806526873131,6.235771188655323
bass_2,s03,100,229,99,6,pm,5.274205,6.874178,7.75261
bass_2,s03,100,229,99,8,quad,6.569081266927329,5.451707753258747,7.716916537504322
bass_2,s03,100,229,99,7,so,7.119987,5.097834,7.724626
bass_2,s03,100,229,99,4,uro,6.006668,5.535779,7.329896
bass_2,s03,101,230,100,3,basi,5.401244,6.046579,7.617235
bass_2,s03,101,230,100,2,eye,6.988764,6.541918,8.298688
bass_2,s03,101,230,100,1,lj,5.075895,6.442146,7.804875
bass_2,s03,101,230,100,6,p2,9.146773519214308,4.524086919294836,6.237115334942347
bass_2,s03,101,230,100,6,pm,5.269413,6.853781,7.751358
bass_2,s03,101,230,100,8,quad,6.561587984434967,5.466284660681108,7.8001475414819685
bass_2,s03,101,230,100,7,so,7.126796,5.088545,7.748567
bass_2,s03,101,230,100,4,uro,6.008707,5.535748,7.329943
bass_2,s03,102,231,101,3,basi,5.403248,6.025599,7.616045
bass_2,s03,102,231,101,2,eye,6.986785,6.531601,8.303963
bass_2,s03,102,231,101,1,lj,5.0793,6.4386,7.80471
bass_2,s03,102,231,101,6,p2,9.144840752169465,4.5202201491877565,6.238751386364591
bass_2,s03,102,231,101,6,pm,5.269421,6.837297,7.750375
bass_2,s03,102,231,101,8,quad,6.547913257992789,5.4671738189644605,7.780534225397768
bass_2,s03,102,231,101,7,so,7.123619,5.074795,7.742847
bass_2,s03,102,231,101,4,uro,6.010747,5.535718,7.32999
bass_2,s03,103,232,102,3,basi,5.403168,6.020333,7.620233
bass_2,s03,103,232,102,2,eye,6.985849,6.525486,8.303483
bass_2,s03,103,232,102,1,lj,5.079234,6.428067,7.810868
bass_2,s03,103,232,102,6,p2,9.142970591098203,4.516285117600384,6.240678454393678
bass_2,s03,103,232,102,6,pm,5.269481,6.829142,7.746271
bass_2,s03,103,232,102,8,quad,6.561583468928666,5.474965660730906,7.763639684589195
bass_2,s03,103,232,102,7,so,7.115063,5.075143,7.733131
bass_2,s03,103,232,102,4,uro,6.044815,5.534993,7.330358
bass_2,s03,104,233,103,3,basi,5.401657,6.01516,7.628929
bass_2,s03,104,233,103,2,eye,6.980641,6.513475,8.304649
bass_2,s03,104,233,103,1,lj,5.079073,6.417426,7.823819
bass_2,s03,104,233,103,6,p2,9.140924309585522,4.512134180016261,6.243486605511958
bass_2,s03,104,233,103,6,pm,5.26949,6.812656,7.745289
bass_2,s03,104,233,103,8,quad,6.550842560887451,5.484495267883514,7.7651790895584325
bass_2,s03,104,233,103,7,so,7.111462,5.075039,7.732948
bass_2,s03,104,233,103,4,uro,6.0345510000000004,5.524759,7.329771
bass_2,s03,105,234,104,3,basi,5.405562,6.009704,7.637634
bass_2,s03,105,234,104,2,eye,6.976754,6.505275,8.308007
bass_2,s03,105,234,104,1,lj,5.081004,6.406837,7.833418
bass_2,s03,105,234,104,6,p2,9.13894650705001,4.508236843135244,6.246919566167297
bass_2,s03,105,234,104,6,pm,5.260582,6.795885,7.758552
bass_2,s03,105,234,104,8,quad,6.517287179041318,5.442406984024478,7.756818916882207
bass_2,s03,105,234,104,7,so,7.116743,5.070575,7.732941
bass_2,s03,105,234,104,4,uro,6.034139,5.535234,7.330252
bass_2,s03,106,235,105,3,basi,5.414275,6.009416,7.642226
bass_2,s03,106,235,105,2,eye,6.973663,6.495097,8.309227
bass_2,s03,106,235,105,1,lj,5.081054,6.389481,7.832339
bass_2,s03,106,235,105,6,p2,9.137066072534909,4.503909356766891,6.250789756893996
bass_2,s03,106,235,105,6,pm,5.260309,6.787223,7.776102
bass_2,s03,106,235,105,8,quad,6.5358172553205645,5.431407595047353,7.76154069074735
bass_2,s03,106,235,105,7,so,7.110071,5.03775,7.720713
bass_2,s03,106,235,105,4,uro,6.034084,5.529985,7.329982
bass_2,s03,107,236,106,3,basi,5.408189,6.009644,7.642176
bass_2,s03,107,236,106,2,eye,6.970719,6.489024,8.308716
bass_2,s03,107,236,106,1,lj,5.079831,6.379239,7.824904
bass_2,s03,107,236,106,6,p2,9.135111524047996,4.500146529716308,6.255187953209719
bass_2,s03,107,236,106,6,pm,5.257127,6.762649,7.774597
bass_2,s03,107,236,106,8,quad,6.511163044035362,5.46099240330513,7.73751514021304
bass_2,s03,107,236,106,7,so,7.113305,5.033319,7.730383
bass_2,s03,107,236,106,4,uro,6.031587,5.519522,7.347134
bass_2,s03,108,237,107,3,basi,5.414289,6.019862,7.642835
bass_2,s03,108,237,107,2,eye,6.968042,6.482962,8.312335
bass_2,s03,108,237,107,1,lj,5.0812,6.372229,7.82447
bass_2,s03,108,237,107,6,p2,9.133245568963352,4.496208113868684,6.259810236349024
bass_2,s03,108,237,107,6,pm,5.257135,6.750292,7.773851
bass_2,s03,108,237,107,8,quad,6.584013644980221,5.407115960304769,7.710215345448688
bass_2,s03,108,237,107,7,so,7.111874,5.03314,7.715638
bass_2,s03,108,237,107,4,uro,6.031587,5.519522,7.347134
bass_2,s03,109,238,108,3,basi,5.418346,6.01971,7.64287
bass_2,s03,109,238,108,2,eye,6.96602,6.470623,8.317451
bass_2,s03,109,238,108,1,lj,5.08124,6.358342,7.823609
bass_2,s03,109,238,108,6,p2,9.131338605825617,4.492489793097517,6.265213210458422
bass_2,s03,109,238,108,6,pm,5.263133,6.750278,7.770348
bass_2,s03,109,238,108,8,quad,6.517060885454869,5.348937048100698,7.7550651908033394
bass_2,s03,109,238,108,7,so,7.109709,5.019223,7.714704
bass_2,s03,109,238,108,4,uro,6.03113,5.509038,7.364326
bass_2,s03,110,239,109,3,basi,5.426449,6.019648,7.643029
bass_2,s03,110,239,109,2,eye,6.959233,6.460579,8.320708
bass_2,s03,110,239,109,1,lj,5.08128,6.344454,7.822747
bass_2,s03,110,239,109,6,p2,9.129587772983378,4.488965196170883,6.2706919664396
bass_2,s03,110,239,109,6,pm,5.263143,6.733801,7.769355
bass_2,s03,110,239,109,8,quad,6.583217094625889,5.379173620177859,7.7279752847820316
bass_2,s03,110,239,109,7,so,7.112826,5.000843,7.713762
bass_2,s03,110,239,109,4,uro,6.03113,5.509038,7.364326
bass_2,s03,111,240,110,3,basi,5.431925,6.019643,7.638645
bass_2,s03,111,240,110,2,eye,6.9552060000000004,6.448286,8.325786
bass_2,s03,111,240,110,1,lj,5.078593,6.341114,7.822538
bass_2,s03,111,240,110,6,p2,9.128044074164672,4.485743767767044,6.276343349676857
bass_2,s03,111,240,110,6,pm,5.261553,6.717393,7.768356
bass_2,s03,111,240,110,8,quad,6.564313787330662,5.3845937383046,7.697511507088054
bass_2,s03,111,240,110,7,so,7.113073,5.000753,7.704001
bass_2,s03,111,240,110,4,uro,6.024899,5.509124,7.370102
bass_2,s03,112,241,111,3,basi,5.436441,6.024648,7.652489
bass_2,s03,112,241,111,2,eye,6.951693,6.440181,8.329214
bass_2,s03,112,241,111,1,lj,5.077719,6.33738,7.835839
bass_2,s03,112,241,111,6,p2,9.126396295490274,4.483015178564182,6.281611469115762
bass_2,s03,112,241,111,6,pm,5.253233,6.704829,7.78187
bass_2,s03,112,241,111,8,quad,6.544520907647577,5.391694841945263,7.68160375162006
bass_2,s03,112,241,111,7,so,7.115084,4.98645,7.698058
bass_2,s03,112,241,111,4,uro,6.024735,5.493391,7.369276
bass_2,s03,113,242,112,3,basi,5.455351,6.024474,7.652853
bass_2,s03,113,242,112,2,eye,6.945619,6.423904,8.331935
bass_2,s03,113,242,112,1,lj,5.075565,6.326824,7.845314
bass_2,s03,113,242,112,6,p2,9.125199373376448,4.480536989019899,6.287139480209555
bass_2,s03,113,242,112,6,pm,5.257939,6.679756,7.787595
bass_2,s03,113,242,112,8,quad,6.566847630195921,5.380873002067197,7.746817112476694
bass_2,s03,113,242,112,7,so,7.123929,4.986502,7.722592
bass_2,s03,113,242,112,4,uro,6.024844,5.50388,7.369827
bass_2,s03,114,243,113,3,basi,5.461447,6.029481,7.653212
bass_2,s03,114,243,113,2,eye,6.939788,6.413794,8.331054
bass_2,s03,114,243,113,1,lj,5.075565,6.326824,7.845314
bass_2,s03,114,243,113,6,p2,9.123862969947114,4.478305994551764,6.292298669125061
bass_2,s03,114,243,113,6,pm,5.26011,6.675626,7.787393
bass_2,s03,114,243,113,8,quad,6.5512638650664945,5.410079052448,7.718822871313115
bass_2,s03,114,243,113,7,so,7.126344,5.000327,7.713768
bass_2,s03,114,243,113,4,uro,6.010041,5.504212,7.399243
bass_2,s03,115,244,114,3,basi,5.475811,6.039715,7.645049
bass_2,s03,115,244,114,2,eye,6.937273,6.407653,8.330498
bass_2,s03,115,244,114,1,lj,5.075558,6.312893,7.847836
bass_2,s03,115,244,114,6,p2,9.122802574700708,4.476442804280583,6.297019370812023
bass_2,s03,115,244,114,6,pm,5.253718,6.66767,7.786866
bass_2,s03,115,244,114,8,quad,6.5198229449782525,5.3567961879263875,7.766197804971371
bass_2,s03,115,244,114,7,so,7.136989,4.977096,7.712594
bass_2,s03,115,244,114,4,uro,6.010094,5.509453,7.399522
bass_2,s03,116,245,115,3,basi,5.479806,6.044754,7.649884
bass_2,s03,116,245,115,2,eye,6.931813,6.397629,8.329695
bass_2,s03,116,245,115,1,lj,5.075504,6.298916,7.853747
bass_2,s03,116,245,115,6,p2,9.121618471377994,4.4746789734745605,6.301560636996147
bass_2,s03,116,245,115,6,pm,5.251502,6.659371,7.789917
bass_2,s03,116,245,115,8,quad,6.551150364655838,5.327981108774468,7.701034205868606
bass_2,s03,116,245,115,7,so,7.134495,4.954237,7.696793
bass_2,s03,116,245,115,4,uro,6.019415,5.509299,7.417439
bass_2,s03,117,246,116,3,basi,5.48162,6.049778,7.663689
bass_2,s03,117,246,116,2,eye,6.926355,6.387604,8.328891
bass_2,s03,117,246,116,1,lj,5.074092,6.288478,7.859875
bass_2,s03,117,246,116,6,p2,9.120753021263909,4.473497799867938,6.305646945682144
bass_2,s03,117,246,116,6,pm,5.247632,6.651069,7.796559
bass_2,s03,117,246,116,8,quad,6.499390288741158,5.32297686201972,7.757711506898384
bass_2,s03,117,246,116,7,so,7.128398,4.949946,7.701432
bass_2,s03,117,246,116,4,uro,6.037772,5.514172,7.417957
bass_2,s03,118,247,117,3,basi,5.483685,6.065369,7.664629
bass_2,s03,118,247,117,2,eye,6.916265,6.377594,8.336151
bass_2,s03,118,247,117,1,lj,5.074144,6.271131,7.858783
bass_2,s03,118,247,117,6,p2,9.12030634141479,4.472630466785401,6.307810502161853
bass_2,s03,118,247,117,6,pm,5.243138,6.646753,7.807006
bass_2,s03,118,247,117,8,quad,6.505480109603245,5.292597419916136,7.778763123231467
bass_2,s03,118,247,117,7,so,7.122871,4.945164,7.700874
bass_2,s03,118,247,117,4,uro,6.049017,5.519199,7.418403
bass_2,s03,119,248,118,3,basi,5.488581,6.070583,7.656017
bass_2,s03,119,248,118,2,eye,6.91366,6.367391,8.335297
bass_2,s03,119,248,118,1,lj,5.074133,6.2746,7.859002
bass_2,s03,119,248,118,6,p2,9.119893190437557,4.472146570149535,6.309834550752813
bass_2,s03,119,248,118,6,pm,5.244737,6.646682,7.807012
bass_2,s03,119,248,118,8,quad,6.546305045193226,5.319995351483752,7.731299700017273
bass_2,s03,119,248,118,7,so,7.127288,4.958692,7.701578
bass_2,s03,119,248,118,4,uro,6.057275,5.529573,7.419158
bass_2,s03,120,249,119,3,basi,5.480418,6.049978,7.654714
bass_2,s03,120,249,119,2,eye,6.910807,6.355212,8.340472
bass_2,s03,120,249,119,1,lj,5.074144,6.271131,7.858783
bass_2,s03,120,249,119,6,p2,9.11949370630032,4.471533394003914,6.311569056191615
bass_2,s03,120,249,119,6,pm,5.239956,6.630429,7.805986
bass_2,s03,120,249,119,8,quad,6.56025189104455,5.3921382508887925,7.732474052497367
bass_2,s03,120,249,119,7,so,7.129459,4.9586,7.687044
bass_2,s03,120,249,119,4,uro,6.06344,5.534734,7.419588
bass_2,s03,121,250,120,3,basi,5.480392,6.039535,7.654102
bass_2,s03,121,250,120,2,eye,6.906327,6.340973,8.345421
bass_2,s03,121,250,120,1,lj,5.075512,6.264126,7.858343
bass_2,s03,121,250,120,6,p2,9.1188636342723,4.470850230410338,6.3132969345375605
bass_2,s03,121,250,120,6,pm,5.241566,6.61801,7.805235
bass_2,s03,121,250,120,8,quad,6.544292089595247,5.307184727534227,7.746288865104829
bass_2,s03,121,250,120,7,so,7.129091,4.94473,7.686208
bass_2,s03,121,250,120,4,uro,6.06858,5.539842,7.419886
bass_2,s04,1,120,0,3,basi,5.500508,7.855026,2.469648
bass_2,s04,1,120,0,2,eye,6.382755,8.302612,3.441409
bass_2,s04,1,120,0,1,lj,4.863274,8.122021,2.657837
bass_2,s04,1,120,0,6,p2,9.024132939248966,6.76251012486105,2.3981992396031653
bass_2,s04,1,120,0,6,pm,5.022261,8.449045,2.604505
bass_2,s04,1,120,0,8,quad,NA,NA,NA
bass_2,s04,1,120,0,7,so,NA,NA,NA
bass_2,s04,1,120,0,4,uro,6.17743,7.594782,2.374395
bass_2,s04,2,121,1,3,basi,5.453857,7.851294,2.469437
bass_2,s04,2,121,1,2,eye,6.331886,8.288668,3.446655
bass_2,s04,2,121,1,1,lj,4.825962,8.122784,2.657407
bass_2,s04,2,121,1,6,p2,9.014121115456163,6.760993052742322,2.3974966766390815
bass_2,s04,2,121,1,6,pm,5.0007,8.449593,2.604299
bass_2,s04,2,121,1,8,quad,NA,NA,NA
bass_2,s04,2,121,1,7,so,NA,NA,NA
bass_2,s04,2,121,1,4,uro,6.1479799999999996,7.595608,2.368695
bass_2,s04,3,122,2,3,basi,5.400122,7.838142,2.469698
bass_2,s04,3,122,2,2,eye,6.301451,8.289726,3.438441
bass_2,s04,3,122,2,1,lj,4.767694,8.106971,2.657655
bass_2,s04,3,122,2,6,p2,9.003754430345438,6.759862965217476,2.396121744822969
bass_2,s04,3,122,2,6,pm,4.93565,8.444888,2.584361
bass_2,s04,3,122,2,8,quad,6.397104017761522,7.400886028960399,2.7142785639511047
bass_2,s04,3,122,2,7,so,7.000334,7.151105,2.737885
bass_2,s04,3,122,2,4,uro,6.121614,7.583479,2.369154
bass_2,s04,4,123,3,3,basi,5.36434,7.825011,2.462447
bass_2,s04,4,123,3,2,eye,6.263152,8.279704,3.433191
bass_2,s04,4,123,3,1,lj,4.726262,8.103041,2.64168
bass_2,s04,4,123,3,6,p2,8.99373345561556,6.758504120870095,2.394923234962542
bass_2,s04,4,123,3,6,pm,4.893351,8.435205,2.580525
bass_2,s04,4,123,3,8,quad,6.285400258011879,7.4111311716962405,2.748197675978754
bass_2,s04,4,123,3,7,so,6.953213,7.14117,2.744741
bass_2,s04,4,123,3,4,uro,6.103039,7.571669,2.36975
bass_2,s04,5,124,4,3,basi,5.311755,7.821606,2.458324
bass_2,s04,5,124,4,2,eye,6.222144,8.277263,3.424977
bass_2,s04,5,124,4,1,lj,4.691427,8.087221,2.630267
bass_2,s04,5,124,4,6,p2,8.981750021873133,6.7568173969620915,2.39337834648341
bass_2,s04,5,124,4,6,pm,4.866676,8.432364,2.58049
bass_2,s04,5,124,4,8,quad,6.293696205085112,7.403205585037239,2.732314502600003
bass_2,s04,5,124,4,7,so,6.922386,7.145316,2.744196
bass_2,s04,5,124,4,4,uro,6.053637,7.558867,2.359351
bass_2,s04,6,125,5,3,basi,5.25912,7.799087,2.459228
bass_2,s04,6,125,5,2,eye,6.191654,8.278192,3.419388
bass_2,s04,6,125,5,1,lj,4.633498,8.077517,2.622332
bass_2,s04,6,125,5,6,p2,8.960524379374013,6.754185990287357,2.39029574617143
bass_2,s04,6,125,5,6,pm,4.818035,8.423494,2.5648590000000002
bass_2,s04,6,125,5,8,quad,6.227764876948955,7.428337571137527,2.6819082306264272
bass_2,s04,6,125,5,7,so,6.876881,7.146468,2.736062
bass_2,s04,6,125,5,4,uro,6.012078,7.554814,2.364597
bass_2,s04,7,126,6,3,basi,5.239027,7.799499,2.455088
bass_2,s04,7,126,6,2,eye,6.148693,8.271726,3.419191
bass_2,s04,7,126,6,1,lj,4.596041,8.066615,2.626424
bass_2,s04,7,126,6,6,p2,8.935819003833101,6.75055076403641,2.3873368430532604
bass_2,s04,7,126,6,6,pm,4.790426,8.417206,2.561058
bass_2,s04,7,126,6,8,quad,6.215980226816508,7.432934259666611,2.7037883616798863
bass_2,s04,7,126,6,7,so,6.850866,7.139966,2.736186
bass_2,s04,7,126,6,4,uro,5.972567,7.551099,2.359076
bass_2,s04,8,127,7,3,basi,5.18363,7.810412,2.446164
bass_2,s04,8,127,7,2,eye,6.115138,8.265038,3.419078
bass_2,s04,8,127,7,1,lj,4.554231,8.055999,2.630555
bass_2,s04,8,127,7,6,p2,8.908974917170472,6.746764868823102,2.3836913639645116
bass_2,s04,8,127,7,6,pm,4.753998,8.407796,2.553468
bass_2,s04,8,127,7,8,quad,6.171004228607409,7.391494178556352,2.672454363842046
bass_2,s04,8,127,7,7,so,6.815,7.133923,2.724706
bass_2,s04,8,127,7,4,uro,5.926435,7.542771,2.353805
bass_2,s04,9,128,8,3,basi,5.160976,7.801806,2.438808
bass_2,s04,9,128,8,2,eye,6.078207,8.254727,3.419099
bass_2,s04,9,128,8,1,lj,4.515404,8.046082,2.62698
bass_2,s04,9,128,8,6,p2,8.880682222510872,6.742351662730348,2.3798598456686775
bass_2,s04,9,128,8,6,pm,4.706163,8.409105,2.549056
bass_2,s04,9,128,8,8,quad,6.149359589298138,7.404946474056136,2.750192659271409
bass_2,s04,9,128,8,7,so,6.767181,7.124455,2.724881
bass_2,s04,9,128,8,4,uro,5.856425,7.534738,2.353682
bass_2,s04,10,129,9,3,basi,5.116938,7.784274,2.427936
bass_2,s04,10,129,9,2,eye,6.050556,8.251502,3.421549
bass_2,s04,10,129,9,1,lj,4.497189,8.029666,2.627812
bass_2,s04,10,129,9,6,p2,8.8500542967808,6.737772761851312,2.3755609998610594
bass_2,s04,10,129,9,6,pm,4.660156,8.399462,2.545178
bass_2,s04,10,129,9,8,quad,6.102897221549729,7.3945004364511915,2.7018125983939165
bass_2,s04,10,129,9,7,so,6.726569,7.12531,2.724455
bass_2,s04,10,129,9,4,uro,5.781663,7.52198,2.353804
bass_2,s04,11,130,10,3,basi,5.070372,7.775798,2.428031
bass_2,s04,11,130,10,2,eye,6.009606,8.252777,3.413208
bass_2,s04,11,130,10,1,lj,4.448803,8.025176,2.631711
bass_2,s04,11,130,10,6,p2,8.817416767459628,6.7324598775689335,2.371244893170553
bass_2,s04,11,130,10,6,pm,4.619746,8.411291,2.54023
bass_2,s04,11,130,10,8,quad,5.9781821690645724,7.33465862447506,2.7063205573034024
bass_2,s04,11,130,10,7,so,6.672464,7.115646,2.724316
bass_2,s04,11,130,10,4,uro,5.721066,7.556598,2.351041
bass_2,s04,12,131,11,3,basi,5.023247,7.752698,2.436673
bass_2,s04,12,131,11,2,eye,5.960705,8.239382,3.405372
bass_2,s04,12,131,11,1,lj,4.406399,8.014199,2.6316
bass_2,s04,12,131,11,6,p2,8.782963437065227,6.7266142450196025,2.3671694622508226
bass_2,s04,12,131,11,6,pm,4.579559,8.394461,2.540864
bass_2,s04,12,131,11,8,quad,6.000236302324741,7.324744441898684,2.6982421624093957
bass_2,s04,12,131,11,7,so,6.618478,7.113393,2.720159
bass_2,s04,12,131,11,4,uro,5.688054,7.552615,2.351004
bass_2,s04,13,132,12,3,basi,4.995279,7.74846,2.43663
bass_2,s04,13,132,12,2,eye,5.93594,8.236082,3.407863
bass_2,s04,13,132,12,1,lj,4.360488,7.998758,2.624225
bass_2,s04,13,132,12,6,p2,8.74660516546988,6.719966337413338,2.3626253522987843
bass_2,s04,13,132,12,6,pm,4.544743,8.391491,2.540612
bass_2,s04,13,132,12,8,quad,5.991195194623506,7.389155413230466,2.7099925094968556
bass_2,s04,13,132,12,7,so,6.600268,7.102945,2.72427
bass_2,s04,13,132,12,4,uro,5.658813,7.548705,2.34561
bass_2,s04,14,133,13,3,basi,4.955908,7.730637,2.433587
bass_2,s04,14,133,13,2,eye,5.899269,8.233535,3.399737
bass_2,s04,14,133,13,1,lj,4.316733,7.994149,2.628161
bass_2,s04,14,133,13,6,p2,8.70980749271256,6.713116785226605,2.358227575009864
bass_2,s04,14,133,13,6,pm,4.50823,8.385261,2.540667
bass_2,s04,14,133,13,8,quad,5.946890360013379,7.359638485103224,2.739248587512494
bass_2,s04,14,133,13,7,so,6.578693,7.107118,2.720097
bass_2,s04,14,133,13,4,uro,5.632928,7.540188,2.33517
bass_2,s04,15,134,14,3,basi,4.921059,7.717181,2.42628
bass_2,s04,15,134,14,2,eye,5.876532,8.226505,3.402371
bass_2,s04,15,134,14,1,lj,4.275332,7.978085,2.632712
bass_2,s04,15,134,14,6,p2,8.672953165160052,6.705680715601115,2.353600794330303
bass_2,s04,15,134,14,6,pm,4.461823,8.386668,2.532332
bass_2,s04,15,134,14,8,quad,5.8611840950019785,7.342553271510372,2.6590448484420097
bass_2,s04,15,134,14,7,so,6.527928,7.101183,2.716111
bass_2,s04,15,134,14,4,uro,5.594216,7.536333,2.329649
bass_2,s04,16,135,15,3,basi,4.8896,7.703935,2.419129
bass_2,s04,16,135,15,2,eye,5.827731,8.223401,3.412415
bass_2,s04,16,135,15,1,lj,4.247738,7.96161,2.637352
bass_2,s04,16,135,15,6,p2,8.635528049919186,6.697725428553153,2.3496632325192937
bass_2,s04,16,135,15,6,pm,4.424674,8.387597,2.523973
bass_2,s04,16,135,15,8,quad,5.817123718398663,7.327690504761787,2.687578892365975
bass_2,s04,16,135,15,7,so,6.484741,7.091417,2.720083
bass_2,s04,16,135,15,4,uro,5.551544,7.527285,2.340574
bass_2,s04,17,136,16,3,basi,4.854619,7.699658,2.418939
bass_2,s04,17,136,16,2,eye,5.789786,8.220909,3.404275
bass_2,s04,17,136,16,1,lj,4.208682,7.939902,2.63823
bass_2,s04,17,136,16,6,p2,8.598248759305026,6.689099811056479,2.345603288046078
bass_2,s04,17,136,16,6,pm,4.401584,8.387518,2.539466
bass_2,s04,17,136,16,8,quad,5.776855126712718,7.301835635459272,2.736909034107625
bass_2,s04,17,136,16,7,so,6.448471,7.07791,2.724267
bass_2,s04,17,136,16,4,uro,5.518804,7.508804,2.346834
bass_2,s04,18,137,17,3,basi,4.812065,7.686788,2.419554
bass_2,s04,18,137,17,2,eye,5.74241,8.218477,3.398647
bass_2,s04,18,137,17,1,lj,4.171796,7.935175,2.638213
bass_2,s04,18,137,17,6,p2,8.560734152152682,6.6801276495091395,2.341345730445175
bass_2,s04,18,137,17,6,pm,4.362339,8.381501,2.539563
bass_2,s04,18,137,17,8,quad,5.748968400635412,7.314406198765467,2.6913936702070433
bass_2,s04,18,137,17,7,so,6.415271,7.078605,2.723918
bass_2,s04,18,137,17,4,uro,5.482665,7.504243,2.362915
bass_2,s04,19,138,18,3,basi,4.78183,7.677776,2.419751
bass_2,s04,19,138,18,2,eye,5.693422,8.219654,3.395466
bass_2,s04,19,138,18,1,lj,4.130413,7.924945,2.638494
bass_2,s04,19,138,18,6,p2,8.523524584297952,6.670489532705772,2.337213534133979
bass_2,s04,19,138,18,6,pm,4.314864,8.374898,2.547221
bass_2,s04,19,138,18,8,quad,5.754697098372315,7.338221268867479,2.713644546079233
bass_2,s04,19,138,18,7,so,6.373458,7.061856,2.724496
bass_2,s04,19,138,18,4,uro,5.449671,7.490811,2.363502
bass_2,s04,20,139,19,3,basi,4.745757,7.659758,2.412811
bass_2,s04,20,139,19,2,eye,5.663984,8.208869,3.40079
bass_2,s04,20,139,19,1,lj,4.082173,7.909341,2.635052
bass_2,s04,20,139,19,6,p2,8.486874393668838,6.660578961998011,2.333067378595888
bass_2,s04,20,139,19,6,pm,4.288464,8.378802,2.550621
bass_2,s04,20,139,19,8,quad,5.722713366247465,7.3369921840949655,2.659197257086105
bass_2,s04,20,139,19,7,so,6.318671,7.06292,2.723841
bass_2,s04,20,139,19,4,uro,5.418697,7.477668,2.353337
bass_2,s04,21,140,20,3,basi,4.727223,7.650656,2.417107
bass_2,s04,21,140,20,2,eye,5.619755,8.206248,3.397809
bass_2,s04,21,140,20,1,lj,4.028888,7.893276,2.6353
bass_2,s04,21,140,20,6,p2,8.450121764586907,6.649940707484372,2.329036922836592
bass_2,s04,21,140,20,6,pm,4.235634,8.369442,2.550737
bass_2,s04,21,140,20,8,quad,5.633860508837127,7.273589054038598,2.7166160516540647
bass_2,s04,21,140,20,7,so,6.289038,7.059906,2.727533
bass_2,s04,21,140,20,4,uro,5.389063,7.450154,2.34952
bass_2,s04,22,141,21,3,basi,4.681495,7.637977,2.406041
bass_2,s04,22,141,21,2,eye,5.597211,8.203332,3.392478
bass_2,s04,22,141,21,1,lj,3.978802,7.87228,2.636309
bass_2,s04,22,141,21,6,p2,8.413941135652598,6.638943285136735,2.3249187504137754
bass_2,s04,22,141,21,6,pm,4.198052,8.370206,2.550299
bass_2,s04,22,141,21,8,quad,5.6033560691500615,7.2789973818099405,2.699028281708189
bass_2,s04,22,141,21,7,so,6.251983,7.053513,2.731341
bass_2,s04,22,141,21,4,uro,5.362003,7.431644,2.350415
bass_2,s04,23,142,22,3,basi,4.630673,7.610754,2.399548
bass_2,s04,23,142,22,2,eye,5.558783,8.196585,3.394933
bass_2,s04,23,142,22,1,lj,3.935191,7.856381,2.636856
bass_2,s04,23,142,22,6,p2,8.377568530618342,6.627502412804319,2.320785499425958
bass_2,s04,23,142,22,6,pm,4.157059,8.374532,2.545581
bass_2,s04,23,142,22,8,quad,5.516508599339406,7.251562055820054,2.6851160825445906
bass_2,s04,23,142,22,7,so,6.196381,7.043871,2.738951
bass_2,s04,23,142,22,4,uro,5.334564,7.413256,2.351349
bass_2,s04,24,143,23,3,basi,4.563826,7.587865,2.403972
bass_2,s04,24,143,23,2,eye,5.534744,8.211935,3.396709
bass_2,s04,24,143,23,1,lj,3.898268,7.834257,2.63757
bass_2,s04,24,143,23,6,p2,8.342067173697323,6.61557429376975,2.316701608454278
bass_2,s04,24,143,23,6,pm,4.116097,8.393766,2.540348
bass_2,s04,24,143,23,8,quad,5.556893240314588,7.2519864966332825,2.6779944056352294
bass_2,s04,24,143,23,7,so,6.156872,7.033649,2.754266
bass_2,s04,24,143,23,4,uro,5.319291,7.399498,2.346721
bass_2,s04,25,144,24,3,basi,4.516673,7.565168,2.416658
bass_2,s04,25,144,24,2,eye,5.501241,8.212919,3.391096
bass_2,s04,25,144,24,1,lj,3.864003,7.800874,2.639004
bass_2,s04,25,144,24,6,p2,8.307136025670449,6.603692317191998,2.312830276287607
bass_2,s04,25,144,24,6,pm,4.0771,8.398393,2.535809
bass_2,s04,25,144,24,8,quad,5.47908286167716,7.233445194934458,2.6975418990818913
bass_2,s04,25,144,24,7,so,6.111891,7.034314,2.765248
bass_2,s04,25,144,24,4,uro,5.290521,7.381219,2.342238
bass_2,s04,26,145,25,3,basi,4.472881,7.547492,2.409752
bass_2,s04,26,145,25,2,eye,5.465746,8.209886,3.390805
bass_2,s04,26,145,25,1,lj,3.795709,7.751834,2.633294
bass_2,s04,26,145,25,6,p2,8.272610892676461,6.591152440423718,2.309422606698314
bass_2,s04,26,145,25,6,pm,4.051442,8.412742,2.546507
bass_2,s04,26,145,25,8,quad,5.45167365780161,7.205564318487423,2.7500568188187327
bass_2,s04,26,145,25,7,so,6.074267,7.028209,2.757577
bass_2,s04,26,145,25,4,uro,5.269751,7.362952,2.337915
bass_2,s04,27,146,26,3,basi,4.39461,7.534974,2.405946
bass_2,s04,27,146,26,2,eye,5.429487,8.214616,3.387657
bass_2,s04,27,146,26,1,lj,3.740433,7.718602,2.630353
bass_2,s04,27,146,26,6,p2,8.238424921506528,6.5785156019001,2.3060131299209043
bass_2,s04,27,146,26,6,pm,4.00273,8.432027,2.529099
bass_2,s04,27,146,26,8,quad,5.406214136279505,7.2489332020528785,2.724967754726208
bass_2,s04,27,146,26,7,so,6.051167,7.025163,2.757541
bass_2,s04,27,146,26,4,uro,5.233983,7.339938,2.339056
bass_2,s04,28,147,27,3,basi,4.343967,7.498259,2.403823
bass_2,s04,28,147,27,2,eye,5.403426,8.215267,3.384728
bass_2,s04,28,147,27,1,lj,3.699973,7.686074,2.6321
bass_2,s04,28,147,27,6,p2,8.204806172909235,6.566017493248712,2.302778988317269
bass_2,s04,28,147,27,6,pm,3.96559,8.444109,2.524336
bass_2,s04,28,147,27,8,quad,5.393878917035531,7.236405528529231,2.732452659204184
bass_2,s04,28,147,27,7,so,5.998342,7.025857,2.772202
bass_2,s04,28,147,27,4,uro,5.177182,7.321673,2.339505
bass_2,s04,29,148,28,3,basi,4.307516,7.465592,2.413604
bass_2,s04,29,148,28,2,eye,5.368126,8.208664,3.381978
bass_2,s04,29,148,28,1,lj,3.648152,7.654675,2.610196
bass_2,s04,29,148,28,6,p2,8.17174332154327,6.553558479461742,2.2999792406509867
bass_2,s04,29,148,28,6,pm,3.912387,8.477819,2.510066
bass_2,s04,29,148,28,8,quad,5.309728985736956,7.187963226012191,2.7169847672495844
bass_2,s04,29,148,28,7,so,5.957251,7.026508,2.77935
bass_2,s04,29,148,28,4,uro,5.114147,7.284975,2.341266
bass_2,s04,30,149,29,3,basi,4.287115,7.432416,2.415279
bass_2,s04,30,149,29,2,eye,5.336227,8.208881,3.394724
bass_2,s04,30,149,29,1,lj,3.586441,7.616253,2.603726
bass_2,s04,30,149,29,6,p2,8.139578990158446,6.541439328837966,2.2974953046107567
bass_2,s04,30,149,29,6,pm,3.868588,8.500078,2.500257
bass_2,s04,30,149,29,8,quad,5.299763617836992,7.214087107677598,2.7285731792226646
bass_2,s04,30,149,29,7,so,5.910368,7.026973,2.797867
bass_2,s04,30,149,29,4,uro,5.059124,7.253111,2.342905
bass_2,s04,31,150,30,3,basi,4.225989,7.391869,2.401361
bass_2,s04,31,150,30,2,eye,5.287442,8.21391,3.388789
bass_2,s04,31,150,30,1,lj,3.539433,7.584685,2.589916
bass_2,s04,31,150,30,6,p2,8.107474391533028,6.52919857338685,2.295722444602878
bass_2,s04,31,150,30,6,pm,3.831734,8.523998,2.467258
bass_2,s04,31,150,30,8,quad,5.193318567218677,7.111355577575019,2.766660756318323
bass_2,s04,31,150,30,7,so,5.86156,7.009864,2.817297
bass_2,s04,31,150,30,4,uro,5.020969,7.23561,2.333182
bass_2,s04,32,151,31,3,basi,4.171348,7.35953,2.402743
bass_2,s04,32,151,31,2,eye,5.252335,8.240911,3.382118
bass_2,s04,32,151,31,1,lj,3.499231,7.535088,2.580708
bass_2,s04,32,151,31,6,p2,8.07584007581368,6.517641291040314,2.2939332734470597
bass_2,s04,32,151,31,6,pm,3.799044,8.550911,2.453933
bass_2,s04,32,151,31,8,quad,5.1966949920341605,7.1373365714576895,2.776345527596842
bass_2,s04,32,151,31,7,so,5.815977,7.006669,2.839809
bass_2,s04,32,151,31,4,uro,4.92483,7.194886,2.324117
bass_2,s04,33,152,32,3,basi,4.15118,7.321696,2.400701
bass_2,s04,33,152,32,2,eye,5.226219,8.248858,3.381501
bass_2,s04,33,152,32,1,lj,3.43802,7.497576,2.55492
bass_2,s04,33,152,32,6,p2,8.044908129025583,6.506446514281327,2.292350124304833
bass_2,s04,33,152,32,6,pm,3.743685,8.567007,2.436667
bass_2,s04,33,152,32,8,quad,5.071569275917465,7.150125755357557,2.8398730847098994
bass_2,s04,33,152,32,7,so,5.762835,7.003941,2.850821
bass_2,s04,33,152,32,4,uro,4.858906,7.163223,2.314862
bass_2,s04,34,153,33,3,basi,4.091753,7.297414,2.381653
bass_2,s04,34,153,33,2,eye,5.201885,8.249114,3.389104
bass_2,s04,34,153,33,1,lj,3.381914,7.437206,2.522616
bass_2,s04,34,153,33,6,p2,8.014119975834673,6.49621606631145,2.2909734585165324
bass_2,s04,34,153,33,6,pm,3.678513,8.60932,2.406164
bass_2,s04,34,153,33,8,quad,5.058474834435855,7.154890297635454,2.799619930038591
bass_2,s04,34,153,33,7,so,5.706102,7.011232,2.884049
bass_2,s04,34,153,33,4,uro,4.784731,7.136512,2.299852
bass_2,s04,35,154,34,3,basi,4.061288,7.28598,2.326287
bass_2,s04,35,154,34,2,eye,5.154475,8.246524,3.386072
bass_2,s04,35,154,34,1,lj,3.328293,7.382664,2.494218
bass_2,s04,35,154,34,6,p2,7.983697871584783,6.4860844516783915,2.2901277258185404
bass_2,s04,35,154,34,6,pm,3.626105,8.657723,2.382985
bass_2,s04,35,154,34,8,quad,4.993474029147086,7.144907791321035,2.835378605759332
bass_2,s04,35,154,34,7,so,5.65486,7.015437,2.901016
bass_2,s04,35,154,34,4,uro,4.722529,7.114063,2.289978
bass_2,s04,36,155,35,3,basi,4.01104,7.254533,2.331697
bass_2,s04,36,155,35,2,eye,5.108421,8.265172,3.405761
bass_2,s04,36,155,35,1,lj,3.269768,7.338924,2.484636
bass_2,s04,36,155,35,6,p2,7.953427337628275,6.476369703085762,2.289892319021926
bass_2,s04,36,155,35,6,pm,3.577186,8.677961,2.359
bass_2,s04,36,155,35,8,quad,4.972642653585989,7.149937261370672,2.7979274755816115
bass_2,s04,36,155,35,7,so,5.611035,7.015666,2.92759
bass_2,s04,36,155,35,4,uro,4.681749,7.072328,2.29243
bass_2,s04,37,156,36,3,basi,3.964491,7.219974,2.329494
bass_2,s04,37,156,36,2,eye,5.079535,8.284472,3.40474
bass_2,s04,37,156,36,1,lj,3.212651,7.31722,2.473429
bass_2,s04,37,156,36,6,p2,7.923437350130241,6.46706054059156,2.2894341959340365
bass_2,s04,37,156,36,6,pm,3.535788,8.703546,2.362215
bass_2,s04,37,156,36,8,quad,4.9098921257882004,7.1141405139420995,2.796394873052762
bass_2,s04,37,156,36,7,so,5.560785,7.015961,2.957106
bass_2,s04,37,156,36,4,uro,4.652742,7.053907,2.298748
bass_2,s04,38,157,37,3,basi,3.919018,7.199309,2.334345
bass_2,s04,38,157,37,2,eye,5.036474,8.292194,3.417032
bass_2,s04,38,157,37,1,lj,3.170486,7.26139,2.464564
bass_2,s04,38,157,37,6,p2,7.893537859032341,6.45839527251986,2.289070739726129
bass_2,s04,38,157,37,6,pm,3.478081,8.741242,2.35431
bass_2,s04,38,157,37,8,quad,4.886544230438834,7.064485355691035,2.8523920542887153
bass_2,s04,38,157,37,7,so,5.49808,7.023231,2.995134
bass_2,s04,38,157,37,4,uro,4.602035,7.026091,2.310683
bass_2,s04,39,158,38,3,basi,3.889843,7.182113,2.339246
bass_2,s04,39,158,38,2,eye,5.005715,8.296496,3.416494
bass_2,s04,39,158,38,1,lj,3.125419,7.233938,2.469716
bass_2,s04,39,158,38,6,p2,7.863795989604704,6.450223096541838,2.2891420884098417
bass_2,s04,39,158,38,6,pm,3.41383,8.76381,2.352129
bass_2,s04,39,158,38,8,quad,4.851700845002423,7.097052610263578,2.882804007623811
bass_2,s04,39,158,38,7,so,5.454198,7.02339,3.030797
bass_2,s04,39,158,38,4,uro,4.564639,6.989307,2.30759
bass_2,s04,40,159,39,3,basi,3.829537,7.172452,2.359461
bass_2,s04,40,159,39,2,eye,4.979312,8.311098,3.431295
bass_2,s04,40,159,39,1,lj,3.0753,7.217619,2.473968
bass_2,s04,40,159,39,6,p2,7.834059798732158,6.441727873749522,2.289836457233791
bass_2,s04,40,159,39,6,pm,3.359141,8.786652,2.350288
bass_2,s04,40,159,39,8,quad,4.73150443144323,7.060393662373799,2.9008580642036152
bass_2,s04,40,159,39,7,so,5.409344,7.023236,3.063308
bass_2,s04,40,159,39,4,uro,4.544441,6.937747,2.310908
bass_2,s04,41,160,40,3,basi,3.791224,7.172683,2.375004
bass_2,s04,41,160,40,2,eye,4.944338,8.322587,3.443654
bass_2,s04,41,160,40,1,lj,3.031896,7.212652,2.485548
bass_2,s04,41,160,40,6,p2,7.804499590986691,6.433504410750088,2.290931576785405
bass_2,s04,41,160,40,6,pm,3.308222,8.788146,2.349913
bass_2,s04,41,160,40,8,quad,4.72839980681196,7.0638984397269935,2.9033098543022335
bass_2,s04,41,160,40,7,so,5.363525,7.026608,3.104746
bass_2,s04,41,160,40,4,uro,4.504589,6.909739,2.312202
bass_2,s04,42,161,41,3,basi,3.743597,7.163488,2.379477
bass_2,s04,42,161,41,2,eye,4.893576,8.326806,3.451186
bass_2,s04,42,161,41,1,lj,2.993623,7.184331,2.506101
bass_2,s04,42,161,41,6,p2,7.774818188818687,6.4251792592478765,2.292236083025939
bass_2,s04,42,161,41,6,pm,3.258206,8.788509,2.359801
bass_2,s04,42,161,41,8,quad,4.668664778889024,7.037384643557285,2.9485093184533127
bass_2,s04,42,161,41,7,so,5.316878,7.023143,3.143533
bass_2,s04,42,161,41,4,uro,4.468131,6.881992,2.302974
bass_2,s04,43,162,42,3,basi,3.656189,7.161174,2.37851
bass_2,s04,43,162,42,2,eye,4.877688,8.345527,3.457353
bass_2,s04,43,162,42,1,lj,2.947502,7.165606,2.548495
bass_2,s04,43,162,42,6,p2,7.745535863196182,6.417109229949624,2.2938755976261103
bass_2,s04,43,162,42,6,pm,3.238019,8.811732,2.363341
bass_2,s04,43,162,42,8,quad,4.584680161641718,7.045497104673664,3.008547012626193
bass_2,s04,43,162,42,7,so,5.268427,7.012693,3.182614
bass_2,s04,43,162,42,4,uro,4.425125,6.853897,2.304184
bass_2,s04,44,163,43,3,basi,3.559665,7.144526,2.402517
bass_2,s04,44,163,43,2,eye,4.844674,8.356813,3.470582
bass_2,s04,44,163,43,1,lj,2.915233,7.171696,2.559483
bass_2,s04,44,163,43,6,p2,7.716460189028682,6.409189520725322,2.2962158440322926
bass_2,s04,44,163,43,6,pm,3.206782,8.828431,2.367484
bass_2,s04,44,163,43,8,quad,4.564854670404162,7.043873392860057,3.06489772780383
bass_2,s04,44,163,43,7,so,5.199764,6.999664,3.224522
bass_2,s04,44,163,43,4,uro,4.405474,6.844566,2.299157
bass_2,s04,45,164,44,3,basi,3.487703,7.145468,2.433895
bass_2,s04,45,164,44,2,eye,4.791748,8.353033,3.493369
bass_2,s04,45,164,44,1,lj,2.887707,7.165616,2.582597
bass_2,s04,45,164,44,6,p2,7.687550010324767,6.401168145996179,2.2994557193948166
bass_2,s04,45,164,44,6,pm,3.161879,8.853555,2.391847
bass_2,s04,45,164,44,8,quad,4.548537050418039,7.064592966980009,3.0627331187593367
bass_2,s04,45,164,44,7,so,5.163382,6.991279,3.257564
bass_2,s04,45,164,44,4,uro,4.380058,6.82172,2.295271
bass_2,s04,46,165,45,3,basi,3.428453,7.138458,2.449366
bass_2,s04,46,165,45,2,eye,4.754663,8.372339,3.489837
bass_2,s04,46,165,45,1,lj,2.85164,7.161343,2.594631
bass_2,s04,46,165,45,6,p2,7.659059942124353,6.3931252350228736,2.302978118630471
bass_2,s04,46,165,45,6,pm,3.120361,8.861675,2.422139
bass_2,s04,46,165,45,8,quad,4.422077599871436,7.00411826282414,3.0799842238395962
bass_2,s04,46,165,45,7,so,5.120353,6.991109,3.296154
bass_2,s04,46,165,45,4,uro,4.372857,6.793333,2.318399
bass_2,s04,47,166,46,3,basi,3.404367,7.127775,2.469764
bass_2,s04,47,166,46,2,eye,4.726047,8.376464,3.49642
bass_2,s04,47,166,46,1,lj,2.80987,7.179055,2.604933
bass_2,s04,47,166,46,6,p2,7.630879728578607,6.385565366820183,2.307098650102951
bass_2,s04,47,166,46,6,pm,3.0902250000000002,8.881404,2.426079
bass_2,s04,47,166,46,8,quad,4.426234740872536,7.009111929955419,3.1407446312176854
bass_2,s04,47,166,46,7,so,5.06244,6.991174,3.340629
bass_2,s04,47,166,46,4,uro,4.366349,6.760238,2.325832
bass_2,s04,48,167,47,3,basi,3.376358,7.120605,2.49388
bass_2,s04,48,167,47,2,eye,4.697366,8.376326,3.512424
bass_2,s04,48,167,47,1,lj,2.751247,7.213461,2.621657
bass_2,s04,48,167,47,6,p2,7.603646097574966,6.3782022934277895,2.3114070910902775
bass_2,s04,48,167,47,6,pm,3.045928,8.888359,2.43586
bass_2,s04,48,167,47,8,quad,4.388286767737811,7.019056941751845,3.1427467975387717
bass_2,s04,48,167,47,7,so,5.022619,6.980325,3.373816
bass_2,s04,48,167,47,4,uro,4.341075,6.741283,2.347908
bass_2,s04,49,168,48,3,basi,3.342624,7.116088,2.521271
bass_2,s04,49,168,48,2,eye,4.674393,8.376014,3.528473
bass_2,s04,49,168,48,1,lj,2.711204,7.235647,2.64687
bass_2,s04,49,168,48,6,p2,7.5769780287320465,6.371948327157623,2.316053063922479
bass_2,s04,49,168,48,6,pm,3.001041,8.887645,2.461612
bass_2,s04,49,168,48,8,quad,4.310418531228713,7.048531395930758,3.1703374695327344
bass_2,s04,49,168,48,7,so,4.978411,6.977796,3.403542
bass_2,s04,49,168,48,4,uro,4.296391,6.736464,2.357975
bass_2,s04,50,169,49,3,basi,3.318775,7.112568,2.525059
bass_2,s04,50,169,49,2,eye,4.637072,8.375895,3.551456
bass_2,s04,50,169,49,1,lj,2.676036,7.264825,2.660755
bass_2,s04,50,169,49,6,p2,7.550949172880657,6.365642295207288,2.3214828544834667
bass_2,s04,50,169,49,6,pm,2.963912,8.883843,2.487767
bass_2,s04,50,169,49,8,quad,4.314081253422467,7.112289562790948,3.2283932664823825
bass_2,s04,50,169,49,7,so,4.939829,6.983128,3.43287
bass_2,s04,50,169,49,4,uro,4.25759,6.718409,2.358848
bass_2,s04,51,170,50,3,basi,3.296709,7.109808,2.533288
bass_2,s04,51,170,50,2,eye,4.600012,8.376172,3.557925
bass_2,s04,51,170,50,1,lj,2.630609,7.328556,2.672896
bass_2,s04,51,170,50,6,p2,7.525799839031556,6.360250561067498,2.326929315911741
bass_2,s04,51,170,50,6,pm,2.921866,8.874541,2.49292
bass_2,s04,51,170,50,8,quad,4.2403262709817895,7.078065498730084,3.2419191842272945
bass_2,s04,51,170,50,7,so,4.905697,6.986491,3.45059
bass_2,s04,51,170,50,4,uro,4.230428,6.714044,2.369441
bass_2,s04,52,171,51,3,basi,3.273314,7.113573,2.552932
bass_2,s04,52,171,51,2,eye,4.565732,8.376558,3.566895
bass_2,s04,52,171,51,1,lj,2.59947,7.349388,2.702073
bass_2,s04,52,171,51,6,p2,7.501103336744206,6.355612663022731,2.332342690064749
bass_2,s04,52,171,51,6,pm,2.890734,8.860757,2.524928
bass_2,s04,52,171,51,8,quad,4.2254959318426994,7.10360873798498,3.245417349508912
bass_2,s04,52,171,51,7,so,4.879022,6.991446,3.480011
bass_2,s04,52,171,51,4,uro,4.192966,6.70095,2.370129
bass_2,s04,53,172,52,3,basi,3.233237,7.121522,2.564237
bass_2,s04,53,172,52,2,eye,4.555753,8.37659,3.569075
bass_2,s04,53,172,52,1,lj,2.573048,7.371848,2.700201
bass_2,s04,53,172,52,6,p2,7.477821539697761,6.351867511070417,2.337230181382581
bass_2,s04,53,172,52,6,pm,2.876177,8.842353,2.583816
bass_2,s04,53,172,52,8,quad,4.247167441255169,7.123237103620661,3.247523386504524
bass_2,s04,53,172,52,7,so,4.841527,6.997438,3.497509
bass_2,s04,53,172,52,4,uro,4.181303,6.687164,2.365691
bass_2,s04,54,173,53,3,basi,3.211008,7.132226,2.5834259999999998
bass_2,s04,54,173,53,2,eye,4.520098,8.369553,3.580655
bass_2,s04,54,173,53,1,lj,2.549359,7.423567,2.7184720000000002
bass_2,s04,54,173,53,6,p2,7.455027360088589,6.348935402482201,2.3429150254458126
bass_2,s04,54,173,53,6,pm,2.84733,8.824069,2.590027
bass_2,s04,54,173,53,8,quad,4.187330765984304,7.124876204726071,3.303859280491071
bass_2,s04,54,173,53,7,so,4.82072,7.000343,3.51227
bass_2,s04,54,173,53,4,uro,4.155973,6.687507,2.370671
bass_2,s04,55,174,54,3,basi,3.17932,7.151161,2.586363
bass_2,s04,55,174,54,2,eye,4.470272,8.362521,3.591915
bass_2,s04,55,174,54,1,lj,2.533135,7.452102,2.730839
bass_2,s04,55,174,54,6,p2,7.432939251931278,6.346364665432802,2.348592514226928
bass_2,s04,55,174,54,6,pm,2.819168,8.797986,2.612091
bass_2,s04,55,174,54,8,quad,4.124070691376927,7.145890172110444,3.3271589951352114
bass_2,s04,55,174,54,7,so,4.796091,6.997308,3.530005
bass_2,s04,55,174,54,4,uro,4.129745,6.678789,2.392395
bass_2,s04,56,175,55,3,basi,3.1512,7.161772,2.593242
bass_2,s04,56,175,55,2,eye,4.450404,8.355515,3.594309
bass_2,s04,56,175,55,1,lj,2.514487,7.486308,2.74995
bass_2,s04,56,175,55,6,p2,7.411508140394841,6.344756331147938,2.3534964058076016
bass_2,s04,56,175,55,6,pm,2.797892,8.760128,2.624619
bass_2,s04,56,175,55,8,quad,4.189471896798509,7.1681666058649585,3.294961485554275
bass_2,s04,56,175,55,7,so,4.768825,6.997651,3.53873
bass_2,s04,56,175,55,4,uro,4.104423,6.67914,2.397377
bass_2,s04,57,176,56,3,basi,3.137487,7.169681,2.605114
bass_2,s04,57,176,56,2,eye,4.436415,8.333515,3.59726
bass_2,s04,57,176,56,1,lj,2.498547,7.508545,2.769417
bass_2,s04,57,176,56,6,p2,7.390991912943527,6.343628145679136,2.358667512769348
bass_2,s04,57,176,56,6,pm,2.774557,8.725169,2.636761
bass_2,s04,57,176,56,8,quad,4.098356410685872,7.128082478222997,3.3593315920790987
bass_2,s04,57,176,56,7,so,4.747196,6.989919,3.541871
bass_2,s04,57,176,56,4,uro,4.07602,6.674791,2.397296
bass_2,s04,58,177,57,3,basi,3.118291,7.173437,2.608664
bass_2,s04,58,177,57,2,eye,4.418204,8.311939,3.595554
bass_2,s04,58,177,57,1,lj,2.483129,7.518988,2.792795
bass_2,s04,58,177,57,6,p2,7.371321980923815,6.343071372357579,2.3632200563346455
bass_2,s04,58,177,57,6,pm,2.74805,8.689801,2.653992
bass_2,s04,58,177,57,8,quad,4.081925470888999,7.12674206141842,3.345800096244478
bass_2,s04,58,177,57,7,so,4.726602,6.98205,3.548015
bass_2,s04,58,177,57,4,uro,4.053996,6.665522,2.413516
bass_2,s04,59,178,58,3,basi,3.096964,7.17232,2.640119
bass_2,s04,59,178,58,2,eye,4.377151,8.302314,3.588599
bass_2,s04,59,178,58,1,lj,2.473432,7.546206,2.815361
bass_2,s04,59,178,58,6,p2,7.351960208065362,6.342557694080473,2.368197340366429
bass_2,s04,59,178,58,6,pm,2.723884,8.644978,2.677161
bass_2,s04,59,178,58,8,quad,4.068615602465058,7.140308994708107,3.2997954118284802
bass_2,s04,59,178,58,7,so,4.716073,6.973803,3.55419
bass_2,s04,59,178,58,4,uro,4.028135,6.666044,2.429203
bass_2,s04,60,179,59,3,basi,3.080274,7.172269,2.655974
bass_2,s04,60,179,59,2,eye,4.353308,8.287709,3.583918
bass_2,s04,60,179,59,1,lj,2.466648,7.552466,2.822318
bass_2,s04,60,179,59,6,p2,7.333071496580022,6.342248426951991,2.3730266445159667
bass_2,s04,60,179,59,6,pm,2.704802,8.615518,2.704684
bass_2,s04,60,179,59,8,quad,4.089335783307432,7.083495740359861,3.3794899155181186
bass_2,s04,60,179,59,7,so,4.704671,6.965254,3.569335
bass_2,s04,60,179,59,4,uro,3.998319,6.661361,2.434249
bass_2,s04,61,180,60,3,basi,3.064495,7.166257,2.659956
bass_2,s04,61,180,60,2,eye,4.340642,8.280403,3.583944
bass_2,s04,61,180,60,1,lj,2.461651,7.569141,2.831831
bass_2,s04,61,180,60,6,p2,7.31460782374133,6.341985539135928,2.3772839263737495
bass_2,s04,61,180,60,6,pm,2.685864,8.583214,2.727114
bass_2,s04,61,180,60,8,quad,4.048083866539546,7.129491811740867,3.3588403268903875
bass_2,s04,61,180,60,7,so,4.685038,6.962677,3.581277
bass_2,s04,61,180,60,4,uro,3.969343,6.657086,2.450139
bass_2,s04,62,181,61,3,basi,3.058175,7.170843,2.675716
bass_2,s04,62,181,61,2,eye,4.332262,8.266114,3.584532
bass_2,s04,62,181,61,1,lj,2.456586,7.585956,2.848517
bass_2,s04,62,181,61,6,p2,7.29671906928258,6.3416906378796405,2.38148793815333
bass_2,s04,62,181,61,6,pm,2.667652,8.532017,2.75055
bass_2,s04,62,181,61,8,quad,3.980652811139663,7.140352912872657,3.3511331373927806
bass_2,s04,62,181,61,7,so,4.672425,6.954645,3.584455
bass_2,s04,62,181,61,4,uro,3.939086,6.652787,2.455353
bass_2,s04,63,182,62,3,basi,3.035862,7.160894,2.691761
bass_2,s04,63,182,62,2,eye,4.309664,8.255618,3.584717
bass_2,s04,63,182,62,1,lj,2.452281,7.585629,2.862433
bass_2,s04,63,182,62,6,p2,7.278959352111065,6.341114754810731,2.385583117341591
bass_2,s04,63,182,62,6,pm,2.649711,8.474563,2.774281
bass_2,s04,63,182,62,8,quad,4.028845933967614,7.153867816928178,3.3352585833044377
bass_2,s04,63,182,62,7,so,4.665712,6.951555,3.599467
bass_2,s04,63,182,62,4,uro,3.91884,6.65304,2.460384
bass_2,s04,64,183,63,3,basi,3.021456,7.152615,2.712852
bass_2,s04,64,183,63,2,eye,4.292801,8.244443,3.587073
bass_2,s04,64,183,63,1,lj,2.441264,7.591539,2.872686
bass_2,s04,64,183,63,6,p2,7.261512997731224,6.3400018795384865,2.39006913558741
bass_2,s04,64,183,63,6,pm,2.637811,8.439145,2.791539
bass_2,s04,64,183,63,8,quad,4.1262756040830375,7.104404295838073,3.3908792034294417
bass_2,s04,64,183,63,7,so,4.662855,6.943289,3.602735
bass_2,s04,64,183,63,4,uro,3.891816,6.643879,2.476526
bass_2,s04,65,184,64,3,basi,3.003413,7.142446,2.732909
bass_2,s04,65,184,64,2,eye,4.264793,8.215617,3.587876
bass_2,s04,65,184,64,1,lj,2.437023,7.590937,2.882916
bass_2,s04,65,184,64,6,p2,7.244003453897518,6.338300736945661,2.39429671846343
bass_2,s04,65,184,64,6,pm,2.613827,8.39375,2.830103
bass_2,s04,65,184,64,8,quad,4.0460162233877055,7.120118974554107,3.395885467841742
bass_2,s04,65,184,64,7,so,4.65461,6.932379,3.599953
bass_2,s04,65,184,64,4,uro,3.862828,6.63952,2.497678
bass_2,s04,66,185,65,3,basi,2.985508,7.146735,2.752336
bass_2,s04,66,185,65,2,eye,4.242003,8.21994,3.587539
bass_2,s04,66,185,65,1,lj,2.43278,7.589814,2.907063
bass_2,s04,66,185,65,6,p2,7.226798345785677,6.3362110827105305,2.398489924148591
bass_2,s04,66,185,65,6,pm,2.605144,8.370497,2.846464
bass_2,s04,66,185,65,8,quad,4.031237932848984,7.110960828450177,3.4559225414870554
bass_2,s04,66,185,65,7,so,4.650526,6.913412,3.600686
bass_2,s04,66,185,65,4,uro,3.847698,6.634855,2.508327
bass_2,s04,67,186,66,3,basi,2.961074,7.146436,2.767895
bass_2,s04,67,186,66,2,eye,4.232297,8.204774,3.592416
bass_2,s04,67,186,66,1,lj,2.428418,7.590021,2.917716
bass_2,s04,67,186,66,6,p2,7.210036432956185,6.333594715845749,2.4027803123914513
bass_2,s04,67,186,66,6,pm,2.602076,8.354201,2.868286
bass_2,s04,67,186,66,8,quad,4.054679195095246,7.052250499862349,3.445105162092701
bass_2,s04,67,186,66,7,so,4.649511,6.907983,3.600894
bass_2,s04,67,186,66,4,uro,3.83084,6.625634,2.519308
bass_2,s04,68,187,67,3,basi,2.945458,7.136126,2.796032
bass_2,s04,68,187,67,2,eye,4.232441,8.193557,3.595128
bass_2,s04,68,187,67,1,lj,2.422464,7.578103,2.939077
bass_2,s04,68,187,67,6,p2,7.193707011396145,6.330587494989835,2.4069964451376236
bass_2,s04,68,187,67,6,pm,2.591457,8.338045,2.884652
bass_2,s04,68,187,67,8,quad,4.015115908558353,7.090595583991214,3.4452037130038846
bass_2,s04,68,187,67,7,so,4.639332,6.905233,3.600776
bass_2,s04,68,187,67,4,uro,3.827089,6.625772,2.529929
bass_2,s04,69,188,68,3,basi,2.916537,7.160782,2.819046
bass_2,s04,69,188,68,2,eye,4.221146,8.182877,3.600222
bass_2,s04,69,188,68,1,lj,2.413693,7.583171,2.9525
bass_2,s04,69,188,68,6,p2,7.17782423989845,6.326761339514956,2.4114616414025867
bass_2,s04,69,188,68,6,pm,2.59242,8.312383,2.896366
bass_2,s04,69,188,68,8,quad,4.041638154132608,7.0460793877377075,3.3954918923756163
bass_2,s04,69,188,68,7,so,4.636344,6.88345,3.601599
bass_2,s04,69,188,68,4,uro,3.80194,6.616466,2.546007
bass_2,s04,70,189,69,3,basi,2.907283,7.139209,2.831995
bass_2,s04,70,189,69,2,eye,4.201407,8.167686,3.614338
bass_2,s04,70,189,69,1,lj,2.40574,7.566747,2.964027
bass_2,s04,70,189,69,6,p2,7.16213510892522,6.322412024321623,2.4156971859430723
bass_2,s04,70,189,69,6,pm,2.580474,8.299806,2.907402
bass_2,s04,70,189,69,8,quad,3.9978851362572247,7.042857231202827,3.4280821254442544
bass_2,s04,70,189,69,7,so,4.6332,6.878162,3.601829
bass_2,s04,70,189,69,4,uro,3.781318,6.592414,2.552125
bass_2,s04,71,190,70,3,basi,2.901057,7.128559,2.848625
bass_2,s04,71,190,70,2,eye,4.185981,8.156656,3.616782
bass_2,s04,71,190,70,1,lj,2.397087,7.567153,2.974689
bass_2,s04,71,190,70,6,p2,7.147498214181076,6.318118032192704,2.4200442522677386
bass_2,s04,71,190,70,6,pm,2.573775,8.277424,2.913496
bass_2,s04,71,190,70,8,quad,4.005633561759082,7.060705764421076,3.4658952780872054
bass_2,s04,71,190,70,7,so,4.625865,6.869647,3.610947
bass_2,s04,71,190,70,4,uro,3.760396,6.602447,2.562032
bass_2,s04,72,191,71,3,basi,2.89241,7.117924,2.861145
bass_2,s04,72,191,71,2,eye,4.183213,8.148893,3.62391
bass_2,s04,72,191,71,1,lj,2.393086,7.560945,2.985199
bass_2,s04,72,191,71,6,p2,7.133395331080719,6.3131360427219745,2.4241425386426965
bass_2,s04,72,191,71,6,pm,2.574379,8.261212,2.924699
bass_2,s04,72,191,71,8,quad,4.007114261818803,7.029314485753205,3.475728107946153
bass_2,s04,72,191,71,7,so,4.61549,6.86444,3.60499
bass_2,s04,72,191,71,4,uro,3.752232,6.592707,2.578226
bass_2,s04,73,192,72,3,basi,2.888384,7.092794,2.870252
bass_2,s04,73,192,72,2,eye,4.179206,8.130738,3.624626
bass_2,s04,73,192,72,1,lj,2.39091,7.560988,2.992266
bass_2,s04,73,192,72,6,p2,7.120699338072493,6.308138307983433,2.4279994829511806
bass_2,s04,73,192,72,6,pm,2.566465,8.2385,2.941225
bass_2,s04,73,192,72,8,quad,3.9936142997873683,7.0144923804005,3.4144507058279476
bass_2,s04,73,192,72,7,so,4.61344,6.856336,3.605309
bass_2,s04,73,192,72,4,uro,3.745318,6.592871,2.583474
bass_2,s04,74,193,73,3,basi,2.883876,7.081888,2.874601
bass_2,s04,74,193,73,2,eye,4.17634,8.12647,3.636256
bass_2,s04,74,193,73,1,lj,2.383027,7.544175,3.003564
bass_2,s04,74,193,73,6,p2,7.108209696938936,6.302773817955821,2.431752926970381
bass_2,s04,74,193,73,6,pm,2.564633,8.222127,2.962908
bass_2,s04,74,193,73,8,quad,3.9603233190799942,7.000219167313861,3.414631129119292
bass_2,s04,74,193,73,7,so,4.612428,6.850909,3.605517
bass_2,s04,74,193,73,4,uro,3.734879,6.583749,2.59991
bass_2,s04,75,194,74,3,basi,2.872142,7.060527,2.879413
bass_2,s04,75,194,74,2,eye,4.173575,8.118713,3.643377
bass_2,s04,75,194,74,1,lj,2.381383,7.532478,3.014452
bass_2,s04,75,194,74,6,p2,7.0968461151748885,6.297261173693185,2.43555922539756
bass_2,s04,75,194,74,6,pm,2.552102,8.205232,2.98938
bass_2,s04,75,194,74,8,quad,3.95850283185006,7.055937818038191,3.4118740872974507
bass_2,s04,75,194,74,7,so,4.613539,6.842523,3.608802
bass_2,s04,75,194,74,4,uro,3.725166,6.58329,2.610109
bass_2,s04,76,195,75,3,basi,2.870025,7.049291,2.899828
bass_2,s04,76,195,75,2,eye,4.17077,8.115247,3.643554
bass_2,s04,76,195,75,1,lj,2.377859,7.515075,3.025511
bass_2,s04,76,195,75,6,p2,7.086377288323356,6.291768505376706,2.439082968009177
bass_2,s04,76,195,75,6,pm,2.546997,8.192366,3.000349
bass_2,s04,76,195,75,8,quad,3.991480142228169,7.001375084430555,3.4931950480676113
bass_2,s04,76,195,75,7,so,4.606785,6.82608,3.615331
bass_2,s04,76,195,75,4,uro,3.713354,6.573913,2.626381
bass_2,s04,77,196,76,3,basi,2.853911,7.035173,2.91639
bass_2,s04,77,196,76,2,eye,4.167984,8.107631,3.65074
bass_2,s04,77,196,76,1,lj,2.371215,7.520508,3.032082
bass_2,s04,77,196,76,6,p2,7.076823092717046,6.286060424565672,2.442732745217735
bass_2,s04,77,196,76,6,pm,2.542986,8.182231,3.016292
bass_2,s04,77,196,76,8,quad,3.9536970204278727,7.002277087945868,3.4395305040992485
bass_2,s04,77,196,76,7,so,4.601053,6.81788,3.618554
bass_2,s04,77,196,76,4,uro,3.702857,6.569622,2.637267
bass_2,s04,78,197,77,3,basi,2.847732,7.02479,2.924989
bass_2,s04,78,197,77,2,eye,4.163769,8.099891,3.660197
bass_2,s04,78,197,77,1,lj,2.367696,7.502986,3.046605
bass_2,s04,78,197,77,6,p2,7.068365644114106,6.280433543872048,2.446298709359924
bass_2,s04,78,197,77,6,pm,2.537515,8.178778,3.026788
bass_2,s04,78,197,77,8,quad,3.940068239260715,7.038601686318645,3.4312182196447756
bass_2,s04,78,197,77,7,so,4.601072,6.812317,3.621747
bass_2,s04,78,197,77,4,uro,3.676725,6.564334,2.652657
bass_2,s04,79,198,78,3,basi,2.842846,7.024353,2.932753
bass_2,s04,79,198,78,2,eye,4.15686,8.088966,3.660497
bass_2,s04,79,198,78,1,lj,2.360519,7.520028,3.05284
bass_2,s04,79,198,78,6,p2,7.060591094812123,6.274850092730366,2.4499979997784505
bass_2,s04,79,198,78,6,pm,2.527919,8.169068,3.037496
bass_2,s04,79,198,78,8,quad,3.9679859617605686,7.024664908276904,3.4349710609249873
bass_2,s04,79,198,78,7,so,4.591973,6.806673,3.624708
bass_2,s04,79,198,78,4,uro,3.67318,6.559978,2.653032
bass_2,s04,80,199,79,3,basi,2.837911,7.017326,2.941106
bass_2,s04,80,199,79,2,eye,4.152595,8.088693,3.664999
bass_2,s04,80,199,79,1,lj,2.358643,7.513941,3.063436
bass_2,s04,80,199,79,6,p2,7.053617696142922,6.269045759316357,2.4539212831684165
bass_2,s04,80,199,79,6,pm,2.528291,8.159668,3.037956
bass_2,s04,80,199,79,8,quad,3.9508603208828843,6.973753576164042,3.4748677190382073
bass_2,s04,80,199,79,7,so,4.586031,6.793206,3.625195
bass_2,s04,80,199,79,4,uro,3.661617,6.546186,2.653791
bass_2,s04,81,200,80,3,basi,2.827252,7.01803,2.949322
bass_2,s04,81,200,80,2,eye,4.151264,8.08107,3.669836
bass_2,s04,81,200,80,1,lj,2.354832,7.502438,3.077891
bass_2,s04,81,200,80,6,p2,7.047485326266733,6.2634643690918335,2.457901033100896
bass_2,s04,81,200,80,6,pm,2.527572,8.147297,3.038625
bass_2,s04,81,200,80,8,quad,3.9402882048130135,6.971679051592506,3.4956525870016697
bass_2,s04,81,200,80,7,so,4.585022,6.787783,3.625402
bass_2,s04,81,200,80,4,uro,3.64505,6.54598,2.663963
bass_2,s04,82,201,81,3,basi,2.829721,7.024621,2.952829
bass_2,s04,82,201,81,2,eye,4.138535,8.06986,3.684058
bass_2,s04,82,201,81,1,lj,2.350721,7.497448,3.078392
bass_2,s04,82,201,81,6,p2,7.042237610859348,6.257862679350326,2.4624209180041023
bass_2,s04,82,201,81,6,pm,2.529034,8.140626,3.044059
bass_2,s04,82,201,81,8,quad,3.9440789919801005,6.992781323723271,3.498442996719844
bass_2,s04,82,201,81,7,so,4.583122,6.784823,3.63444
bass_2,s04,82,201,81,4,uro,3.641842,6.545884,2.663852
bass_2,s04,83,202,82,3,basi,2.829721,7.024621,2.952829
bass_2,s04,83,202,82,2,eye,4.131638,8.054452,3.695905
bass_2,s04,83,202,82,1,lj,2.348606,7.497214,3.081759
bass_2,s04,83,202,82,6,p2,7.037447440826204,6.252200577251676,2.466982533292349
bass_2,s04,83,202,82,6,pm,2.529034,8.140626,3.044059
bass_2,s04,83,202,82,8,quad,3.978216049793466,7.013821699071759,3.497022035925517
bass_2,s04,83,202,82,7,so,4.584215,6.782004,3.634525
bass_2,s04,83,202,82,4,uro,3.634605,6.541802,2.669586
bass_2,s04,84,203,83,3,basi,2.823165,7.024809,2.960875
bass_2,s04,84,203,83,2,eye,4.127433,8.046727,3.705344
bass_2,s04,84,203,83,1,lj,2.346494,7.496729,3.092074
bass_2,s04,84,203,83,6,p2,7.033165663588433,6.246389439360705,2.471692602394881
bass_2,s04,84,203,83,6,pm,2.520784,8.127392,3.060034
bass_2,s04,84,203,83,8,quad,3.9590369342220226,6.944299201599001,3.490356428636495
bass_2,s04,84,203,83,7,so,4.58217,6.773908,3.634839
bass_2,s04,84,203,83,4,uro,3.626655,6.54595,2.674183
bass_2,s04,85,204,84,3,basi,2.824521,7.024529,2.964806
bass_2,s04,85,204,84,2,eye,4.128878,8.038955,3.714884
bass_2,s04,85,204,84,1,lj,2.346733,7.491134,3.092347
bass_2,s04,85,204,84,6,p2,7.0293021589236515,6.240769435526694,2.476888431074178
bass_2,s04,85,204,84,6,pm,2.523098,8.118552,3.055514
bass_2,s04,85,204,84,8,quad,3.9538787409432192,6.926698788679342,3.488292039522212
bass_2,s04,85,204,84,7,so,4.580327,6.765457,3.644067
bass_2,s04,85,204,84,4,uro,3.626462,6.550473,2.684426
bass_2,s04,86,205,85,3,basi,2.822994,7.027895,2.976654
bass_2,s04,86,205,85,2,eye,4.118921,8.03102,3.733537
bass_2,s04,86,205,85,1,lj,2.34358,7.463524,3.100879
bass_2,s04,86,205,85,6,p2,7.025765014993915,6.234702104547386,2.4822223615451744
bass_2,s04,86,205,85,6,pm,2.523469,8.108916,3.061152
bass_2,s04,86,205,85,8,quad,3.948564063202721,6.911029413568489,3.499960050230014
bass_2,s04,86,205,85,7,so,4.580391,6.762775,3.641169
bass_2,s04,86,205,85,4,uro,3.637506,6.551134,2.679665
bass_2,s04,87,206,86,3,basi,2.822983,7.027786,2.980644
bass_2,s04,87,206,86,2,eye,4.114843,8.019914,3.736147
bass_2,s04,87,206,86,1,lj,2.34382,7.457808,3.104621
bass_2,s04,87,206,86,6,p2,7.022370355793064,6.228784265634394,2.4878089902046705
bass_2,s04,87,206,86,6,pm,2.518506,8.093193,3.067053
bass_2,s04,87,206,86,8,quad,3.9321565078459035,6.936263639899396,3.471265951924831
bass_2,s04,87,206,86,7,so,4.57114,6.76243,3.652912
bass_2,s04,87,206,86,4,uro,3.62769,6.550373,2.705625
bass_2,s04,88,207,87,3,basi,2.82346,7.013386,2.993333
bass_2,s04,88,207,87,2,eye,4.112049,8.012224,3.745617
bass_2,s04,88,207,87,1,lj,2.343827,7.457196,3.121976
bass_2,s04,88,207,87,6,p2,7.019136904024755,6.2227145519467255,2.493617471804436
bass_2,s04,88,207,87,6,pm,2.512571,8.082783,3.082742
bass_2,s04,88,207,87,8,quad,3.9860133789986816,6.942922533378192,3.469857445609296
bass_2,s04,88,207,87,7,so,4.569884,6.751682,3.653378
bass_2,s04,88,207,87,4,uro,3.622208,6.550919,2.705778
bass_2,s04,89,208,88,3,basi,2.82346,7.013386,2.993333
bass_2,s04,89,208,88,2,eye,4.107807,8.008546,3.750371
bass_2,s04,89,208,88,1,lj,2.33978,7.451677,3.125723
bass_2,s04,89,208,88,6,p2,7.015935613287184,6.216352827812699,2.4995754552855276
bass_2,s04,89,208,88,6,pm,2.511726,8.072846,3.098783
bass_2,s04,89,208,88,8,quad,3.945420165096576,6.950374456466724,3.4657867247169993
bass_2,s04,89,208,88,7,so,4.571163,6.738006,3.64786
bass_2,s04,89,208,88,4,uro,3.607197,6.559847,2.720619
bass_2,s04,90,209,89,3,basi,2.826193,7.0130420000000004,2.993217
bass_2,s04,90,209,89,2,eye,4.107951,7.997273,3.755348
bass_2,s04,90,209,89,1,lj,2.33621,7.435099,3.126536
bass_2,s04,90,209,89,6,p2,7.012794230867549,6.210194024740627,2.5056643663861937
bass_2,s04,90,209,89,6,pm,2.511851,8.069717,3.098932
bass_2,s04,90,209,89,8,quad,3.882323069404055,6.912478686225204,3.4801429399872017
bass_2,s04,90,209,89,7,so,4.573897,6.73,3.64227
bass_2,s04,90,209,89,4,uro,3.598876,6.559641,2.730966
bass_2,s04,91,210,90,3,basi,2.82631,7.009416,2.997386
bass_2,s04,91,210,90,2,eye,4.098147,7.994045,3.75075
bass_2,s04,91,210,90,1,lj,2.33621,7.435099,3.126536
bass_2,s04,91,210,90,6,p2,7.009284191520178,6.2035484866880175,2.5119330455524453
bass_2,s04,91,210,90,6,pm,2.512346,8.056496,3.115056
bass_2,s04,91,210,90,8,quad,3.9607291027277505,6.9306367858530855,3.5196731334016573
bass_2,s04,91,210,90,7,so,4.576169,6.716125,3.64273
bass_2,s04,91,210,90,4,uro,3.598764,6.559352,2.74675
bass_2,s04,92,211,91,3,basi,2.824896,7.003006,2.998027
bass_2,s04,92,211,91,2,eye,4.091266,7.982898,3.753266
bass_2,s04,92,211,91,1,lj,2.334339,7.429157,3.133635
bass_2,s04,92,211,91,6,p2,7.006024084663519,6.1971015621381165,2.518189324628284
bass_2,s04,92,211,91,6,pm,2.512468,8.052899,3.125556
bass_2,s04,92,211,91,8,quad,3.9168437660691175,6.898719739021523,3.4638851455042325
bass_2,s04,92,211,91,7,so,4.573406,6.708002,3.639994
bass_2,s04,92,211,91,4,uro,3.595074,6.559624,2.752114
bass_2,s04,93,212,92,3,basi,2.83124,6.999429,3.002352
bass_2,s04,93,212,92,2,eye,4.088437,7.98275,3.755489
bass_2,s04,93,212,92,1,lj,2.334578,7.423567,3.133902
bass_2,s04,93,212,92,6,p2,7.002747486343642,6.1908326982067505,2.52469684735256
bass_2,s04,93,212,92,6,pm,2.514054,8.04312,3.131115
bass_2,s04,93,212,92,8,quad,3.925472885341799,6.921432491384595,3.481014991245232
bass_2,s04,93,212,92,7,so,4.576686,6.699546,3.64025
bass_2,s04,93,212,92,4,uro,3.585953,6.55555,2.768426
bass_2,s04,94,213,93,3,basi,2.837202,7.006403,3.006143
bass_2,s04,94,213,93,2,eye,4.092859,7.97185,3.753663
bass_2,s04,94,213,93,1,lj,2.334817,7.417978,3.134169
bass_2,s04,94,213,93,6,p2,6.999323878124247,6.184477856037303,2.530893995862989
bass_2,s04,94,213,93,6,pm,2.513339,8.030775,3.13176
bass_2,s04,94,213,93,8,quad,3.911896755580852,6.93908158773724,3.5342331305105437
bass_2,s04,94,213,93,7,so,4.574672,6.688706,3.64066
bass_2,s04,94,213,93,4,uro,3.578865,6.560238,2.783941
bass_2,s04,95,214,94,3,basi,2.841289,7.005784,3.009957
bass_2,s04,95,214,94,2,eye,4.086007,7.960558,3.756105
bass_2,s04,95,214,94,1,lj,2.333127,7.406864,3.141754
bass_2,s04,95,214,94,6,p2,6.995698808691017,6.1784426652014695,2.5374292445259057
bass_2,s04,95,214,94,6,pm,2.516013,8.023963,3.137112
bass_2,s04,95,214,94,8,quad,3.9141062462325245,6.890237410619696,3.4868759037384267
bass_2,s04,95,214,94,7,so,4.572699,6.680732,3.634997
bass_2,s04,95,214,94,4,uro,3.569834,6.569811,2.799255
bass_2,s04,96,215,95,3,basi,2.838397,7.009321,3.021864
bass_2,s04,96,215,95,2,eye,4.084641,7.956988,3.756251
bass_2,s04,96,215,95,1,lj,2.33337,7.400919,3.152421
bass_2,s04,96,215,95,6,p2,6.9921676480764505,6.172369674873379,2.543738229353641
bass_2,s04,96,215,95,6,pm,2.519411,8.017863,3.137555
bass_2,s04,96,215,95,8,quad,3.9097309005803744,6.910469693591938,3.5212249058833214
bass_2,s04,96,215,95,7,so,4.576358,6.675215,3.638274
bass_2,s04,96,215,95,4,uro,3.564643,6.574503,2.804198
bass_2,s04,97,216,96,3,basi,2.840258,6.9949769999999996,3.026502
bass_2,s04,97,216,96,2,eye,4.087769,7.938344,3.759163
bass_2,s04,97,216,96,1,lj,2.329151,7.40046,3.15914
bass_2,s04,97,216,96,6,p2,6.988822509354679,6.166671853050794,2.550146243566119
bass_2,s04,97,216,96,6,pm,2.522931,8.008637,3.138146
bass_2,s04,97,216,96,8,quad,3.9117008370627313,6.851161638394048,3.466893366515527
bass_2,s04,97,216,96,7,so,4.579446,6.658742,3.635904
bass_2,s04,97,216,96,4,uro,3.556763,6.573826,2.814327
bass_2,s04,98,217,97,3,basi,2.84034,6.991037,3.042632
bass_2,s04,98,217,97,2,eye,4.094898,7.934487,3.759357
bass_2,s04,98,217,97,1,lj,2.333493,7.399851,3.15891
bass_2,s04,98,217,97,6,p2,6.985512721514876,6.161227148583065,2.5562931335995653
bass_2,s04,98,217,97,6,pm,2.522459,8.001905,3.138173
bass_2,s04,98,217,97,8,quad,3.9814529699957686,6.89585921693921,3.4706825783649755
bass_2,s04,98,217,97,7,so,4.58051,6.65867,3.635892
bass_2,s04,98,217,97,4,uro,3.549903,6.574098,2.814319
bass_2,s04,99,218,98,3,basi,2.839891,6.994789,3.05066
bass_2,s04,99,218,98,2,eye,4.09662,7.915822,3.762223
bass_2,s04,99,218,98,1,lj,2.327458,7.389591,3.159784
bass_2,s04,99,218,98,6,p2,6.982340070254428,6.156211655352774,2.5624344861176556
bass_2,s04,99,218,98,6,pm,2.528281,7.995481,3.138502
bass_2,s04,99,218,98,8,quad,3.9621693411916876,6.845663073628997,3.4886102894742472
bass_2,s04,99,218,98,7,so,4.58958,6.64736,3.636315
bass_2,s04,99,218,98,4,uro,3.550305,6.573526,2.81936
bass_2,s04,100,219,99,3,basi,2.837417,6.994255,3.066507
bass_2,s04,100,219,99,2,eye,4.096745,7.908443,3.762457
bass_2,s04,100,219,99,1,lj,2.329629,7.389287,3.159668
bass_2,s04,100,219,99,6,p2,6.9791819483292965,6.15125762950135,2.56813370922213
bass_2,s04,100,219,99,6,pm,2.528274,7.994794,3.154012
bass_2,s04,100,219,99,8,quad,3.9294019204184822,6.890072758296398,3.527012127391449
bass_2,s04,100,219,99,7,so,4.595691,6.647148,3.63333
bass_2,s04,100,219,99,4,uro,3.550234,6.573331,2.829891
bass_2,s04,101,220,100,3,basi,2.840492,6.983056,3.078875
bass_2,s04,101,220,100,2,eye,4.098127,7.908371,3.764808
bass_2,s04,101,220,100,1,lj,2.325411,7.388828,3.166386
bass_2,s04,101,220,100,6,p2,6.976277550869207,6.146721482456393,2.573757901907667
bass_2,s04,101,220,100,6,pm,2.529604,7.990819,3.169609
bass_2,s04,101,220,100,8,quad,3.935237901712807,6.8559380913346475,3.506451600480306
bass_2,s04,101,220,100,7,so,4.603758,6.633223,3.63088
bass_2,s04,101,220,100,4,uro,3.553338,6.573139,2.845803
bass_2,s04,102,221,101,3,basi,2.844952,6.9719,3.083205
bass_2,s04,102,221,101,2,eye,4.101208,7.889543,3.772326
bass_2,s04,102,221,101,1,lj,2.325417,7.388355,3.180251
bass_2,s04,102,221,101,6,p2,6.973537814497743,6.142513853336444,2.578968399123407
bass_2,s04,102,221,101,6,pm,2.527671,7.97819,3.180636
bass_2,s04,102,221,101,8,quad,4.0014366726791275,6.8056664451215765,3.5029383606151545
bass_2,s04,102,221,101,7,so,4.606813,6.619495,3.628418
bass_2,s04,102,221,101,4,uro,3.553338,6.573139,2.845803
bass_2,s04,103,222,102,3,basi,2.864147,6.964361,3.091776
bass_2,s04,103,222,102,2,eye,4.101245,7.882025,3.779547
bass_2,s04,103,222,102,1,lj,2.325902,7.376715,3.194636
bass_2,s04,103,222,102,6,p2,6.971086930740885,6.138539352031615,2.5839632989851937
bass_2,s04,103,222,102,6,pm,2.527075,7.962282,3.191744
bass_2,s04,103,222,102,8,quad,3.954800250035186,6.880740427045662,3.5239730707234167
bass_2,s04,103,222,102,7,so,4.61457,6.60853,3.622959
bass_2,s04,103,222,102,4,uro,3.556442,6.572946,2.861717
bass_2,s04,104,223,103,3,basi,2.87615,6.952779,3.108164
bass_2,s04,104,223,103,2,eye,4.105472,7.870276,3.798467
bass_2,s04,104,223,103,1,lj,2.332357,7.375746,3.208377
bass_2,s04,104,223,103,6,p2,6.968737132449372,6.134811652629682,2.588357012868375
bass_2,s04,104,223,103,6,pm,2.529871,7.952587,3.192057
bass_2,s04,104,223,103,8,quad,4.005737422748874,6.790435324865052,3.524438122379248
bass_2,s04,104,223,103,7,so,4.623417,6.594746,3.61759
bass_2,s04,104,223,103,4,uro,3.55637,6.57275,2.87225
bass_2,s04,105,224,104,3,basi,2.904254,6.938587,3.109362
bass_2,s04,105,224,104,2,eye,4.103989,7.869873,3.807645
bass_2,s04,105,224,104,1,lj,2.338931,7.370148,3.219354
bass_2,s04,105,224,104,6,p2,6.966605580344432,6.131528250415264,2.5922218835455246
bass_2,s04,105,224,104,6,pm,2.533384,7.943148,3.197801
bass_2,s04,105,224,104,8,quad,3.9870455808973086,6.779871197421094,3.471239091970999
bass_2,s04,105,224,104,7,so,4.624175,6.586484,3.623905
bass_2,s04,105,224,104,4,uro,3.553123,6.572551,2.877401
bass_2,s04,106,225,105,3,basi,2.904623,6.928055,3.10987
bass_2,s04,106,225,105,2,eye,4.102549,7.861723,3.826267
bass_2,s04,106,225,105,1,lj,2.350082,7.357897,3.244214
bass_2,s04,106,225,105,6,p2,6.964558294382779,6.1284062235440615,2.59578872584234
bass_2,s04,106,225,105,6,pm,2.539794,7.94033,3.198244
bass_2,s04,106,225,105,8,quad,4.002909740700311,6.80662670866902,3.526685151223785
bass_2,s04,106,225,105,7,so,4.624283,6.586647,3.61496
bass_2,s04,106,225,105,4,uro,3.554801,6.571974,2.898415
bass_2,s04,107,226,106,3,basi,2.912614,6.923878,3.113906
bass_2,s04,107,226,106,2,eye,4.095558,7.850272,3.840353
bass_2,s04,107,226,106,1,lj,2.361114,7.34625,3.276439
bass_2,s04,107,226,106,6,p2,6.962899961759399,6.125400934493409,2.598863866365386
bass_2,s04,107,226,106,6,pm,2.544637,7.927385,3.209233
bass_2,s04,107,226,106,8,quad,4.021469091491231,6.769560908796553,3.5532122964347126
bass_2,s04,107,226,106,7,so,4.63042,6.583689,3.61208
bass_2,s04,107,226,106,4,uro,3.554851,6.567084,2.909198
bass_2,s04,108,227,107,3,basi,2.921302,6.919914,3.138244
bass_2,s04,108,227,107,2,eye,4.094302,7.842974,3.838226
bass_2,s04,108,227,107,1,lj,2.363517,7.340374,3.276572
bass_2,s04,108,227,107,6,p2,6.961556823993273,6.122491059764448,2.6016679597594807
bass_2,s04,108,227,107,6,pm,2.548753,7.913525,3.230275
bass_2,s04,108,227,107,8,quad,4.005728852775053,6.8242091034774655,3.5087861778503413
bass_2,s04,108,227,107,7,so,4.637349,6.572523,3.612535
bass_2,s04,108,227,107,4,uro,3.563228,6.557424,2.925671
bass_2,s04,109,228,108,3,basi,2.924742,6.919889,3.154452
bass_2,s04,109,228,108,2,eye,4.090188,7.831383,3.849944
bass_2,s04,109,228,108,1,lj,2.366215,7.328167,3.287124
bass_2,s04,109,228,108,6,p2,6.960402379990698,6.119750490006658,2.603696026754307
bass_2,s04,109,228,108,6,pm,2.546697,7.904266,3.23597
bass_2,s04,109,228,108,8,quad,4.015143593647402,6.776015387167145,3.5438132243202083
bass_2,s04,109,228,108,7,so,4.644759,6.556107,3.613309
bass_2,s04,109,228,108,4,uro,3.564222,6.571689,2.930371
bass_2,s04,110,229,109,3,basi,2.928585,6.926403,3.153951
bass_2,s04,110,229,109,2,eye,4.093205,7.816279,3.857309
bass_2,s04,110,229,109,1,lj,2.370908,7.316557,3.308611
bass_2,s04,110,229,109,6,p2,6.9596173960766405,6.117198011573399,2.6057982047001245
bass_2,s04,110,229,109,6,pm,2.556971,7.894065,3.251999
bass_2,s04,110,229,109,8,quad,4.003877632937636,6.783487569035838,3.5961059446160313
bass_2,s04,110,229,109,7,so,4.655676,6.539325,3.613985
bass_2,s04,110,229,109,4,uro,3.566043,6.571504,2.930317
bass_2,s04,111,230,110,3,basi,2.948802,6.91905,3.166653
bass_2,s04,111,230,110,2,eye,4.096261,7.801363,3.860064
bass_2,s04,111,230,110,1,lj,2.375419,7.310341,3.3227
bass_2,s04,111,230,110,6,p2,6.959048413345615,6.1147716714202485,2.607416646181607
bass_2,s04,111,230,110,6,pm,2.558663,7.880771,3.267973
bass_2,s04,111,230,110,8,quad,4.009870243658774,6.763093222055378,3.547871329894882
bass_2,s04,111,230,110,7,so,4.659618,6.539201,3.61401
bass_2,s04,111,230,110,4,uro,3.574096,6.576014,2.940788
bass_2,s04,112,231,111,3,basi,2.949652,6.915946,3.179154
bass_2,s04,112,231,111,2,eye,4.097703,7.793657,3.869534
bass_2,s04,112,231,111,1,lj,2.380399,7.292992,3.337268
bass_2,s04,112,231,111,6,p2,6.958818015617733,6.112182443324387,2.6089005349654903
bass_2,s04,112,231,111,6,pm,2.559982,7.864784,3.289555
bass_2,s04,112,231,111,8,quad,4.007050053508621,6.706051193805052,3.5728662709860117
bass_2,s04,112,231,111,7,so,4.664701,6.53077,3.614321
bass_2,s04,112,231,111,4,uro,3.5686,6.57647,2.946219
bass_2,s04,113,232,112,3,basi,2.956178,6.921827,3.190503
bass_2,s04,113,232,112,2,eye,4.102006,7.782323,3.879197
bass_2,s04,113,232,112,1,lj,2.380399,7.292766,3.344192
bass_2,s04,113,232,112,6,p2,6.95908098177382,6.109524937232867,2.6101931408547343
bass_2,s04,113,232,112,6,pm,2.56964,7.850583,3.315746
bass_2,s04,113,232,112,8,quad,4.022611112422281,6.733660784861994,3.519672146155537
bass_2,s04,113,232,112,7,so,4.666564,6.525292,3.614563
bass_2,s04,113,232,112,4,uro,3.562174,6.576272,2.945986
bass_2,s04,114,233,113,3,basi,2.96074,6.92864,3.206338
bass_2,s04,114,233,113,2,eye,4.103494,7.77457,3.886287
bass_2,s04,114,233,113,1,lj,2.393859,7.275346,3.362417
bass_2,s04,114,233,113,6,p2,6.959470205357036,6.10715111142071,2.6115518699420126
bass_2,s04,114,233,113,6,pm,2.57133,7.837531,3.326535
bass_2,s04,114,233,113,8,quad,4.026095160110759,6.684853864956437,3.5194448104576734
bass_2,s04,114,233,113,7,so,4.675281,6.511348,3.618138
bass_2,s04,114,233,113,4,uro,3.562139,6.576174,2.951255
bass_2,s04,115,234,114,3,basi,2.968809,6.920771,3.218504
bass_2,s04,115,234,114,2,eye,4.100776,7.763264,3.895794
bass_2,s04,115,234,114,1,lj,2.404738,7.268954,3.380051
bass_2,s04,115,234,114,6,p2,6.960271120595009,6.10492494910109,2.6130983170112128
bass_2,s04,115,234,114,6,pm,2.570473,7.827492,3.34761
bass_2,s04,115,234,114,8,quad,4.064677072659749,6.715770867797768,3.5759946984240645
bass_2,s04,115,234,114,7,so,4.686455,6.499913,3.618555
bass_2,s04,115,234,114,4,uro,3.567178,6.584504,2.976963
bass_2,s04,116,235,115,3,basi,2.975026,6.920813,3.218661
bass_2,s04,116,235,115,2,eye,4.098085,7.751817,3.905224
bass_2,s04,116,235,115,1,lj,2.415845,7.256784,3.404837
bass_2,s04,116,235,115,6,p2,6.961254400647398,6.10244465995791,2.6144205062441936
bass_2,s04,116,235,115,6,pm,2.576631,7.811543,3.353458
bass_2,s04,116,235,115,8,quad,4.102109047786879,6.748106233467085,3.542526339496945
bass_2,s04,116,235,115,7,so,4.693834,6.497375,3.609903
bass_2,s04,116,235,115,4,uro,3.567034,6.584107,2.99805
bass_2,s04,117,236,116,3,basi,2.978974,6.923721,3.222322
bass_2,s04,117,236,116,2,eye,4.101027,7.740652,3.910228
bass_2,s04,117,236,116,1,lj,2.420287,7.251001,3.419122
bass_2,s04,117,236,116,6,p2,6.96246486652712,6.0998700617687565,2.615896233492946
bass_2,s04,117,236,116,6,pm,2.580366,7.795707,3.364568
bass_2,s04,117,236,116,8,quad,4.058791877088355,6.674632302064321,3.6268673683389094
bass_2,s04,117,236,116,7,so,4.70181,6.486146,3.610351
bass_2,s04,117,236,116,4,uro,3.576375,6.568826,3.014313
bass_2,s04,118,237,117,3,basi,2.989927,6.933641,3.237948
bass_2,s04,118,237,117,2,eye,4.109473,7.732388,3.926581
bass_2,s04,118,237,117,1,lj,2.428764,7.250258,3.443552
bass_2,s04,118,237,117,6,p2,6.9640089895361355,6.097657818122654,2.6175536179339063
bass_2,s04,118,237,117,6,pm,2.585178,7.78241,3.385784
bass_2,s04,118,237,117,8,quad,4.039617923880599,6.692935066767272,3.6026952584514
bass_2,s04,118,237,117,7,so,4.707631,6.477799,3.610718
bass_2,s04,118,237,117,4,uro,3.592329,6.569039,3.030705
bass_2,s04,119,238,118,3,basi,2.993777,6.929671,3.254111
bass_2,s04,119,238,118,2,eye,4.111021,7.720973,3.933761
bass_2,s04,119,238,118,1,lj,2.426603,7.250225,3.454047
bass_2,s04,119,238,118,6,p2,6.965555895491096,6.0954149867798115,2.6197227730295265
bass_2,s04,119,238,118,6,pm,2.589268,7.768651,3.406727
bass_2,s04,119,238,118,8,quad,4.132731715884027,6.66288538886808,3.575782225678838
bass_2,s04,119,238,118,7,so,4.71494,6.469615,3.611189
bass_2,s04,119,238,118,4,uro,3.608115,6.55905,3.025875
bass_2,s04,120,239,119,3,basi,2.995872,6.929899,3.266397
bass_2,s04,120,239,119,2,eye,4.118244,7.705839,3.941144
bass_2,s04,120,239,119,1,lj,2.430868,7.249925,3.457502
bass_2,s04,120,239,119,6,p2,6.967215437018227,6.093322433011354,2.621588683104981
bass_2,s04,120,239,119,6,pm,2.594069,7.74357,3.428749
bass_2,s04,120,239,119,8,quad,4.08991645289705,6.665931029100884,3.591738008639038
bass_2,s04,120,239,119,7,so,4.713553,6.45293,3.614651
bass_2,s04,120,239,119,4,uro,3.607269,6.559976,3.026314
bass_2,s04,121,240,120,3,basi,3.002061,6.929735,3.274531
bass_2,s04,121,240,120,2,eye,4.129406,7.697608,3.962239
bass_2,s04,121,240,120,1,lj,2.437293,7.249329,3.460844
bass_2,s04,121,240,120,6,p2,6.969175324890972,6.091070174050164,2.62365794924384
bass_2,s04,121,240,120,6,pm,2.602615,7.726926,3.444737
bass_2,s04,121,240,120,8,quad,4.083094336427104,6.686186854492283,3.592487964817836
bass_2,s04,121,240,120,7,so,4.720105,6.450204,3.611899
bass_2,s04,121,240,120,4,uro,3.610867,6.559515,3.031479
bass_2,s04,122,241,121,3,basi,3.006877,6.929632,3.28671
bass_2,s04,122,241,121,2,eye,4.132408,7.686491,3.962557
bass_2,s04,122,241,121,1,lj,2.444405,7.23207,3.46486
bass_2,s04,122,241,121,6,p2,6.970701863360677,6.089098951186658,2.6257331752818436
bass_2,s04,122,241,121,6,pm,2.603933,7.72325,3.455096
bass_2,s04,122,241,121,8,quad,4.118883606372493,6.651529932757518,3.5552860453734847
bass_2,s04,122,241,121,7,so,4.723062,6.444705,3.60916
bass_2,s04,122,241,121,4,uro,3.612305,6.554918,3.04242
bass_2,s04,123,242,122,3,basi,3.010739,6.925767,3.298882
bass_2,s04,123,242,122,2,eye,4.139555,7.675272,3.9676
bass_2,s04,123,242,122,1,lj,2.444632,7.226299,3.472002
bass_2,s04,123,242,122,6,p2,6.97229807969237,6.087412617625587,2.627802822401245
bass_2,s04,123,242,122,6,pm,2.605254,7.71978,3.460308
bass_2,s04,123,242,122,8,quad,4.085149636464205,6.647405588839633,3.592382027422807
bass_2,s04,123,242,122,7,so,4.732814,6.436238,3.609553
bass_2,s04,123,242,122,4,uro,3.610378,6.554811,3.058283
bass_2,s04,124,243,123,3,basi,3.018573,6.925015,3.306747
bass_2,s04,124,243,123,2,eye,4.141035,7.667548,3.974663
bass_2,s04,124,243,123,1,lj,2.451457,7.214896,3.479466
bass_2,s04,124,243,123,6,p2,6.9737752445704135,6.085732433039131,2.630043080051949
bass_2,s04,124,243,123,6,pm,2.616444,7.696624,3.476414
bass_2,s04,124,243,123,8,quad,4.096204589949033,6.656301953861939,3.610915880700938
bass_2,s04,124,243,123,7,so,4.736393,6.436217,3.61261
bass_2,s04,124,243,123,4,uro,3.614011,6.554447,3.058178
bass_2,s04,125,244,124,3,basi,3.030557,6.913809,3.311134
bass_2,s04,125,244,124,2,eye,4.145475,7.652473,3.979643
bass_2,s04,125,244,124,1,lj,2.460718,7.197138,3.490277
bass_2,s04,125,244,124,6,p2,6.975181972800925,6.084136529967057,2.632078950600052
bass_2,s04,125,244,124,6,pm,2.629794,7.68688,3.487347
bass_2,s04,125,244,124,8,quad,4.055653258815411,6.636680543925123,3.6155317797948303
bass_2,s04,125,244,124,7,so,4.743248,6.430551,3.612869
bass_2,s04,125,244,124,4,uro,3.623537,6.554446,3.074337
bass_2,s04,126,245,125,3,basi,3.037493,6.899233,3.319662
bass_2,s04,126,245,125,2,eye,4.15115,7.641207,3.989296
bass_2,s04,126,245,125,1,lj,2.461347,7.180784,3.494613
bass_2,s04,126,245,125,6,p2,6.976661274561875,6.082480159487939,2.6338825322616577
bass_2,s04,126,245,125,6,pm,2.637601,7.677306,3.498238
bass_2,s04,126,245,125,8,quad,4.124377428232238,6.626342565859896,3.6039975446422514
bass_2,s04,126,245,125,7,so,4.751953,6.419406,3.613368
bass_2,s04,126,245,125,4,uro,3.625468,6.549585,3.074513
bass_2,s04,127,246,126,3,basi,3.045134,6.895317,3.331877
bass_2,s04,127,246,126,2,eye,4.152607,7.633407,3.998646
bass_2,s04,127,246,126,1,lj,2.469812,7.180599,3.501732
bass_2,s04,127,246,126,6,p2,6.977549494274169,6.081216071427448,2.6356289195558302
bass_2,s04,127,246,126,6,pm,2.640111,7.661894,3.504188
bass_2,s04,127,246,126,8,quad,4.118506856878321,6.609257515416974,3.6178670930028893
bass_2,s04,127,246,126,7,so,4.754169,6.408292,3.613748
bass_2,s04,127,246,126,4,uro,3.625394,6.549393,3.085054
bass_2,s04,128,247,127,3,basi,3.054031,6.894835,3.339901
bass_2,s04,128,247,127,2,eye,4.156669,7.636892,4.005565
bass_2,s04,128,247,127,1,lj,2.489238,7.169319,3.527096
bass_2,s04,128,247,127,6,p2,6.978105873680771,6.08053802248342,2.6364819486303404
bass_2,s04,128,247,127,6,pm,2.641553,7.655529,3.504373
bass_2,s04,128,247,127,8,quad,4.119610203083287,6.590904194062954,3.6098924243214876
bass_2,s04,128,247,127,7,so,4.76002,6.394456,3.614312
bass_2,s04,128,247,127,4,uro,3.628798,6.553422,3.100536
bass_2,s04,129,248,128,3,basi,3.060515,6.894353,3.343835
bass_2,s04,129,248,128,2,eye,4.158307,7.622008,4.008221
bass_2,s04,129,248,128,1,lj,2.491393,7.168922,3.530441
bass_2,s04,129,248,128,6,p2,6.978562170332464,6.079831469655309,2.637479640708531
bass_2,s04,129,248,128,6,pm,2.647563,7.642948,3.504892
bass_2,s04,129,248,128,8,quad,4.099124283466676,6.588317622004066,3.6031493872177505
bass_2,s04,129,248,128,7,so,4.765621,6.380851,3.608999
bass_2,s04,129,248,128,4,uro,3.634245,6.547914,3.116422
bass_2,s04,130,249,129,3,basi,3.065887,6.88714,3.344133
bass_2,s04,130,249,129,2,eye,4.158243,7.621754,4.015105
bass_2,s04,130,249,129,1,lj,2.491669,7.162872,3.533895
bass_2,s04,130,249,129,6,p2,6.979169131824516,6.079122985586904,2.6382411821078344
bass_2,s04,130,249,129,6,pm,2.656546,7.632637,3.531124
bass_2,s04,130,249,129,8,quad,4.151646390057293,6.600312385453158,3.5981493756884793
bass_2,s04,130,249,129,7,so,4.767814,6.372484,3.609281
bass_2,s04,130,249,129,4,uro,3.635829,6.557086,3.115922
bass_2,s04,131,250,130,3,basi,3.076097,6.88003,3.348626
bass_2,s04,131,250,130,2,eye,4.159838,7.606706,4.022345
bass_2,s04,131,250,130,1,lj,2.490239,7.14592,3.541343
bass_2,s04,131,250,130,6,p2,6.97973022256688,6.078438078045827,2.638914510936685
bass_2,s04,131,250,130,6,pm,2.657135,7.617129,3.531716
bass_2,s04,131,250,130,8,quad,4.062986935280713,6.563240561613815,3.554462550398359
bass_2,s04,131,250,130,7,so,4.77145,6.364227,3.61263
bass_2,s04,131,250,130,4,uro,3.64407,6.557099,3.116101
bass_2,s05,1,75,0,3,basi,7.512789,5.878703,1.749201
bass_2,s05,1,75,0,2,eye,8.484117,6.269199,2.645902
bass_2,s05,1,75,0,1,lj,6.856815,6.169437,2.003024
bass_2,s05,1,75,0,6,p2,10.858249000472355,4.829604958362581,1.2516212438475092
bass_2,s05,1,75,0,6,pm,6.999711,6.480045,1.956807
bass_2,s05,1,75,0,8,quad,8.378242065404127,5.476872961612834,1.8405774128973413
bass_2,s05,1,75,0,7,so,8.966098,5.212605,1.753136
bass_2,s05,1,75,0,4,uro,8.282265,5.624665,1.535258
bass_2,s05,2,76,1,3,basi,7.460249,5.846189,1.755743
bass_2,s05,2,76,1,2,eye,8.45293,6.258823,2.651491
bass_2,s05,2,76,1,1,lj,6.811375,6.155944,2.003582
bass_2,s05,2,76,1,6,p2,10.847892263960947,4.825270590234853,1.2511732328302203
bass_2,s05,2,76,1,6,pm,6.973588,6.467913,1.964923
bass_2,s05,2,76,1,8,quad,8.312211420025001,5.526898108113586,1.816068900854001
bass_2,s05,2,76,1,7,so,8.934486,5.201759,1.729602
bass_2,s05,2,76,1,4,uro,8.229863,5.62515,1.545954
bass_2,s05,3,77,2,3,basi,7.430914,5.84126,1.747286
bass_2,s05,3,77,2,2,eye,8.404868,6.256031,2.651152
bass_2,s05,3,77,2,1,lj,6.760878,6.137937,2.008224
bass_2,s05,3,77,2,6,p2,10.837994992068266,4.822133982351317,1.2505408542263337
bass_2,s05,3,77,2,6,pm,6.913913,6.462765,1.968502
bass_2,s05,3,77,2,8,quad,8.33323924169889,5.474260153004603,1.818415030339025
bass_2,s05,3,77,2,7,so,8.888206,5.202896,1.74849
bass_2,s05,3,77,2,4,uro,8.158682,5.609606,1.546671
bass_2,s05,4,78,3,3,basi,7.359321,5.831501,1.756197
bass_2,s05,4,78,3,2,eye,8.360921,6.245988,2.651384
bass_2,s05,4,78,3,1,lj,6.715461,6.134161,2.000777
bass_2,s05,4,78,3,6,p2,10.827805520549918,4.81780741858968,1.2496977876057045
bass_2,s05,4,78,3,6,pm,6.866104,6.454431,1.968803
bass_2,s05,4,78,3,8,quad,8.234234432197534,5.447988323616903,1.8064195177798081
bass_2,s05,4,78,3,7,so,8.820076,5.201271,1.738417
bass_2,s05,4,78,3,4,uro,8.1268,5.604272,1.546661
bass_2,s05,5,79,4,3,basi,7.282855,5.838309,1.737494
bass_2,s05,5,79,4,2,eye,8.311843,6.243274,2.656332
bass_2,s05,5,79,4,1,lj,6.667011,6.13037,2.011754
bass_2,s05,5,79,4,6,p2,10.816065856506352,4.813437621272212,1.2485716438602756
bass_2,s05,5,79,4,6,pm,6.809062,6.449405,1.965018
bass_2,s05,5,79,4,8,quad,8.186069820848079,5.458269143013942,1.8142552720271194
bass_2,s05,5,79,4,7,so,8.772353,5.192976,1.733398
bass_2,s05,5,79,4,4,uro,8.076408,5.599876,1.546803
bass_2,s05,6,80,5,3,basi,7.271754,5.816211,1.752234
bass_2,s05,6,80,5,2,eye,8.260379,6.231372,2.656487
bass_2,s05,6,80,5,1,lj,6.610418,6.098166,2.013678
bass_2,s05,6,80,5,6,p2,10.795509023504271,4.804478403333906,1.2483475672463953
bass_2,s05,6,80,5,6,pm,6.772489,6.449811,1.979452
bass_2,s05,6,80,5,8,quad,8.162076360810818,5.445613008845284,1.820089415952193
bass_2,s05,6,80,5,7,so,8.726443,5.18622,1.738844
bass_2,s05,6,80,5,4,uro,8.041255,5.57234,1.54877
bass_2,s05,7,81,6,3,basi,7.205371,5.817541,1.760293
bass_2,s05,7,81,6,2,eye,8.212116,6.228729,2.658863
bass_2,s05,7,81,6,1,lj,6.571688,6.080144,2.011166
bass_2,s05,7,81,6,6,p2,10.770464707095508,4.794957255687875,1.2472571426043169
bass_2,s05,7,81,6,6,pm,6.734006,6.447462,1.975554
bass_2,s05,7,81,6,8,quad,8.104627621820255,5.449518430560247,1.830045140422512
bass_2,s05,7,81,6,7,so,8.672731,5.181205,1.743331
bass_2,s05,7,81,6,4,uro,7.981507,5.568239,1.556528
bass_2,s05,8,82,7,3,basi,7.159074,5.807139,1.760671
bass_2,s05,8,82,7,2,eye,8.172192,6.220329,2.658963
bass_2,s05,8,82,7,1,lj,6.513772,6.062043,2.022967
bass_2,s05,8,82,7,6,p2,10.743703065377789,4.784887977306833,1.2458982930387072
bass_2,s05,8,82,7,6,pm,6.69204,6.445155,1.979119
bass_2,s05,8,82,7,8,quad,8.044066135828782,5.43921748035377,1.8534410293342192
bass_2,s05,8,82,7,7,so,8.620512,5.168844,1.744297
bass_2,s05,8,82,7,4,uro,7.92866,5.563691,1.567988
bass_2,s05,9,83,8,3,basi,7.106895,5.791529,1.761614
bass_2,s05,9,83,8,2,eye,8.121562,6.21975,2.661317
bass_2,s05,9,83,8,1,lj,6.465614,6.043908,2.031255
bass_2,s05,9,83,8,6,p2,10.71602001713433,4.772954379852512,1.2448833498422918
bass_2,s05,9,83,8,6,pm,6.640265,6.442776,1.986143
bass_2,s05,9,83,8,8,quad,8.022768633522372,5.45475666700106,1.8550235395567838
bass_2,s05,9,83,8,7,so,8.594858,5.160545,1.75886
bass_2,s05,9,83,8,4,uro,7.890951,5.536291,1.581403
bass_2,s05,10,84,9,3,basi,7.050546,5.781419,1.761959
bass_2,s05,10,84,9,2,eye,8.080644,6.207341,2.671916
bass_2,s05,10,84,9,1,lj,6.423803,6.025848,2.021285
bass_2,s05,10,84,9,6,p2,10.684603197223204,4.761711016626673,1.2439983958547636
bass_2,s05,10,84,9,6,pm,6.58184,6.431423,1.986498
bass_2,s05,10,84,9,8,quad,7.964706823869822,5.370824550320364,1.8153302206344577
bass_2,s05,10,84,9,7,so,8.521167,5.148365,1.759494
bass_2,s05,10,84,9,4,uro,7.819754,5.515164,1.582591
bass_2,s05,11,85,10,3,basi,7.009125,5.759834,1.750366
bass_2,s05,11,85,10,2,eye,8.029485,6.206309,2.679238
bass_2,s05,11,85,10,1,lj,6.379197,6.016962,2.032466
bass_2,s05,11,85,10,6,p2,10.650556117790302,4.749727152955196,1.2431437932115317
bass_2,s05,11,85,10,6,pm,6.524988,6.420179,1.986987
bass_2,s05,11,85,10,8,quad,7.873075724411843,5.370788868968065,1.8094049221061466
bass_2,s05,11,85,10,7,so,8.445698,5.141085,1.744925
bass_2,s05,11,85,10,4,uro,7.777861,5.499448,1.591408
bass_2,s05,12,86,11,3,basi,6.977244,5.738077,1.743216
bass_2,s05,12,86,11,2,eye,7.986327,6.2017,2.668613
bass_2,s05,12,86,11,1,lj,6.30888,5.999559,2.033322
bass_2,s05,12,86,11,6,p2,10.614723538106448,4.737318544160565,1.2422064258506644
bass_2,s05,12,86,11,6,pm,6.492204,6.417638,1.986842
bass_2,s05,12,86,11,8,quad,7.817375943846795,5.359123204376138,1.844884971583952
bass_2,s05,12,86,11,7,so,8.427994,5.126973,1.75517
bass_2,s05,12,86,11,4,uro,7.748097,5.483297,1.577376
bass_2,s05,13,87,12,3,basi,6.933447,5.710852,1.736351
bass_2,s05,13,87,12,2,eye,7.939544,6.195518,2.666056
bass_2,s05,13,87,12,1,lj,6.250014,5.986599,2.026539
bass_2,s05,13,87,12,6,p2,10.576164433598684,4.724546150743656,1.241148710462634
bass_2,s05,13,87,12,6,pm,6.45268,6.418429,1.986454
bass_2,s05,13,87,12,8,quad,7.793928914180738,5.331256280633187,1.7982588827600137
bass_2,s05,13,87,12,7,so,8.384788,5.113229,1.765108
bass_2,s05,13,87,12,4,uro,7.716066,5.461634,1.579039
bass_2,s05,14,88,13,3,basi,6.908868,5.700211,1.728439
bass_2,s05,14,88,13,2,eye,7.891296,6.183396,2.668774
bass_2,s05,14,88,13,1,lj,6.206689,5.973152,2.027158
bass_2,s05,14,88,13,6,p2,10.536676392240375,4.7122012184536,1.2400867430960305
bass_2,s05,14,88,13,6,pm,6.403837,6.419433,1.982235
bass_2,s05,14,88,13,8,quad,7.729995712558718,5.3509986371418226,1.8471162125550535
bass_2,s05,14,88,13,7,so,8.331038,5.114592,1.769568
bass_2,s05,14,88,13,4,uro,7.689487,5.439269,1.580426
bass_2,s05,15,89,14,3,basi,6.880095,5.689988,1.729355
bass_2,s05,15,89,14,2,eye,7.833938,6.179366,2.681819
bass_2,s05,15,89,14,1,lj,6.156858,5.950294,2.032085
bass_2,s05,15,89,14,6,p2,10.4956222220218,4.700073653284661,1.238801700570994
bass_2,s05,15,89,14,6,pm,6.369044,6.416963,1.981867
bass_2,s05,15,89,14,8,quad,7.751682407445893,5.31212112568882,1.8517337843767219
bass_2,s05,15,89,14,7,so,8.293163,5.104692,1.775176
bass_2,s05,15,89,14,4,uro,7.656495,5.423458,1.586032
bass_2,s05,16,90,15,3,basi,6.839845,5.667993,1.730513
bass_2,s05,16,90,15,2,eye,7.790514,6.176416,2.68411
bass_2,s05,16,90,15,1,lj,6.096547,5.913394,2.034311
bass_2,s05,16,90,15,6,p2,10.45421685846284,4.688343002867446,1.2376197104831457
bass_2,s05,16,90,15,6,pm,6.331774,6.411383,1.981909
bass_2,s05,16,90,15,8,quad,7.6749351399429555,5.322598255347871,1.8652853833294198
bass_2,s05,16,90,15,7,so,8.262904,5.102713,1.770472
bass_2,s05,16,90,15,4,uro,7.622174,5.418517,1.590462
bass_2,s05,17,91,16,3,basi,6.795458,5.646585,1.719066
bass_2,s05,17,91,16,2,eye,7.742445,6.17166,2.683784
bass_2,s05,17,91,16,1,lj,6.045712,5.895373,2.038912
bass_2,s05,17,91,16,6,p2,10.412156563930855,4.676923117039259,1.2356309567530308
bass_2,s05,17,91,16,6,pm,6.257474,6.403559,1.975275
bass_2,s05,17,91,16,8,quad,7.585647971602365,5.319558270586393,1.8900955287072967
bass_2,s05,17,91,16,7,so,8.200352,5.096051,1.78994
bass_2,s05,17,91,16,4,uro,7.563602,5.402703,1.591267
bass_2,s05,18,92,17,3,basi,6.769172,5.618914,1.716653
bass_2,s05,18,92,17,2,eye,7.693186,6.170007,2.686222
bass_2,s05,18,92,17,1,lj,5.971483,5.863508,2.040638
bass_2,s05,18,92,17,6,p2,10.369591399545255,4.665830062488056,1.2336644832639725
bass_2,s05,18,92,17,6,pm,6.196819,6.398478,1.975117
bass_2,s05,18,92,17,8,quad,7.563471455760749,5.3210931829065755,1.8641325765969285
bass_2,s05,18,92,17,7,so,8.151379,5.085558,1.804533
bass_2,s05,18,92,17,4,uro,7.495254,5.387035,1.600489
bass_2,s05,19,93,18,3,basi,6.723852,5.586393,1.719078
bass_2,s05,19,93,18,2,eye,7.644319,6.168177,2.691187
bass_2,s05,19,93,18,1,lj,5.916152,5.821756,2.043255
bass_2,s05,19,93,18,6,p2,10.326729357123902,4.654938006014013,1.2315445706230133
bass_2,s05,19,93,18,6,pm,6.151436,6.396146,1.981489
bass_2,s05,19,93,18,8,quad,7.487784775998453,5.293177155236777,1.880901529707144
bass_2,s05,19,93,18,7,so,8.101832,5.08612,1.818174
bass_2,s05,19,93,18,4,uro,7.40376,5.355388,1.611126
bass_2,s05,20,94,19,3,basi,6.674398,5.54825,1.708983
bass_2,s05,20,94,19,2,eye,7.606897,6.173961,2.707004
bass_2,s05,20,94,19,1,lj,5.8537,5.780129,2.053104
bass_2,s05,20,94,19,6,p2,10.283638427345238,4.6440430245391875,1.2289292185787395
bass_2,s05,20,94,19,6,pm,6.10203,6.422157,1.982427
bass_2,s05,20,94,19,8,quad,7.411553123412598,5.265501065858678,1.9052065905396534
bass_2,s05,20,94,19,7,so,8.047224,5.08117,1.822648
bass_2,s05,20,94,19,4,uro,7.32319,5.328797,1.612662
bass_2,s05,21,95,20,3,basi,6.635061,5.498573,1.708391
bass_2,s05,21,95,20,2,eye,7.563138,6.169102,2.70225
bass_2,s05,21,95,20,1,lj,5.790861,5.733797,2.045088
bass_2,s05,21,95,20,6,p2,10.240747586904227,4.633422095411946,1.226257132935438
bass_2,s05,21,95,20,6,pm,6.041696,6.439084,1.977354
bass_2,s05,21,95,20,8,quad,7.396043520947829,5.220825849703663,1.854464812967285
bass_2,s05,21,95,20,7,so,8.010601,5.066338,1.828886
bass_2,s05,21,95,20,4,uro,7.27242,5.324008,1.616825
bass_2,s05,22,96,21,3,basi,6.551883,5.455373,1.706972
bass_2,s05,22,96,21,2,eye,7.502368,6.179072,2.708158
bass_2,s05,22,96,21,1,lj,5.728295,5.668499,2.04218
bass_2,s05,22,96,21,6,p2,10.197581272661653,4.622794570868281,1.223263195191142
bass_2,s05,22,96,21,6,pm,5.9756,6.472995,1.974285
bass_2,s05,22,96,21,8,quad,7.337545496288213,5.232986153747122,1.9553639051713652
bass_2,s05,22,96,21,7,so,7.937819,5.048729,1.858662
bass_2,s05,22,96,21,4,uro,7.173804,5.286903,1.619339
bass_2,s05,23,97,22,3,basi,6.46432,5.423422,1.700324
bass_2,s05,23,97,22,2,eye,7.45753,6.173958,2.712549
bass_2,s05,23,97,22,1,lj,5.650654,5.608111,2.04237
bass_2,s05,23,97,22,6,p2,10.154718170107012,4.612693345654686,1.220414774399534
bass_2,s05,23,97,22,6,pm,5.915796,6.496549,1.968724
bass_2,s05,23,97,22,8,quad,7.261107490371484,5.200822232011384,1.9433202143958708
bass_2,s05,23,97,22,7,so,7.892224,5.037897,1.878226
bass_2,s05,23,97,22,4,uro,7.076517,5.255016,1.612694
bass_2,s05,24,98,23,3,basi,6.378278,5.363535,1.70884
bass_2,s05,24,98,23,2,eye,7.402515,6.189389,2.720388
bass_2,s05,24,98,23,1,lj,5.579673,5.51902,2.044747
bass_2,s05,24,98,23,6,p2,10.111803053701172,4.602641063644607,1.2175942482663282
bass_2,s05,24,98,23,6,pm,5.854953,6.50623,1.960887
bass_2,s05,24,98,23,8,quad,7.206410960573074,5.190056086959325,1.8970164123855715
bass_2,s05,24,98,23,7,so,7.841638,5.035069,1.878127
bass_2,s05,24,98,23,4,uro,7.010114,5.250903,1.62118
bass_2,s05,25,99,24,3,basi,6.300315,5.325829,1.707047
bass_2,s05,25,99,24,2,eye,7.356611,6.196102,2.735922
bass_2,s05,25,99,24,1,lj,5.493221,5.449321,2.038386
bass_2,s05,25,99,24,6,p2,10.069164878747957,4.5920972692366435,1.2150776051136083
bass_2,s05,25,99,24,6,pm,5.79862,6.560459,1.949769
bass_2,s05,25,99,24,8,quad,7.147560973509562,5.1764514000232165,1.958423697131356
bass_2,s05,25,99,24,7,so,7.785452,5.027714,1.901673
bass_2,s05,25,99,24,4,uro,6.909307,5.208093,1.649476
bass_2,s05,26,100,25,3,basi,6.230891,5.27686,1.710597
bass_2,s05,26,100,25,2,eye,7.313227,6.205186,2.755695
bass_2,s05,26,100,25,1,lj,5.408208,5.389242,2.020642
bass_2,s05,26,100,25,6,p2,10.02704551230569,4.582086992197369,1.212597853222965
bass_2,s05,26,100,25,6,pm,5.735961,6.598355,1.926578
bass_2,s05,26,100,25,8,quad,7.059296158966983,5.0869243597104665,1.9499062780098695
bass_2,s05,26,100,25,7,so,7.718022,5.029475,1.929883
bass_2,s05,26,100,25,4,uro,6.826369,5.181671,1.659502
bass_2,s05,27,101,26,3,basi,6.160241,5.238968,1.700402
bass_2,s05,27,101,26,2,eye,7.262122,6.226194,2.770206
bass_2,s05,27,101,26,1,lj,5.33825,5.328696,2.017416
bass_2,s05,27,101,26,6,p2,9.985046452411114,4.572611895614017,1.2102060531334495
bass_2,s05,27,101,26,6,pm,5.655642,6.636781,1.896557
bass_2,s05,27,101,26,8,quad,7.032781126329017,5.065874824694831,2.0147800381686367
bass_2,s05,27,101,26,7,so,7.675465,5.022446,1.953873
bass_2,s05,27,101,26,4,uro,6.736493,5.144094,1.661864
bass_2,s05,28,102,27,3,basi,6.076013,5.212552,1.706096
bass_2,s05,28,102,27,2,eye,7.214759,6.229847,2.795142
bass_2,s05,28,102,27,1,lj,5.278361,5.248835,2.015705
bass_2,s05,28,102,27,6,p2,9.94317397685773,4.563300566464078,1.2087028301552691
bass_2,s05,28,102,27,6,pm,5.591675,6.668969,1.883647
bass_2,s05,28,102,27,8,quad,6.9590459831162,5.098720391892687,2.000534112930655
bass_2,s05,28,102,27,7,so,7.589797,5.025045,2.006005
bass_2,s05,28,102,27,4,uro,6.669372,5.078379,1.67537
bass_2,s05,29,103,28,3,basi,5.999817,5.158072,1.714247
bass_2,s05,29,103,28,2,eye,7.16719,6.239158,2.812664
bass_2,s05,29,103,28,1,lj,5.207491,5.221194,1.995513
bass_2,s05,29,103,28,6,p2,9.901609535865504,4.553820322201407,1.2077421249731015
bass_2,s05,29,103,28,6,pm,5.528122,6.695083,1.89768
bass_2,s05,29,103,28,8,quad,6.882671019918746,5.022830434507962,2.0351810019243834
bass_2,s05,29,103,28,7,so,7.525865,5.014594,2.049144
bass_2,s05,29,103,28,4,uro,6.627162,5.028892,1.679204
bass_2,s05,30,104,29,3,basi,5.940304,5.14238,1.710786
bass_2,s05,30,104,29,2,eye,7.118693,6.248684,2.832659
bass_2,s05,30,104,29,1,lj,5.145985,5.169886,1.9917
bass_2,s05,30,104,29,6,p2,9.860335065642458,4.544820878561611,1.2070327166720054
bass_2,s05,30,104,29,6,pm,5.44485,6.721652,1.908217
bass_2,s05,30,104,29,8,quad,6.84115507751621,5.055343604372773,2.09796055042173
bass_2,s05,30,104,29,7,so,7.45602,5.004518,2.097114
bass_2,s05,30,104,29,4,uro,6.587809,4.984872,1.678346
bass_2,s05,31,105,30,3,basi,5.8625,5.110233,1.708586
bass_2,s05,31,105,30,2,eye,7.093436,6.25461,2.845882
bass_2,s05,31,105,30,1,lj,5.08111,5.133404,2.015533
bass_2,s05,31,105,30,6,p2,9.819549718429498,4.5363219789079645,1.206864533980655
bass_2,s05,31,105,30,6,pm,5.382444,6.725832,1.904079
bass_2,s05,31,105,30,8,quad,6.716716356020877,5.040279152413277,2.0997601095387344
bass_2,s05,31,105,30,7,so,7.391041,5.006284,2.149178
bass_2,s05,31,105,30,4,uro,6.540966,4.93546,1.682128
bass_2,s05,32,106,31,3,basi,5.768021,5.089735,1.726453
bass_2,s05,32,106,31,2,eye,7.043508,6.272356,2.876815
bass_2,s05,32,106,31,1,lj,5.025065,5.115215,2.0199
bass_2,s05,32,106,31,6,p2,9.77836520894205,4.52847087456599,1.207514674890694
bass_2,s05,32,106,31,6,pm,5.303333,6.727221,1.913234
bass_2,s05,32,106,31,8,quad,6.693767379858624,5.036591885885414,2.158241282665217
bass_2,s05,32,106,31,7,so,7.338144,5.011276,2.191315
bass_2,s05,32,106,31,4,uro,6.488163,4.902718,1.675935
bass_2,s05,33,107,32,3,basi,5.690961,5.06749,1.757274
bass_2,s05,33,107,32,2,eye,6.976509,6.273449,2.906394
bass_2,s05,33,107,32,1,lj,4.972265,5.09731,2.024446
bass_2,s05,33,107,32,6,p2,9.737416168713226,4.520825893694197,1.2092464866868184
bass_2,s05,33,107,32,6,pm,5.232341,6.73894,1.948135
bass_2,s05,33,107,32,8,quad,6.634717452471293,5.011835807111322,2.1559214444559807
bass_2,s05,33,107,32,7,so,7.272963,5.013371,2.257895
bass_2,s05,33,107,32,4,uro,6.400247,4.870925,1.682194
bass_2,s05,34,108,33,3,basi,5.630862,5.056212,1.77464
bass_2,s05,34,108,33,2,eye,6.933039,6.294348,2.916467
bass_2,s05,34,108,33,1,lj,4.902861,5.098743,2.030959
bass_2,s05,34,108,33,6,p2,9.696625173678164,4.513689530811763,1.2112756205383488
bass_2,s05,34,108,33,6,pm,5.174878,6.776699,1.941616
bass_2,s05,34,108,33,8,quad,6.5488951995647575,5.030780713097162,2.1616388029125173
bass_2,s05,34,108,33,7,so,7.209221,5.014719,2.262128
bass_2,s05,34,108,33,4,uro,6.370568,4.83242,1.689407
bass_2,s05,35,109,34,3,basi,5.564187,5.057548,1.782465
bass_2,s05,35,109,34,2,eye,6.866011,6.303846,2.94545
bass_2,s05,35,109,34,1,lj,4.833235,5.090524,2.034557
bass_2,s05,35,109,34,6,p2,9.6556893970782,4.507178909803531,1.214539496257894
bass_2,s05,35,109,34,6,pm,5.120831,6.811261,1.93856
bass_2,s05,35,109,34,8,quad,6.4941902626315215,4.976458160784428,2.2515352951288468
bass_2,s05,35,109,34,7,so,7.160356,5.015876,2.318976
bass_2,s05,35,109,34,4,uro,6.331442,4.799353,1.673158
bass_2,s05,36,110,35,3,basi,5.490378,5.063355,1.811026
bass_2,s05,36,110,35,2,eye,6.825656,6.313265,2.953927
bass_2,s05,36,110,35,1,lj,4.750281,5.130009,2.048663
bass_2,s05,36,110,35,6,p2,9.614859423301455,4.501597168679282,1.21838450335077
bass_2,s05,36,110,35,6,pm,5.064032,6.834786,1.943144
bass_2,s05,36,110,35,8,quad,6.447582820407095,5.066397275991271,2.2774545203542242
bass_2,s05,36,110,35,7,so,7.091786,5.010203,2.395566
bass_2,s05,36,110,35,4,uro,6.274585,4.767066,1.69407
bass_2,s05,37,111,36,3,basi,5.406096,5.08613,1.825514
bass_2,s05,37,111,36,2,eye,6.780312,6.325422,2.973779
bass_2,s05,37,111,36,1,lj,4.688117,5.11685,2.077611
bass_2,s05,37,111,36,6,p2,9.573856269250689,4.497242082716045,1.2228659689895425
bass_2,s05,37,111,36,6,pm,5.006812,6.853633,1.927969
bass_2,s05,37,111,36,8,quad,6.368183482214185,5.028673259995576,2.33802205784809
bass_2,s05,37,111,36,7,so,7.010451,5.00443,2.447972
bass_2,s05,37,111,36,4,uro,6.21374,4.762701,1.701448
bass_2,s05,38,112,37,3,basi,5.31319,5.117075,1.851825
bass_2,s05,38,112,37,2,eye,6.740289,6.3373100000000004,3.001527
bass_2,s05,38,112,37,1,lj,4.636329,5.156124,2.110097
bass_2,s05,38,112,37,6,p2,9.533205018119528,4.493476287653493,1.227983133426226
bass_2,s05,38,112,37,6,pm,4.956449,6.864143,1.948924
bass_2,s05,38,112,37,8,quad,6.29467774885293,5.028292386809595,2.449106662383416
bass_2,s05,38,112,37,7,so,6.945258,5.006117,2.514351
bass_2,s05,38,112,37,4,uro,6.177172,4.724312,1.70441
bass_2,s05,39,113,38,3,basi,5.244539,5.160624,1.91992
bass_2,s05,39,113,38,2,eye,6.699288,6.346421,3.021291
bass_2,s05,39,113,38,1,lj,4.5759,5.18149,2.104409
bass_2,s05,39,113,38,6,p2,9.493098791856754,4.49086645054404,1.2339508138521382
bass_2,s05,39,113,38,6,pm,4.905104,6.867155,1.97488
bass_2,s05,39,113,38,8,quad,6.19866399695697,5.041109358663742,2.4745527195546035
bass_2,s05,39,113,38,7,so,6.865815,5.011953,2.566074
bass_2,s05,39,113,38,4,uro,6.123377,4.702782,1.694581
bass_2,s05,40,114,39,3,basi,5.178246,5.195353,1.937879
bass_2,s05,40,114,39,2,eye,6.627982,6.347479,3.043245
bass_2,s05,40,114,39,1,lj,4.5393,5.220651,2.115779
bass_2,s05,40,114,39,6,p2,9.45299147434812,4.489508947730981,1.240618489877139
bass_2,s05,40,114,39,6,pm,4.840217,6.870118,2.000572
bass_2,s05,40,114,39,8,quad,6.235464459215032,5.0692728736827375,2.4487276655666395
bass_2,s05,40,114,39,7,so,6.80556,5.013392,2.613364
bass_2,s05,40,114,39,4,uro,6.051384,4.698543,1.698122
bass_2,s05,41,115,40,3,basi,5.120242,5.221593,1.965088
bass_2,s05,41,115,40,2,eye,6.563927,6.351327,3.063086
bass_2,s05,41,115,40,1,lj,4.487035,5.264469,2.144402
bass_2,s05,41,115,40,6,p2,9.412894999188802,4.4894130119739,1.2475784407007913
bass_2,s05,41,115,40,6,pm,4.786563,6.86875,2.000215
bass_2,s05,41,115,40,8,quad,6.112403957425413,5.0776799072771,2.5389009134801808
bass_2,s05,41,115,40,7,so,6.735364,5.007286,2.66066
bass_2,s05,41,115,40,4,uro,6.002077,4.699464,1.701366
bass_2,s05,42,116,41,3,basi,5.075965,5.235112,1.989207
bass_2,s05,42,116,41,2,eye,6.522764,6.351935,3.077118
bass_2,s05,42,116,41,1,lj,4.433119,5.294383,2.199365
bass_2,s05,42,116,41,6,p2,9.373347272218478,4.490597155368959,1.2551808057638336
bass_2,s05,42,116,41,6,pm,4.75743,6.858704,2.036172
bass_2,s05,42,116,41,8,quad,6.0881447488292135,5.084344851950488,2.5398220743880193
bass_2,s05,42,116,41,7,so,6.703164,5.015293,2.685126
bass_2,s05,42,116,41,4,uro,5.972371,4.672286,1.718307
bass_2,s05,43,117,42,3,basi,5.035987,5.227673,2.014958
bass_2,s05,43,117,42,2,eye,6.475363,6.349669,3.099499
bass_2,s05,43,117,42,1,lj,4.369758,5.305537,2.234163
bass_2,s05,43,117,42,6,p2,9.334568089590304,4.492735526283797,1.262892050405386
bass_2,s05,43,117,42,6,pm,4.668392,6.834343,2.090186
bass_2,s05,43,117,42,8,quad,6.0011319805715,5.043310891333508,2.619918650223525
bass_2,s05,43,117,42,7,so,6.672173,5.024389,2.731551
bass_2,s05,43,117,42,4,uro,5.965212,4.655768,1.727093
bass_2,s05,44,118,43,3,basi,5.009677,5.220105,2.040883
bass_2,s05,44,118,43,2,eye,6.436719,6.347475,3.105424
bass_2,s05,44,118,43,1,lj,4.332365,5.325415,2.26846
bass_2,s05,44,118,43,6,p2,9.296035190449151,4.495939683426633,1.270998402715362
bass_2,s05,44,118,43,6,pm,4.619203,6.805255,2.118473
bass_2,s05,44,118,43,8,quad,5.9644417254557744,5.122670071993935,2.628602484847078
bass_2,s05,44,118,43,7,so,6.62427,5.013875,2.761521
bass_2,s05,44,118,43,4,uro,5.958568,4.650374,1.731186
bass_2,s05,45,119,44,3,basi,4.980499,5.199751,2.067567
bass_2,s05,45,119,44,2,eye,6.390642,6.3337,3.124193
bass_2,s05,45,119,44,1,lj,4.284216,5.33558,2.292354
bass_2,s05,45,119,44,6,p2,9.25779887747215,4.50057389270089,1.2788090088813808
bass_2,s05,45,119,44,6,pm,4.541869,6.768613,2.155578
bass_2,s05,45,119,44,8,quad,6.00114765972225,5.098142701593605,2.674388809489572
bass_2,s05,45,119,44,7,so,6.595906,5.007177,2.791628
bass_2,s05,45,119,44,4,uro,5.929607,4.667741,1.736947
bass_2,s05,46,120,45,3,basi,4.965481,5.171169,2.086649
bass_2,s05,46,120,45,2,eye,6.303939,6.323823,3.129985
bass_2,s05,46,120,45,1,lj,4.269951,5.345563,2.306049
bass_2,s05,46,120,45,6,p2,9.219556601079027,4.505581307120632,1.2876991528852852
bass_2,s05,46,120,45,6,pm,4.495046,6.734976,2.161989
bass_2,s05,46,120,45,8,quad,5.939845534073291,5.110120971196278,2.6576484898048056
bass_2,s05,46,120,45,7,so,6.566798,5.011384,2.808272
bass_2,s05,46,120,45,4,uro,5.902262,4.668537,1.759021
bass_2,s05,47,121,46,3,basi,4.938135,5.142366,2.105398
bass_2,s05,47,121,46,2,eye,6.230208,6.313784,3.131824
bass_2,s05,47,121,46,1,lj,4.238248,5.356511,2.334281
bass_2,s05,47,121,46,6,p2,9.18166995440936,4.5111190126531495,1.2959572143540878
bass_2,s05,47,121,46,6,pm,4.44994,6.700778,2.190478
bass_2,s05,47,121,46,8,quad,5.898616747653131,5.1510347188214824,2.653424339376086
bass_2,s05,47,121,46,7,so,6.523804,4.995475,2.842982
bass_2,s05,47,121,46,4,uro,5.844113,4.664001,1.758916
bass_2,s05,48,122,47,3,basi,4.915951,5.113627,2.128458
bass_2,s05,48,122,47,2,eye,6.199913,6.291521,3.122273
bass_2,s05,48,122,47,1,lj,4.197883,5.366236,2.350956
bass_2,s05,48,122,47,6,p2,9.144199923975464,4.517073440696528,1.303639740766876
bass_2,s05,48,122,47,6,pm,4.396755,6.649284,2.228842
bass_2,s05,48,122,47,8,quad,5.879335489107522,5.144339387516092,2.7068210439131875
bass_2,s05,48,122,47,7,so,6.495772,4.996132,2.863984
bass_2,s05,48,122,47,4,uro,5.801323,4.665041,1.777108
bass_2,s05,49,123,48,3,basi,4.883928,5.08505,2.138702
bass_2,s05,49,123,48,2,eye,6.163879,6.277767,3.126663
bass_2,s05,49,123,48,1,lj,4.15305,5.396083,2.37409
bass_2,s05,49,123,48,6,p2,9.106697906523474,4.523240959408259,1.311459086295455
bass_2,s05,49,123,48,6,pm,4.351211,6.60017,2.258136
bass_2,s05,49,123,48,8,quad,5.856414891026897,5.078102931065827,2.679595526002298
bass_2,s05,49,123,48,7,so,6.469352,4.993036,2.863767
bass_2,s05,49,123,48,4,uro,5.751511,4.649504,1.80032
bass_2,s05,50,124,49,3,basi,4.860157,5.068887,2.1565820000000002
bass_2,s05,50,124,49,2,eye,6.111912,6.255576,3.141612
bass_2,s05,50,124,49,1,lj,4.130595,5.410169,2.426684
bass_2,s05,50,124,49,6,p2,9.06917076735547,4.529260432568391,1.3188300886763695
bass_2,s05,50,124,49,6,pm,4.30903,6.551024,2.305162
bass_2,s05,50,124,49,8,quad,5.766193574786998,5.118022769710168,2.7732372474448512
bass_2,s05,50,124,49,7,so,6.43529,4.983417,2.855499
bass_2,s05,50,124,49,4,uro,5.71519,4.650424,1.822288
bass_2,s05,51,125,50,3,basi,4.840467,5.048599,2.187489
bass_2,s05,51,125,50,2,eye,6.069538,6.233349,3.146361
bass_2,s05,51,125,50,1,lj,4.100164,5.415845,2.447875
bass_2,s05,51,125,50,6,p2,9.031605088726511,4.534825439300513,1.32606087750391
bass_2,s05,51,125,50,6,pm,4.269429,6.487045,2.335313
bass_2,s05,51,125,50,8,quad,5.761578420632393,5.078090939518938,2.741352158757212
bass_2,s05,51,125,50,7,so,6.411441,4.977027,2.859862
bass_2,s05,51,125,50,4,uro,5.708768,4.633722,1.812426
bass_2,s05,52,126,51,3,basi,4.824169,5.032186,2.20536
bass_2,s05,52,126,51,2,eye,6.018848,6.217012,3.1528
bass_2,s05,52,126,51,1,lj,4.08221,5.424967,2.461166
bass_2,s05,52,126,51,6,p2,8.993720199671223,4.539885892753988,1.3328510357570107
bass_2,s05,52,126,51,6,pm,4.241274,6.462707,2.371998
bass_2,s05,52,126,51,8,quad,5.7290338517938455,5.080869915685672,2.7550375158061824
bass_2,s05,52,126,51,7,so,6.3834,4.96414,2.877452
bass_2,s05,52,126,51,4,uro,5.652331,4.623873,1.835087
bass_2,s05,53,127,52,3,basi,4.795418,5.024729,2.231096
bass_2,s05,53,127,52,2,eye,5.98973,6.194671,3.1453
bass_2,s05,53,127,52,1,lj,4.06826,5.444441,2.510584
bass_2,s05,53,127,52,6,p2,8.95549233862122,4.544380252643059,1.3385714652427172
bass_2,s05,53,127,52,6,pm,4.208805,6.4135,2.405558
bass_2,s05,53,127,52,8,quad,5.723858224447542,5.051942858534534,2.824894480050817
bass_2,s05,53,127,52,7,so,6.362285,4.950834,2.87372
bass_2,s05,53,127,52,4,uro,5.622918,4.607899,1.851013
bass_2,s05,54,128,53,3,basi,4.781134,4.996144,2.25417
bass_2,s05,54,128,53,2,eye,5.961794,6.180896,3.140188
bass_2,s05,54,128,53,1,lj,4.049732,5.471557,2.541481
bass_2,s05,54,128,53,6,p2,8.917073997848608,4.547730630933578,1.3441964058979037
bass_2,s05,54,128,53,6,pm,4.189113,6.366791,2.460799
bass_2,s05,54,128,53,8,quad,5.719364396505757,5.04507388617539,2.7758649116973255
bass_2,s05,54,128,53,7,so,6.346351,4.933877,2.865894
bass_2,s05,54,128,53,4,uro,5.582309,4.580995,1.867708
bass_2,s05,55,129,54,3,basi,4.743147,4.976278,2.280594
bass_2,s05,55,129,54,2,eye,5.935771,6.155472,3.146581
bass_2,s05,55,129,54,1,lj,4.015938,5.489952,2.549256
bass_2,s05,55,129,54,6,p2,8.878427344154368,4.55008855772849,1.3493491024156856
bass_2,s05,55,129,54,6,pm,4.167207,6.314136,2.512119
bass_2,s05,55,129,54,8,quad,5.705891867395608,5.051320642747526,2.7589748975487542
bass_2,s05,55,129,54,7,so,6.32262,4.924096,2.866231
bass_2,s05,55,129,54,4,uro,5.555463,4.581713,1.878603
bass_2,s05,56,130,55,3,basi,4.71084,4.977363,2.280472
bass_2,s05,56,130,55,2,eye,5.895218,6.135964,3.159921
bass_2,s05,56,130,55,1,lj,4.009913,5.519575,2.573164
bass_2,s05,56,130,55,6,p2,8.839032538806398,4.551448011431403,1.3540430804812584
bass_2,s05,56,130,55,6,pm,4.15977,6.284785,2.531491
bass_2,s05,56,130,55,8,quad,5.651659335636442,5.081430361143118,2.7733268103446074
bass_2,s05,56,130,55,7,so,6.286054,4.911042,2.85389
bass_2,s05,56,130,55,4,uro,5.512745,4.582487,1.885594
bass_2,s05,57,131,56,3,basi,4.677676,4.969017,2.276235
bass_2,s05,57,131,56,2,eye,5.882118,6.118448,3.158766
bass_2,s05,57,131,56,1,lj,4.000498,5.523921,2.5921
bass_2,s05,57,131,56,6,p2,8.79957840328736,4.552239654421497,1.3580907952517047
bass_2,s05,57,131,56,6,pm,4.135551,6.246059,2.542498
bass_2,s05,57,131,56,8,quad,5.660889944844573,5.062040838138708,2.8056172769802115
bass_2,s05,57,131,56,7,so,6.282075,4.907703,2.854041
bass_2,s05,57,131,56,4,uro,5.457261,4.572727,1.901856
bass_2,s05,58,132,57,3,basi,4.66072,4.953312,2.277467
bass_2,s05,58,132,57,2,eye,5.858592,6.116293,3.164109
bass_2,s05,58,132,57,1,lj,3.993009,5.549463,2.606705
bass_2,s05,58,132,57,6,p2,8.759289063146067,4.5519353008303565,1.361602292902735
bass_2,s05,58,132,57,6,pm,4.108675,6.200488,2.553688
bass_2,s05,58,132,57,8,quad,5.622339675165234,5.073653549793502,2.7825196460200967
bass_2,s05,58,132,57,7,so,6.256986,4.894504,2.854539
bass_2,s05,58,132,57,4,uro,5.421896,4.584533,1.900647
bass_2,s05,59,133,58,3,basi,4.619904,4.953663,2.285304
bass_2,s05,59,133,58,2,eye,5.816858,6.086376,3.172386
bass_2,s05,59,133,58,1,lj,3.975203,5.567083,2.625099
bass_2,s05,59,133,58,6,p2,8.718866700776601,4.550069232444384,1.3652039191764735
bass_2,s05,59,133,58,6,pm,4.086771,6.167813,2.568455
bass_2,s05,59,133,58,8,quad,5.585820017020441,5.083459200940543,2.7899327318714384
bass_2,s05,59,133,58,7,so,6.230641,4.881352,2.855051
bass_2,s05,59,133,58,4,uro,5.400811,4.557413,1.925727
bass_2,s05,60,134,59,3,basi,4.585665,4.954513,2.285052
bass_2,s05,60,134,59,2,eye,5.792995,6.076567,3.174428
bass_2,s05,60,134,59,1,lj,3.970971,5.592323,2.639668
bass_2,s05,60,134,59,6,p2,8.678897804631667,4.547578861996293,1.3681428377243623
bass_2,s05,60,134,59,6,pm,4.069112,6.122201,2.592909
bass_2,s05,60,134,59,8,quad,5.595284698971308,5.063508941560581,2.7947622646330443
bass_2,s05,60,134,59,7,so,6.203328,4.874888,2.842402
bass_2,s05,60,134,59,4,uro,5.357176,4.547164,1.936056
bass_2,s05,61,135,60,3,basi,4.54475,4.954909,2.301322
bass_2,s05,61,135,60,2,eye,5.77618,6.05396,3.171659
bass_2,s05,61,135,60,1,lj,3.961316,5.626169,2.657001
bass_2,s05,61,135,60,6,p2,8.638515736874792,4.544971329955312,1.3707282746608425
bass_2,s05,61,135,60,6,pm,4.051234,6.08289,2.616793
bass_2,s05,61,135,60,8,quad,5.574563379127201,5.08799983801137,2.8124977156798705
bass_2,s05,61,135,60,7,so,6.19,4.851091,2.835061
bass_2,s05,61,135,60,4,uro,5.28648,4.559676,1.941105
bass_2,s05,62,136,61,3,basi,4.523542,4.947225,2.327016
bass_2,s05,62,136,61,2,eye,5.752901,6.03909,3.17394
bass_2,s05,62,136,61,1,lj,3.955674,5.643157,2.665702
bass_2,s05,62,136,61,6,p2,8.59857686802059,4.5415050339032526,1.3732283705789323
bass_2,s05,62,136,61,6,pm,4.042407,6.053442,2.644627
bass_2,s05,62,136,61,8,quad,5.550861052367839,5.037968958749343,2.7766125706097684
bass_2,s05,62,136,61,7,so,6.159841,4.831063,2.827429
bass_2,s05,62,136,61,4,uro,5.246363,4.583231,1.965451
bass_2,s05,63,137,62,3,basi,4.482813,4.960461,2.342606
bass_2,s05,63,137,62,2,eye,5.723824,6.026818,3.17786
bass_2,s05,63,137,62,1,lj,3.949406,5.668303,2.68673
bass_2,s05,63,137,62,6,p2,8.558593089982587,4.537442926609058,1.375560254987808
bass_2,s05,63,137,62,6,pm,4.029457,6.03717,2.667248
bass_2,s05,63,137,62,8,quad,5.516558438968964,5.007377586819063,2.784482365622144
bass_2,s05,63,137,62,7,so,6.138892,4.817672,2.819488
bass_2,s05,63,137,62,4,uro,5.196842,4.595064,1.970616
bass_2,s05,64,138,63,3,basi,4.449702,4.973218,2.341302
bass_2,s05,64,138,63,2,eye,5.70666,6.014396,3.172792
bass_2,s05,64,138,63,1,lj,3.94518,5.676561,2.699033
bass_2,s05,64,138,63,6,p2,8.519740145548285,4.533071879539945,1.377506469572203
bass_2,s05,64,138,63,6,pm,4.012298,6.033976,2.693394
bass_2,s05,64,138,63,8,quad,5.523089483453496,5.026651401169185,2.759861694519324
bass_2,s05,64,138,63,7,so,6.114118,4.811179,2.811126
bass_2,s05,64,138,63,4,uro,5.154766,4.613004,1.998674
bass_2,s05,65,139,64,3,basi,4.410343,4.995195,2.339705
bass_2,s05,65,139,64,2,eye,5.691969,6.004482,3.174932
bass_2,s05,65,139,64,1,lj,3.939602,5.710495,2.700423
bass_2,s05,65,139,64,6,p2,8.48199229929993,4.528473682505406,1.3793559539335751
bass_2,s05,65,139,64,6,pm,4.002928,6.033783,2.70625
bass_2,s05,65,139,64,8,quad,5.497778444670484,5.054077317207751,2.7854078979844368
bass_2,s05,65,139,64,7,so,6.108541,4.790756,2.812195
bass_2,s05,65,139,64,4,uro,5.127433,4.613766,2.001794
bass_2,s05,66,140,65,3,basi,4.391753,5.008063,2.338705
bass_2,s05,66,140,65,2,eye,5.670962,5.99215,3.177125
bass_2,s05,66,140,65,1,lj,3.930435,5.727597,2.699438
bass_2,s05,66,140,65,6,p2,8.44528760422093,4.524331399524918,1.3806589031518182
bass_2,s05,66,140,65,6,pm,3.975899,6.018263,2.720152
bass_2,s05,66,140,65,8,quad,5.479466305090973,5.036392091640354,2.7517705739601532
bass_2,s05,66,140,65,7,so,6.088736,4.774034,2.812965
bass_2,s05,66,140,65,4,uro,5.069125,4.653807,2.014728
bass_2,s05,67,141,66,3,basi,4.370988,5.028969,2.345424
bass_2,s05,67,141,66,2,eye,5.645699,5.97479,3.181335
bass_2,s05,67,141,66,1,lj,3.921881,5.749262,2.698423
bass_2,s05,67,141,66,6,p2,8.409558560453242,4.520022214629237,1.382182776352329
bass_2,s05,67,141,66,6,pm,3.968178,6.011835,2.720419
bass_2,s05,67,141,66,8,quad,5.457829420302367,5.057852827086346,2.7555042908072687
bass_2,s05,67,141,66,7,so,6.074443,4.76387,2.800671
bass_2,s05,67,141,66,4,uro,5.039769,4.671217,2.02971
bass_2,s05,68,142,67,3,basi,4.353371,5.037894,2.34903
bass_2,s05,68,142,67,2,eye,5.617476,5.965016,3.1833
bass_2,s05,68,142,67,1,lj,3.912163,5.744896,2.688637
bass_2,s05,68,142,67,6,p2,8.375190016483373,4.515353437947582,1.383132886281676
bass_2,s05,68,142,67,6,pm,3.951146,6.0154,2.720037
bass_2,s05,68,142,67,8,quad,5.47927800604187,5.0211619605794064,2.7303949478670018
bass_2,s05,68,142,67,7,so,6.06152,4.743317,2.780528
bass_2,s05,68,142,67,4,uro,5.029544,4.671251,2.026261
bass_2,s05,69,143,68,3,basi,4.328645,5.038147,2.361349
bass_2,s05,69,143,68,2,eye,5.596056,5.952631,3.18365
bass_2,s05,69,143,68,1,lj,3.892882,5.73302,2.676376
bass_2,s05,69,143,68,6,p2,8.342592802050797,4.511239862126841,1.3840406525279192
bass_2,s05,69,143,68,6,pm,3.942439,5.999372,2.712188
bass_2,s05,69,143,68,8,quad,5.397301204594048,5.044581989992326,2.7627967618510647
bass_2,s05,69,143,68,7,so,6.057327,4.733184,2.785286
bass_2,s05,69,143,68,4,uro,4.996061,4.705264,2.020134
bass_2,s05,70,144,69,3,basi,4.316256,5.04657,2.385946
bass_2,s05,70,144,69,2,eye,5.585072,5.950214,3.183631
bass_2,s05,70,144,69,1,lj,3.871491,5.70831,2.671167
bass_2,s05,70,144,69,6,p2,8.311093757262073,4.507501880291009,1.384543542239235
bass_2,s05,70,144,69,6,pm,3.923145,6.00027,2.703488
bass_2,s05,70,144,69,8,quad,5.401868512433499,5.052559175304112,2.6622385101155754
bass_2,s05,70,144,69,7,so,6.028343,4.733943,2.801943
bass_2,s05,70,144,69,4,uro,4.937576,4.717644,2.038574
bass_2,s05,71,145,70,3,basi,4.30497,5.047447,2.386116
bass_2,s05,71,145,70,2,eye,5.572544,5.940287,3.183976
bass_2,s05,71,145,70,1,lj,3.842016,5.691785,2.668436
bass_2,s05,71,145,70,6,p2,8.281387524243875,4.503783922256956,1.384374833369782
bass_2,s05,71,145,70,6,pm,3.902414,5.990613,2.694962
bass_2,s05,71,145,70,8,quad,5.396862027964891,5.023497754834045,2.743031377973539
bass_2,s05,71,145,70,7,so,6.023062,4.723727,2.798234
bass_2,s05,71,145,70,4,uro,4.910145,4.73509,2.06684
bass_2,s05,72,146,71,3,basi,4.269487,5.047614,2.377103
bass_2,s05,72,146,71,2,eye,5.562886,5.932792,3.184221
bass_2,s05,72,146,71,1,lj,3.82615,5.688177,2.658957
bass_2,s05,72,146,71,6,p2,8.25215168829017,4.500066294099613,1.3844661706656016
bass_2,s05,72,146,71,6,pm,3.885314,5.997444,2.694389
bass_2,s05,72,146,71,8,quad,5.415095939557891,4.966620000728743,2.7259854192762574
bass_2,s05,72,146,71,7,so,6.001035,4.713634,2.781656
bass_2,s05,72,146,71,4,uro,4.872246,4.741758,2.086015
bass_2,s05,73,147,72,3,basi,4.259812,5.048379,2.37726
bass_2,s05,73,147,72,2,eye,5.549205,5.933058,3.189537
bass_2,s05,73,147,72,1,lj,3.807822,5.6885,2.655513
bass_2,s05,73,147,72,6,p2,8.224886096560574,4.496373219662121,1.3837887903186918
bass_2,s05,73,147,72,6,pm,3.866134,5.984963,2.690669
bass_2,s05,73,147,72,8,quad,5.380002179934249,4.978755667094839,2.7450027955253002
bass_2,s05,73,147,72,7,so,5.982882,4.706946,2.769162
bass_2,s05,73,147,72,4,uro,4.864012,4.730776,2.099942
bass_2,s05,74,148,73,3,basi,4.254908,5.05291,2.377062
bass_2,s05,74,148,73,2,eye,5.52778,5.920654,3.1917
bass_2,s05,74,148,73,1,lj,3.77678,5.676346,2.636436
bass_2,s05,74,148,73,6,p2,8.198626232880658,4.493224948898464,1.383439223980685
bass_2,s05,74,148,73,6,pm,3.841232,5.984892,2.672667
bass_2,s05,74,148,73,8,quad,5.382284469522662,4.947601513237368,2.7354279081211352
bass_2,s05,74,148,73,7,so,5.94679,4.714136,2.747238
bass_2,s05,74,148,73,4,uro,4.857678,4.747523,2.098639
bass_2,s05,75,149,74,3,basi,4.235415,5.061424,2.372025
bass_2,s05,75,149,74,2,eye,5.510808,5.920966,3.195151
bass_2,s05,75,149,74,1,lj,3.762972,5.675991,2.635967
bass_2,s05,75,149,74,6,p2,8.173117768856072,4.489869434930152,1.3823862454161968
bass_2,s05,75,149,74,6,pm,3.829513,5.991939,2.663559
bass_2,s05,75,149,74,8,quad,5.347957671346951,4.959200269910334,2.742188706769371
bass_2,s05,75,149,74,7,so,5.920887,4.707574,2.73469
bass_2,s05,75,149,74,4,uro,4.842916,4.759039,2.094428
bass_2,s05,76,150,75,3,basi,4.23219,5.061681,2.372081
bass_2,s05,76,150,75,2,eye,5.497916,5.91096,3.197291
bass_2,s05,76,150,75,1,lj,3.747129,5.668164,2.636437
bass_2,s05,76,150,75,6,p2,8.148745014166298,4.4867104534459985,1.381740910386435
bass_2,s05,76,150,75,6,pm,3.819057,5.995534,2.663316
bass_2,s05,76,150,75,8,quad,5.239506952628134,4.983873929892049,2.6670158587948043
bass_2,s05,76,150,75,7,so,5.894786,4.70456,2.730384
bass_2,s05,76,150,75,4,uro,4.821665,4.781932,2.102604
bass_2,s05,77,151,76,3,basi,4.207211,5.074398,2.3878
bass_2,s05,77,151,76,2,eye,5.483076,5.911238,3.198945
bass_2,s05,77,151,76,1,lj,3.743063,5.680779,2.658263
bass_2,s05,77,151,76,6,p2,8.12482053381214,4.4834355206712715,1.380891632030178
bass_2,s05,77,151,76,6,pm,3.805944,5.999056,2.662986
bass_2,s05,77,151,76,8,quad,5.24566894865639,4.993125978390375,2.7064292742926654
bass_2,s05,77,151,76,7,so,5.875494,4.701238,2.713475
bass_2,s05,77,151,76,4,uro,4.806879,4.771422,2.113319
bass_2,s05,78,152,77,3,basi,4.209146,5.078883,2.383488
bass_2,s05,78,152,77,2,eye,5.470453,5.9115,3.200632
bass_2,s05,78,152,77,1,lj,3.722864,5.689612,2.660822
bass_2,s05,78,152,77,6,p2,8.102188598434601,4.480143889068686,1.3803704111195685
bass_2,s05,78,152,77,6,pm,3.784909,5.999256,2.680145
bass_2,s05,78,152,77,8,quad,5.248721303211712,5.029946741390223,2.730300503387369
bass_2,s05,78,152,77,7,so,5.865207,4.697868,2.705121
bass_2,s05,78,152,77,4,uro,4.787983,4.793936,2.124701
bass_2,s05,79,153,78,3,basi,4.193414,5.091719,2.412124
bass_2,s05,79,153,78,2,eye,5.45477,5.911857,3.200474
bass_2,s05,79,153,78,1,lj,3.71423,5.690118,2.68033
bass_2,s05,79,153,78,6,p2,8.079869464532086,4.477259031905042,1.3802689963970871
bass_2,s05,79,153,78,6,pm,3.772957,5.999205,2.701737
bass_2,s05,79,153,78,8,quad,5.275812986209975,4.937919595555372,2.711724378447406
bass_2,s05,79,153,78,7,so,5.844285,4.705104,2.704484
bass_2,s05,79,153,78,4,uro,4.771196,4.816372,2.129493
bass_2,s05,80,154,79,3,basi,4.179335,5.104378,2.436511
bass_2,s05,80,154,79,2,eye,5.444011,5.899262,3.200933
bass_2,s05,80,154,79,1,lj,3.702638,5.689968,2.692958
bass_2,s05,80,154,79,6,p2,8.05817681001568,4.47416582916992,1.3806371590799276
bass_2,s05,80,154,79,6,pm,3.768743,6.002289,2.727609
bass_2,s05,80,154,79,8,quad,5.2078353915660776,4.980143106656818,2.73678869753644
bass_2,s05,80,154,79,7,so,5.824519,4.691781,2.705087
bass_2,s05,80,154,79,4,uro,4.748265,4.816777,2.142491
bass_2,s05,81,155,80,3,basi,4.170887,5.117588,2.452816
bass_2,s05,81,155,80,2,eye,5.429211,5.902108,3.200653
bass_2,s05,81,155,80,1,lj,3.691738,5.690234,2.705821
bass_2,s05,81,155,80,6,p2,8.037046463124273,4.47134801106276,1.3814009334367383
bass_2,s05,81,155,80,6,pm,3.762337,6.006155,2.727584
bass_2,s05,81,155,80,8,quad,5.206671639427876,4.956316124710519,2.6873081763336337
bass_2,s05,81,155,80,7,so,5.811632,4.695351,2.700526
bass_2,s05,81,155,80,4,uro,4.727294,4.817313,2.152269
bass_2,s05,82,156,81,3,basi,4.169205,5.121864,2.452576
bass_2,s05,82,156,81,2,eye,5.421656,5.899659,3.202495
bass_2,s05,82,156,81,1,lj,3.674775,5.690274,2.737866
bass_2,s05,82,156,81,6,p2,8.016630900112743,4.468731525485384,1.3825938028280265
bass_2,s05,82,156,81,6,pm,3.74538,6.003122,2.736286
bass_2,s05,82,156,81,8,quad,5.221792207070957,4.902242198332583,2.743131574065087
bass_2,s05,82,156,81,7,so,5.810217,4.685115,2.701122
bass_2,s05,82,156,81,4,uro,4.719115,4.81176,2.159143
bass_2,s05,83,157,82,3,basi,4.151076,5.130382,2.468733
bass_2,s05,83,157,82,2,eye,5.411008,5.89474,3.204428
bass_2,s05,83,157,82,1,lj,3.662096,5.711841,2.749694
bass_2,s05,83,157,82,6,p2,7.996745801720015,4.466290413430487,1.3846930812709255
bass_2,s05,83,157,82,6,pm,3.736163,6.003221,2.749267
bass_2,s05,83,157,82,8,quad,5.23046632874753,4.970353564363547,2.743785865632336
bass_2,s05,83,157,82,7,so,5.786842,4.688881,2.696449
bass_2,s05,83,157,82,4,uro,4.70215,4.823352,2.17479
bass_2,s05,84,158,83,3,basi,4.145796,5.130323,2.477073
bass_2,s05,84,158,83,2,eye,5.40053,5.902632,3.203968
bass_2,s05,84,158,83,1,lj,3.661676,5.711593,2.759275
bass_2,s05,84,158,83,6,p2,7.97742233808626,4.464277100396691,1.386886957553421
bass_2,s05,84,158,83,6,pm,3.723086,5.996561,2.758051
bass_2,s05,84,158,83,8,quad,5.171313273122148,4.961963231345387,2.7107865726085625
bass_2,s05,84,158,83,7,so,5.767326,4.685731,2.692223
bass_2,s05,84,158,83,4,uro,4.687504,4.812664,2.195345
bass_2,s05,85,159,84,3,basi,4.130534,5.1394590000000004,2.502051
bass_2,s05,85,159,84,2,eye,5.384849,5.902997,3.203816
bass_2,s05,85,159,84,1,lj,3.653589,5.691192,2.776769
bass_2,s05,85,159,84,6,p2,7.958901191516634,4.462328119842029,1.3897470420359612
bass_2,s05,85,159,84,6,pm,3.716731,5.993804,2.771465
bass_2,s05,85,159,84,8,quad,5.176445195225434,4.925316965938676,2.7234288349668687
bass_2,s05,85,159,84,7,so,5.748762,4.682831,2.704904
bass_2,s05,85,159,84,4,uro,4.668404,4.829805,2.21389
bass_2,s05,86,160,85,3,basi,4.105781,5.160893,2.513316
bass_2,s05,86,160,85,2,eye,5.378433,5.900551,3.203857
bass_2,s05,86,160,85,1,lj,3.639886,5.712118,2.785025
bass_2,s05,86,160,85,6,p2,7.9408472212477585,4.460997394719797,1.392692116469476
bass_2,s05,86,160,85,6,pm,3.703606,5.990619,2.793279
bass_2,s05,86,160,85,8,quad,5.134272002243749,4.939826738107893,2.6760234068195277
bass_2,s05,86,160,85,7,so,5.743525,4.682956,2.709074
bass_2,s05,86,160,85,4,uro,4.666141,4.8354799999999996,2.226754
bass_2,s05,87,161,86,3,basi,4.088376,5.190208,2.515544
bass_2,s05,87,161,86,2,eye,5.365842,5.900832,3.20373
bass_2,s05,87,161,86,1,lj,3.631966,5.704547,2.785758
bass_2,s05,87,161,86,6,p2,7.923463862740236,4.459994901916895,1.395659324756115
bass_2,s05,87,161,86,6,pm,3.679895,5.994033,2.805813
bass_2,s05,87,161,86,8,quad,5.189706664604067,4.9784707837161655,2.7446197996672073
bass_2,s05,87,161,86,7,so,5.742127,4.696757,2.708246
bass_2,s05,87,161,86,4,uro,4.655346,4.841637,2.233046
bass_2,s05,88,162,87,3,basi,4.077231,5.190373,2.528135
bass_2,s05,88,162,87,2,eye,5.352876,5.903554,3.205262
bass_2,s05,88,162,87,1,lj,3.612488,5.716874,2.752115
bass_2,s05,88,162,87,6,p2,7.907169725257181,4.4590879298835056,1.3996290576106076
bass_2,s05,88,162,87,6,pm,3.677351,5.990733,2.801549
bass_2,s05,88,162,87,8,quad,5.132767091389645,4.988924074603231,2.7217237663644944
bass_2,s05,88,162,87,7,so,5.740452,4.679868,2.721919
bass_2,s05,88,162,87,4,uro,4.648934,4.847386,2.242565
bass_2,s05,89,163,88,3,basi,4.052693,5.203473,2.531448
bass_2,s05,89,163,88,2,eye,5.335713,5.908919,3.206633
bass_2,s05,89,163,88,1,lj,3.609226,5.71295,2.768627
bass_2,s05,89,163,88,6,p2,7.891521186871701,4.458766342044743,1.4025640483412998
bass_2,s05,89,163,88,6,pm,3.671159,5.984621,2.788869
bass_2,s05,89,163,88,8,quad,5.122164927945206,5.004976916535527,2.7326245967716525
bass_2,s05,89,163,88,7,so,5.740452,4.679868,2.721919
bass_2,s05,89,163,88,4,uro,4.644515,4.858749,2.241825
bass_2,s05,90,164,89,3,basi,4.041932,5.219805,2.534342
bass_2,s05,90,164,89,2,eye,5.316735,5.904211,3.204847
bass_2,s05,90,164,89,1,lj,3.589904,5.713828,2.775176
bass_2,s05,90,164,89,6,p2,7.876860264614411,4.458679617078527,1.4056285287990131
bass_2,s05,90,164,89,6,pm,3.655153,5.990942,2.792462
bass_2,s05,90,164,89,8,quad,5.11563175340401,4.944192565629134,2.7286687156567053
bass_2,s05,90,164,89,7,so,5.722223,4.680172,2.721727
bass_2,s05,90,164,89,4,uro,4.629376,4.859674,2.265142
bass_2,s05,91,165,90,3,basi,4.015182,5.212145,2.538887
bass_2,s05,91,165,90,2,eye,5.307146,5.904379,3.202912
bass_2,s05,91,165,90,1,lj,3.592244,5.691682,2.782233
bass_2,s05,91,165,90,6,p2,7.86318661058016,4.45896512192943,1.4082403461055897
bass_2,s05,91,165,90,6,pm,3.653888,5.991068,2.792497
bass_2,s05,91,165,90,8,quad,5.108389176097881,4.989162918127716,2.744122127041745
bass_2,s05,91,165,90,7,so,5.722445,4.679984,2.709057
bass_2,s05,91,165,90,4,uro,4.616593,4.882032,2.280034
bass_2,s05,92,166,91,3,basi,4.014939,5.224562,2.538103
bass_2,s05,92,166,91,2,eye,5.300732,5.912152,3.195196
bass_2,s05,92,166,91,1,lj,3.575058,5.701222,2.785265
bass_2,s05,92,166,91,6,p2,7.850801033963352,4.459565704504475,1.4105262657055055
bass_2,s05,92,166,91,6,pm,3.653888,5.991068,2.792497
bass_2,s05,92,166,91,8,quad,5.082259236079068,5.003982154313947,2.7071106239367655
bass_2,s05,92,166,91,7,so,5.705546,4.680246,2.708876
bass_2,s05,92,166,91,4,uro,4.610308,4.882103,2.293218
bass_2,s05,93,167,92,3,basi,4.014857,5.228702,2.537842
bass_2,s05,93,167,92,2,eye,5.289243,5.914994,3.187684
bass_2,s05,93,167,92,1,lj,3.567442,5.712714,2.780601
bass_2,s05,93,167,92,6,p2,7.839821769924152,4.460494316767362,1.4128763761750045
bass_2,s05,93,167,92,6,pm,3.650334,5.981672,2.793152
bass_2,s05,93,167,92,8,quad,5.146927182065191,4.9815539959278246,2.713776285209277
bass_2,s05,93,167,92,7,so,5.702965,4.680275,2.708848
bass_2,s05,93,167,92,4,uro,4.597384,4.882906,2.303282
bass_2,s05,94,168,93,3,basi,4.009448,5.232772,2.550192
bass_2,s05,94,168,93,2,eye,5.280145,5.915327,3.183997
bass_2,s05,94,168,93,1,lj,3.557688,5.713699,2.780916
bass_2,s05,94,168,93,6,p2,7.830229122608423,4.461749086394809,1.4136522671485616
bass_2,s05,94,168,93,6,pm,3.632173,5.978614,2.779957
bass_2,s05,94,168,93,8,quad,5.0939810781026615,4.966006163883895,2.714760230535282
bass_2,s05,94,168,93,7,so,5.682337,4.701043,2.694737
bass_2,s05,94,168,93,4,uro,4.587662,4.87125,2.293674
bass_2,s05,95,169,94,3,basi,4.006763,5.232747,2.558627
bass_2,s05,95,169,94,2,eye,5.275654,5.915329,3.180271
bass_2,s05,95,169,94,1,lj,3.550314,5.709536,2.77129
bass_2,s05,95,169,94,6,p2,7.822571450481453,4.463316955847404,1.413937037270964
bass_2,s05,95,169,94,6,pm,3.628377,5.978994,2.780064
bass_2,s05,95,169,94,8,quad,5.071484577963434,5.0420597192344125,2.6967275556400843
bass_2,s05,95,169,94,7,so,5.673593,4.707771,2.677328
bass_2,s05,95,169,94,4,uro,4.599982,4.882298,2.276536
bass_2,s05,96,170,95,3,basi,3.988063,5.245605,2.557705
bass_2,s05,96,170,95,2,eye,5.271512,5.915448,3.176595
bass_2,s05,96,170,95,1,lj,3.545785,5.697487,2.768938
bass_2,s05,96,170,95,6,p2,7.816262713408165,4.465287612380708,1.413548491404738
bass_2,s05,96,170,95,6,pm,3.623213,5.975641,2.77136
bass_2,s05,96,170,95,8,quad,5.1030009561596055,4.962777503801655,2.665404788451035
bass_2,s05,96,170,95,7,so,5.673593,4.707771,2.677328
bass_2,s05,96,170,95,4,uro,4.585092,4.899249,2.29185
bass_2,s05,97,171,96,3,basi,3.988063,5.245605,2.557705
bass_2,s05,97,171,96,2,eye,5.269381,5.91549,3.171106
bass_2,s05,97,171,96,1,lj,3.534031,5.69717,2.755573
bass_2,s05,97,171,96,6,p2,7.812374226267943,4.4674251401657665,1.412441118271108
bass_2,s05,97,171,96,6,pm,3.618151,5.976149,2.771505
bass_2,s05,97,171,96,8,quad,5.089576787315829,4.992488358016372,2.6614247407479747
bass_2,s05,97,171,96,7,so,5.667336,4.711108,2.664375
bass_2,s05,97,171,96,4,uro,4.580606,4.91615,2.290746
bass_2,s05,98,172,97,3,basi,3.988145,5.245567,2.549188
bass_2,s05,98,172,97,2,eye,5.262292,5.915752,3.165607
bass_2,s05,98,172,97,1,lj,3.523651,5.68497,2.743318
bass_2,s05,98,172,97,6,p2,7.810370902901251,4.469968013779332,1.4103679243001987
bass_2,s05,98,172,97,6,pm,3.60525,5.976552,2.753967
bass_2,s05,98,172,97,8,quad,5.032034882657168,4.991403142535879,2.700844878146025
bass_2,s05,98,172,97,7,so,5.659662,4.711126,2.660062
bass_2,s05,98,172,97,4,uro,4.580545,4.921687,2.290363
bass_2,s05,99,173,98,3,basi,3.990788,5.249715,2.536232
bass_2,s05,99,173,98,2,eye,5.256281,5.915999,3.161946
bass_2,s05,99,173,98,1,lj,3.523517,5.693387,2.729909
bass_2,s05,99,173,98,6,p2,7.810473842811218,4.4729820475091,1.4073836150620458
bass_2,s05,99,173,98,6,pm,3.59389,5.9672790000000004,2.750174
bass_2,s05,99,173,98,8,quad,5.03895052473728,4.984588651424505,2.6767853092138183
bass_2,s05,99,173,98,7,so,5.651885,4.711183,2.647316
bass_2,s05,99,173,98,4,uro,4.576341,4.932708,2.289499
bass_2,s05,100,174,99,3,basi,3.990788,5.249715,2.536232
bass_2,s05,100,174,99,2,eye,5.246716,5.916179,3.158194
bass_2,s05,100,174,99,1,lj,3.511509,5.681349,2.71772
bass_2,s05,100,174,99,6,p2,7.812176980134161,4.476536452164589,1.403748691725808
bass_2,s05,100,174,99,6,pm,3.583463,5.967153,2.723705
bass_2,s05,100,174,99,8,quad,5.106569173113862,4.992925914457284,2.667865645694434
bass_2,s05,100,174,99,7,so,5.648219,4.714502,2.63861
bass_2,s05,100,174,99,4,uro,4.572188,4.932793,2.28614
bass_2,s05,101,175,100,3,basi,3.990788,5.249715,2.536232
bass_2,s05,101,175,100,2,eye,5.237178,5.91637,3.152625
bass_2,s05,101,175,100,1,lj,3.506918,5.680787,2.71086
bass_2,s05,101,175,100,6,p2,7.815326183247247,4.480535900702318,1.399453196321243
bass_2,s05,101,175,100,6,pm,3.583368,5.967047,2.736749
bass_2,s05,101,175,100,8,quad,5.047335726440957,4.992548956601808,2.6587724690389396
bass_2,s05,101,175,100,7,so,5.641856,4.714468,2.625872
bass_2,s05,101,175,100,4,uro,4.563924,4.93293,2.276086
bass_2,s05,102,176,101,3,basi,3.985456,5.261948,2.52251
bass_2,s05,102,176,101,2,eye,NA,NA,NA
bass_2,s05,102,176,101,1,lj,3.482972,5.672549,2.697995
bass_2,s05,102,176,101,6,p2,7.822073565766094,4.484604553393964,1.3941969848459144
bass_2,s05,102,176,101,6,pm,NA,NA,NA
bass_2,s05,102,176,101,8,quad,4.974886669741182,4.9842754244786605,2.5926193611401898
bass_2,s05,102,176,101,7,so,5.626218,4.707811,2.617688
bass_2,s05,102,176,101,4,uro,4.551425,4.943939,2.285033
bass_2,s05,103,177,102,3,basi,3.986573,5.262102,2.509847
bass_2,s05,103,177,102,2,eye,NA,NA,NA
bass_2,s05,103,177,102,1,lj,3.486759,5.676847,2.704352
bass_2,s05,103,177,102,6,p2,7.828581093286384,4.490068221683836,1.3885743557256536
bass_2,s05,103,177,102,6,pm,NA,NA,NA
bass_2,s05,103,177,102,8,quad,NA,NA,NA
bass_2,s05,103,177,102,7,so,NA,NA,NA
bass_2,s05,103,177,102,4,uro,4.549301,4.960346,2.283759
bass_2,s05,104,178,103,3,basi,3.976901,5.27447,2.50885
bass_2,s05,104,178,103,2,eye,NA,NA,NA
bass_2,s05,104,178,103,1,lj,3.486636,5.672475,2.68833
bass_2,s05,104,178,103,6,p2,7.836522643106231,4.496078368483833,1.3829393662266765
bass_2,s05,104,178,103,6,pm,NA,NA,NA
bass_2,s05,104,178,103,8,quad,NA,NA,NA
bass_2,s05,104,178,103,7,so,NA,NA,NA
bass_2,s05,104,178,103,4,uro,4.555448,4.965908,2.276844
bass_2,s05,105,179,104,3,basi,3.972239,5.266615,2.509485
bass_2,s05,105,179,104,2,eye,NA,NA,NA
bass_2,s05,105,179,104,1,lj,3.485127,5.664216,2.705019
bass_2,s05,105,179,104,6,p2,7.845215385470711,4.502659407234867,1.376260672779977
bass_2,s05,105,179,104,6,pm,NA,NA,NA
bass_2,s05,105,179,104,8,quad,NA,NA,NA
bass_2,s05,105,179,104,7,so,NA,NA,NA
bass_2,s05,105,179,104,4,uro,4.553355,4.9715,2.266468
bass_2,s05,106,180,105,3,basi,3.96987,5.286888,2.503671
bass_2,s05,106,180,105,2,eye,NA,NA,NA
bass_2,s05,106,180,105,1,lj,3.471253,5.673511,2.695021
bass_2,s05,106,180,105,6,p2,7.855261759214334,4.509939518683683,1.3698029795544997
bass_2,s05,106,180,105,6,pm,NA,NA,NA
bass_2,s05,106,180,105,8,quad,NA,NA,NA
bass_2,s05,106,180,105,7,so,NA,NA,NA
bass_2,s05,106,180,105,4,uro,4.559489,4.987967,2.258701
bass_2,s05,107,181,106,3,basi,3.971312,5.295029,2.503107
bass_2,s05,107,181,106,2,eye,NA,NA,NA
bass_2,s05,107,181,106,1,lj,3.472037,5.66424,2.701532
bass_2,s05,107,181,106,6,p2,7.865676340527555,4.518036784288902,1.3626239978176773
bass_2,s05,107,181,106,6,pm,NA,NA,NA
bass_2,s05,107,181,106,8,quad,NA,NA,NA
bass_2,s05,107,181,106,7,so,NA,NA,NA
bass_2,s05,107,181,106,4,uro,4.559341,5.004561,2.254198
bass_2,s05,108,182,107,3,basi,3.966095,5.303117,2.485366
bass_2,s05,108,182,107,2,eye,NA,NA,NA
bass_2,s05,108,182,107,1,lj,3.466416,5.668498,2.691508
bass_2,s05,108,182,107,6,p2,7.876159856238089,4.5265772290585,1.3557214598360603
bass_2,s05,108,182,107,6,pm,NA,NA,NA
bass_2,s05,108,182,107,8,quad,NA,NA,NA
bass_2,s05,108,182,107,7,so,NA,NA,NA
bass_2,s05,108,182,107,4,uro,4.559215,5.015644,2.253422
bass_2,s05,109,183,108,3,basi,3.968532,5.311474,2.484913
bass_2,s05,109,183,108,2,eye,NA,NA,NA
bass_2,s05,109,183,108,1,lj,3.462837,5.668613,2.688261
bass_2,s05,109,183,108,6,p2,7.88679611393432,4.535600240268794,1.348645611489911
bass_2,s05,109,183,108,6,pm,NA,NA,NA
bass_2,s05,109,183,108,8,quad,NA,NA,NA
bass_2,s05,109,183,108,7,so,NA,NA,NA
bass_2,s05,109,183,108,4,uro,4.563376,5.031946,2.248867
bass_2,s05,110,184,109,3,basi,3.980401,5.31989,2.484665
bass_2,s05,110,184,109,2,eye,NA,NA,NA
bass_2,s05,110,184,109,1,lj,3.463523,5.669084,2.688518
bass_2,s05,110,184,109,6,p2,7.89739758852959,4.545018021366298,1.3410460353294056
bass_2,s05,110,184,109,6,pm,NA,NA,NA
bass_2,s05,110,184,109,8,quad,NA,NA,NA
bass_2,s05,110,184,109,7,so,NA,NA,NA
bass_2,s05,110,184,109,4,uro,4.565467,5.048344,2.237645
bass_2,s05,111,185,110,3,basi,3.977751,5.323953,2.480054
bass_2,s05,111,185,110,2,eye,NA,NA,NA
bass_2,s05,111,185,110,1,lj,3.455565,5.640163,2.680601
bass_2,s05,111,185,110,6,p2,7.90818667787184,4.5547237373236475,1.333657863366807
bass_2,s05,111,185,110,6,pm,NA,NA,NA
bass_2,s05,111,185,110,8,quad,NA,NA,NA
bass_2,s05,111,185,110,7,so,NA,NA,NA
bass_2,s05,111,185,110,4,uro,4.565278,5.064976,2.236475
bass_2,s05,112,186,111,3,basi,3.97911,5.336244,2.479219
bass_2,s05,112,186,111,2,eye,NA,NA,NA
bass_2,s05,112,186,111,1,lj,3.453649,5.6145,2.67532
bass_2,s05,112,186,111,6,p2,7.918732178537097,4.564571471013262,1.3259709247908165
bass_2,s05,112,186,111,6,pm,NA,NA,NA
bass_2,s05,112,186,111,8,quad,NA,NA,NA
bass_2,s05,112,186,111,7,so,NA,NA,NA
bass_2,s05,112,186,111,4,uro,4.565277,5.075987,2.225656
bass_2,s05,113,187,112,3,basi,3.985259,5.356362,2.464944
bass_2,s05,113,187,112,2,eye,NA,NA,NA
bass_2,s05,113,187,112,1,lj,3.449118,5.660938,2.672677
bass_2,s05,113,187,112,6,p2,7.92901718831051,4.573765056711028,1.3186379209434669
bass_2,s05,113,187,112,6,pm,NA,NA,NA
bass_2,s05,113,187,112,8,quad,NA,NA,NA
bass_2,s05,113,187,112,7,so,NA,NA,NA
bass_2,s05,113,187,112,4,uro,4.561243,5.081397,2.215129
bass_2,s05,114,188,113,3,basi,3.98562,5.368443,2.463994
bass_2,s05,114,188,113,2,eye,NA,NA,NA
bass_2,s05,114,188,113,1,lj,3.446202,5.661516,2.672919
bass_2,s05,114,188,113,6,p2,7.938854605102926,4.58327261325219,1.3111800224689951
bass_2,s05,114,188,113,6,pm,NA,NA,NA
bass_2,s05,114,188,113,8,quad,NA,NA,NA
bass_2,s05,114,188,113,7,so,NA,NA,NA
bass_2,s05,114,188,113,4,uro,4.561031,5.103559,2.210209
bass_2,s05,115,189,114,3,basi,3.974097,5.372089,2.463298
bass_2,s05,115,189,114,2,eye,NA,NA,NA
bass_2,s05,115,189,114,1,lj,3.450647,5.647913,2.689372
bass_2,s05,115,189,114,6,p2,7.948142793219769,4.592548301850405,1.3034821608735037
bass_2,s05,115,189,114,6,pm,NA,NA,NA
bass_2,s05,115,189,114,8,quad,NA,NA,NA
bass_2,s05,115,189,114,7,so,NA,NA,NA
bass_2,s05,115,189,114,4,uro,4.562997,5.120052,2.209007
bass_2,s05,116,190,115,3,basi,3.981413,5.384138,2.449664
bass_2,s05,116,190,115,2,eye,NA,NA,NA
bass_2,s05,116,190,115,1,lj,3.438216,5.661206,2.688754
bass_2,s05,116,190,115,6,p2,7.957421123677872,4.60079883193561,1.2965818457222185
bass_2,s05,116,190,115,6,pm,NA,NA,NA
bass_2,s05,116,190,115,8,quad,NA,NA,NA
bass_2,s05,116,190,115,7,so,NA,NA,NA
bass_2,s05,116,190,115,4,uro,4.563122,5.119982,2.198958
bass_2,s05,117,191,116,3,basi,3.982728,5.400575,2.444283
bass_2,s05,117,191,116,2,eye,NA,NA,NA
bass_2,s05,117,191,116,1,lj,3.433338,5.648915,2.689538
bass_2,s05,117,191,116,6,p2,7.9658213990169635,4.608747638465395,1.2899344853233103
bass_2,s05,117,191,116,6,pm,NA,NA,NA
bass_2,s05,117,191,116,8,quad,NA,NA,NA
bass_2,s05,117,191,116,7,so,NA,NA,NA
bass_2,s05,117,191,116,4,uro,4.562932,5.136628,2.197773
bass_2,s05,118,192,117,3,basi,3.985739,5.412721,2.439138
bass_2,s05,118,192,117,2,eye,NA,NA,NA
bass_2,s05,118,192,117,1,lj,3.437998,5.643971,2.689489
bass_2,s05,118,192,117,6,p2,7.9734339765136,4.615762823845534,1.2837556688382497
bass_2,s05,118,192,117,6,pm,NA,NA,NA
bass_2,s05,118,192,117,8,quad,NA,NA,NA
bass_2,s05,118,192,117,7,so,NA,NA,NA
bass_2,s05,118,192,117,4,uro,4.562932,5.136628,2.197773
bass_2,s05,119,193,118,3,basi,3.988394,5.412788,2.434942
bass_2,s05,119,193,118,2,eye,NA,NA,NA
bass_2,s05,119,193,118,1,lj,3.43565,5.649217,2.689743
bass_2,s05,119,193,118,6,p2,7.980566176065162,4.62214880247412,1.2779491667426903
bass_2,s05,119,193,118,6,pm,NA,NA,NA
bass_2,s05,119,193,118,8,quad,NA,NA,NA
bass_2,s05,119,193,118,7,so,NA,NA,NA
bass_2,s05,119,193,118,4,uro,4.558957,5.136501,2.187625
bass_2,s05,120,194,119,3,basi,3.995675,5.424861,2.425567
bass_2,s05,120,194,119,2,eye,NA,NA,NA
bass_2,s05,120,194,119,1,lj,3.430218,5.645077,2.686674
bass_2,s05,120,194,119,6,p2,7.987353429915362,4.627950707586482,1.272710035996524
bass_2,s05,120,194,119,6,pm,NA,NA,NA
bass_2,s05,120,194,119,8,quad,NA,NA,NA
bass_2,s05,120,194,119,7,so,NA,NA,NA
bass_2,s05,120,194,119,4,uro,4.556755,5.153099,2.183037
bass_2,s05,121,195,120,3,basi,3.998036,5.437382,2.42483
bass_2,s05,121,195,120,2,eye,NA,NA,NA
bass_2,s05,121,195,120,1,lj,3.433475,5.644734,2.686561
bass_2,s05,121,195,120,6,p2,7.993582576621458,4.632896838950568,1.2680086133986408
bass_2,s05,121,195,120,6,pm,NA,NA,NA
bass_2,s05,121,195,120,8,quad,NA,NA,NA
bass_2,s05,121,195,120,7,so,NA,NA,NA
bass_2,s05,121,195,120,4,uro,4.556901,5.158544,2.165879
bass_2,s05,122,196,121,3,basi,3.995465,5.437304,2.420477
bass_2,s05,122,196,121,2,eye,NA,NA,NA
bass_2,s05,122,196,121,1,lj,3.431876,5.632107,2.684009
bass_2,s05,122,196,121,6,p2,7.998873696399261,4.637204158015175,1.2639879438592143
bass_2,s05,122,196,121,6,pm,NA,NA,NA
bass_2,s05,122,196,121,8,quad,NA,NA,NA
bass_2,s05,122,196,121,7,so,NA,NA,NA
bass_2,s05,122,196,121,4,uro,4.56314,5.158592,2.159317
bass_2,s05,123,197,122,3,basi,3.99825,5.437357,2.403452
bass_2,s05,123,197,122,2,eye,NA,NA,NA
bass_2,s05,123,197,122,1,lj,3.433057,5.623078,2.684192
bass_2,s05,123,197,122,6,p2,8.001888550911305,4.639582251506562,1.261565904089195
bass_2,s05,123,197,122,6,pm,NA,NA,NA
bass_2,s05,123,197,122,8,quad,NA,NA,NA
bass_2,s05,123,197,122,7,so,NA,NA,NA
bass_2,s05,123,197,122,4,uro,4.563265,5.158529,2.149262
bass_2,s05,124,198,123,3,basi,3.998293,5.437352,2.399177
bass_2,s05,124,198,123,2,eye,NA,NA,NA
bass_2,s05,124,198,123,1,lj,3.426883,5.624005,2.684546
bass_2,s05,124,198,123,6,p2,8.004516392532521,4.641592118786727,1.2595518973755877
bass_2,s05,124,198,123,6,pm,NA,NA,NA
bass_2,s05,124,198,123,8,quad,NA,NA,NA
bass_2,s05,124,198,123,7,so,NA,NA,NA
bass_2,s05,124,198,123,4,uro,4.565528,5.16385,2.13543
bass_2,s05,125,199,124,3,basi,3.998546,5.424898,2.4
bass_2,s05,125,199,124,2,eye,NA,NA,NA
bass_2,s05,125,199,124,1,lj,3.421155,5.619639,2.674902
bass_2,s05,125,199,124,6,p2,8.007054123379334,4.643140778899531,1.258159911655981
bass_2,s05,125,199,124,6,pm,NA,NA,NA
bass_2,s05,125,199,124,8,quad,NA,NA,NA
bass_2,s05,125,199,124,7,so,NA,NA,NA
bass_2,s05,125,199,124,4,uro,4.570162,5.135778,2.137404
bass_2,s05,126,200,125,3,basi,4.001288,5.424953,2.387257
bass_2,s05,126,200,125,2,eye,NA,NA,NA
bass_2,s05,126,200,125,1,lj,3.424325,5.636311,2.66747
bass_2,s05,126,200,125,6,p2,8.009531163961213,4.64482532081548,1.2564972468530824
bass_2,s05,126,200,125,6,pm,NA,NA,NA
bass_2,s05,126,200,125,8,quad,NA,NA,NA
bass_2,s05,126,200,125,7,so,NA,NA,NA
bass_2,s05,126,200,125,4,uro,4.570162,5.135778,2.137404
bass_4,s01,1,47,0,3,basi,8.25117,6.741776,3.204174
bass_4,s01,1,47,0,2,eye,9.204715,7.364475,4.239228
bass_4,s01,1,47,0,1,lj,7.436892,7.147733,3.298761
bass_4,s01,1,47,0,6,p2,11.825827401247617,5.13505519057037,3.545106583776929
bass_4,s01,1,47,0,6,pm,7.734433,7.620912,3.522846
bass_4,s01,1,47,0,8,quad,9.303992773202953,6.225567926820588,3.488715783607212
bass_4,s01,1,47,0,7,so,10.052061,5.810436,3.572468
bass_4,s01,1,47,0,4,uro,8.921863,6.399541,3.090936
bass_4,s01,2,48,1,3,basi,8.214914,6.738908,3.192502
bass_4,s01,2,48,1,2,eye,9.165466,7.362752,4.236019
bass_4,s01,2,48,1,1,lj,7.397802,7.138566,3.298505
bass_4,s01,2,48,1,6,p2,11.816796094301075,5.135125801645415,3.543800131381764
bass_4,s01,2,48,1,6,pm,7.704395,7.619422,3.522923
bass_4,s01,2,48,1,8,quad,9.275822262179249,6.169049526521259,3.4955280185335798
bass_4,s01,2,48,1,7,so,10.001166,5.806422,3.55854
bass_4,s01,2,48,1,4,uro,8.908718,6.382817,3.091793
bass_4,s01,3,49,2,3,basi,8.183985,6.721947,3.188921
bass_4,s01,3,49,2,2,eye,9.124663,7.363139,4.238153
bass_4,s01,3,49,2,1,lj,7.366851,7.139823,3.286264
bass_4,s01,3,49,2,6,p2,11.807876288373851,5.135578610675786,3.5433415275876268
bass_4,s01,3,49,2,6,pm,7.667155,7.620339,3.522565
bass_4,s01,3,49,2,8,quad,9.207371941088827,6.159070170798797,3.4594452744275745
bass_4,s01,3,49,2,7,so,9.961614,5.798499,3.572655
bass_4,s01,3,49,2,4,uro,8.832247,6.379691,3.090962
bass_4,s01,4,50,3,3,basi,8.163869,6.713326,3.188924
bass_4,s01,4,50,3,2,eye,9.085589,7.358905,4.238065
bass_4,s01,4,50,3,1,lj,7.331723,7.131222,3.280312
bass_4,s01,4,50,3,6,p2,11.799276663810444,5.136241881506428,3.5426747278187043
bass_4,s01,4,50,3,6,pm,7.631407,7.605382,3.507021
bass_4,s01,4,50,3,8,quad,9.190542016536936,6.1956540177402815,3.4945834362432957
bass_4,s01,4,50,3,7,so,9.924508,5.803858,3.572665
bass_4,s01,4,50,3,4,uro,8.789272,6.377,3.091155
bass_4,s01,5,51,4,3,basi,8.133792,6.705752,3.181389
bass_4,s01,5,51,4,2,eye,9.039403,7.35514,4.232262
bass_4,s01,5,51,4,1,lj,7.296379,7.122169,3.280217
bass_4,s01,5,51,4,6,p2,11.789252986230174,5.137422056542638,3.5416988972447254
bass_4,s01,5,51,4,6,pm,7.578922,7.607064,3.506753
bass_4,s01,5,51,4,8,quad,9.14465732662564,6.1199592469393975,3.4882322935717145
bass_4,s01,5,51,4,7,so,9.895712,5.797249,3.572757
bass_4,s01,5,51,4,4,uro,8.738099,6.377978,3.090566
bass_4,s01,6,52,5,3,basi,8.055398,6.69876,3.173077
bass_4,s01,6,52,5,2,eye,9.008785,7.352651,4.228809
bass_4,s01,6,52,5,1,lj,7.246783,7.119085,3.274146
bass_4,s01,6,52,5,6,p2,11.77100048537152,5.138588059339966,3.5400346281605453
bass_4,s01,6,52,5,6,pm,7.554978,7.604752,3.498514
bass_4,s01,6,52,5,8,quad,9.161093584465716,6.178552037221388,3.459061970451408
bass_4,s01,6,52,5,7,so,9.861228,5.791009,3.565415
bass_4,s01,6,52,5,4,uro,8.706319,6.373521,3.082611
bass_4,s01,7,53,6,3,basi,8.031636,6.703227,3.176342
bass_4,s01,7,53,6,2,eye,8.974452,7.348378,4.222998
bass_4,s01,7,53,6,1,lj,7.222384,7.123366,3.29142
bass_4,s01,7,53,6,6,p2,11.750021365308257,5.140688645053939,3.537108226195718
bass_4,s01,7,53,6,6,pm,7.504883,7.598048,3.498409
bass_4,s01,7,53,6,8,quad,9.093642638470138,6.181711973751365,3.4526722783574053
bass_4,s01,7,53,6,7,so,9.825796,5.791941,3.557639
bass_4,s01,7,53,6,4,uro,8.670714,6.362087,3.08333
bass_4,s01,8,54,7,3,basi,7.988766,6.704617,3.176187
bass_4,s01,8,54,7,2,eye,8.928957,7.352185,4.228264
bass_4,s01,8,54,7,1,lj,7.176987,7.116217,3.261617
bass_4,s01,8,54,7,6,p2,11.72796360370263,5.143151270495087,3.5356021820093115
bass_4,s01,8,54,7,6,pm,7.472637,7.593904,3.482615
bass_4,s01,8,54,7,8,quad,9.040280914839364,6.138258509479786,3.4857407677350736
bass_4,s01,8,54,7,7,so,9.803471,5.78415,3.549641
bass_4,s01,8,54,7,4,uro,8.62276,6.362859,3.06799
bass_4,s01,9,55,8,3,basi,7.957167,6.700281,3.179635
bass_4,s01,9,55,8,2,eye,8.892842,7.342017,4.222299
bass_4,s01,9,55,8,1,lj,7.140295,7.116827,3.248882
bass_4,s01,9,55,8,6,p2,11.704245009872434,5.145880166618494,3.5330092998877385
bass_4,s01,9,55,8,6,pm,7.431463,7.587036,3.482638
bass_4,s01,9,55,8,8,quad,8.99657435035855,6.119280864917409,3.412720507432749
bass_4,s01,9,55,8,7,so,9.761707,5.780711,3.548979
bass_4,s01,9,55,8,4,uro,8.598092,6.341547,3.075998
bass_4,s01,10,56,9,3,basi,7.920419,6.700923,3.179161
bass_4,s01,10,56,9,2,eye,8.861911,7.339981,4.222024
bass_4,s01,10,56,9,1,lj,7.116163,7.108,3.249191
bass_4,s01,10,56,9,6,p2,11.678663095641856,5.149004527877949,3.528982832732523
bass_4,s01,10,56,9,6,pm,7.396721,7.582263,3.482355
bass_4,s01,10,56,9,8,quad,8.962117350268846,6.170688388049219,3.4800220487566276
bass_4,s01,10,56,9,7,so,9.721397,5.777436,3.548451
bass_4,s01,10,56,9,4,uro,8.550315,6.342754,3.075626
bass_4,s01,11,57,10,3,basi,7.8991,6.692853,3.175509
bass_4,s01,11,57,10,2,eye,8.816059,7.332995,4.221839
bass_4,s01,11,57,10,1,lj,7.071975,7.099613,3.237068
bass_4,s01,11,57,10,6,p2,11.652027043191485,5.152280306391163,3.525839876288023
bass_4,s01,11,57,10,6,pm,7.357374,7.575341,3.47442
bass_4,s01,11,57,10,8,quad,8.945309028604042,6.143582036614644,3.459049152048317
bass_4,s01,11,57,10,7,so,9.691481,5.778917,3.548661
bass_4,s01,11,57,10,4,uro,8.487373,6.352778,3.074593
bass_4,s01,12,58,11,3,basi,7.857322,6.68085,3.167883
bass_4,s01,12,58,11,2,eye,8.782351,7.334374,4.218929
bass_4,s01,12,58,11,1,lj,7.040403,7.09065,3.237129
bass_4,s01,12,58,11,6,p2,11.623973782194648,5.156830700433877,3.5223001566281433
bass_4,s01,12,58,11,6,pm,7.327775,7.568015,3.474451
bass_4,s01,12,58,11,8,quad,8.928559966427017,6.09478080555958,3.495134066452065
bass_4,s01,12,58,11,7,so,9.647123,5.783435,3.547997
bass_4,s01,12,58,11,4,uro,8.460842,6.357201,3.073836
bass_4,s01,13,59,12,3,basi,7.811013,6.677767,3.163825
bass_4,s01,13,59,12,2,eye,8.750491,7.334993,4.218511
bass_4,s01,13,59,12,1,lj,6.999718,7.08657,3.236814
bass_4,s01,13,59,12,6,p2,11.59413543157082,5.160742775073036,3.518069479915207
bass_4,s01,13,59,12,6,pm,7.289641,7.566476,3.466353
bass_4,s01,13,59,12,8,quad,8.902126822096783,6.166212997695934,3.4584844380704904
bass_4,s01,13,59,12,7,so,9.595418,5.789044,3.540308
bass_4,s01,13,59,12,4,uro,8.408462,6.350219,3.066704
bass_4,s01,14,60,13,3,basi,7.773309,6.673933,3.155536
bass_4,s01,14,60,13,2,eye,8.717876,7.332383,4.223663
bass_4,s01,14,60,13,1,lj,6.964946,7.092378,3.236374
bass_4,s01,14,60,13,6,p2,11.563855354351842,5.164027725763791,3.5131392662852647
bass_4,s01,14,60,13,6,pm,7.257406,7.55607,3.466187
bass_4,s01,14,60,13,8,quad,8.814308779194107,6.212964786762901,3.458429950333548
bass_4,s01,14,60,13,7,so,9.547494,5.786774,3.540223
bass_4,s01,14,60,13,4,uro,8.327258,6.338823,3.066416
bass_4,s01,15,61,14,3,basi,7.735738,6.670413,3.155382
bass_4,s01,15,61,14,2,eye,8.688539,7.326861,4.21723
bass_4,s01,15,61,14,1,lj,6.926272,7.088494,3.230112
bass_4,s01,15,61,14,6,p2,11.533954805878547,5.168182995824795,3.509016258155831
bass_4,s01,15,61,14,6,pm,7.21684,7.548849,3.466017
bass_4,s01,15,61,14,8,quad,8.808882439232491,6.147585387781382,3.480581114228721
bass_4,s01,15,61,14,7,so,9.531366,5.786038,3.539395
bass_4,s01,15,61,14,4,uro,8.310554,6.356061,3.072506
bass_4,s01,16,62,15,3,basi,7.712951,6.648948,3.152158
bass_4,s01,16,62,15,2,eye,8.654635,7.324693,4.222617
bass_4,s01,16,62,15,1,lj,6.892886,7.074878,3.224334
bass_4,s01,16,62,15,6,p2,11.50401137373524,5.17199175919791,3.504961773136297
bass_4,s01,16,62,15,6,pm,7.176285,7.54494,3.466126
bass_4,s01,16,62,15,8,quad,8.762375112071192,6.1791609365325115,3.468562216131718
bass_4,s01,16,62,15,7,so,9.50398,5.778604,3.546545
bass_4,s01,16,62,15,4,uro,8.282576,6.352399,3.072471
bass_4,s01,17,63,16,3,basi,7.662911,6.63269,3.144649
bass_4,s01,17,63,16,2,eye,8.60801,7.323111,4.222228
bass_4,s01,17,63,16,1,lj,6.855947,7.070857,3.224142
bass_4,s01,17,63,16,6,p2,11.473526784128754,5.175616965723355,3.500376848446275
bass_4,s01,17,63,16,6,pm,7.128003,7.535466,3.458178
bass_4,s01,17,63,16,8,quad,8.688833951763623,6.0862608884122595,3.427531617458987
bass_4,s01,17,63,16,7,so,9.447152,5.779546,3.540109
bass_4,s01,17,63,16,4,uro,8.260545,6.340029,3.06561
bass_4,s01,18,64,17,3,basi,7.642944,6.619906,3.137092
bass_4,s01,18,64,17,2,eye,8.573419,7.321257,4.216159
bass_4,s01,18,64,17,1,lj,6.8079,7.057669,3.218278
bass_4,s01,18,64,17,6,p2,11.443494230270488,5.177935863729445,3.495940287297908
bass_4,s01,18,64,17,6,pm,7.100023,7.53405,3.442467
bass_4,s01,18,64,17,8,quad,8.651644759151525,6.123357455868736,3.4659970708966754
bass_4,s01,18,64,17,7,so,9.415599,5.781061,3.543651
bass_4,s01,18,64,17,4,uro,8.235343,6.331774,3.058348
bass_4,s01,19,65,18,3,basi,7.611411,6.603064,3.137587
bass_4,s01,19,65,18,2,eye,8.539383,7.322421,4.210204
bass_4,s01,19,65,18,1,lj,6.76192,7.049458,3.212354
bass_4,s01,19,65,18,6,p2,11.413429344526577,5.180121938003894,3.490898450965376
bass_4,s01,19,65,18,6,pm,7.061572,7.526844,3.442366
bass_4,s01,19,65,18,8,quad,8.621106106081621,6.153040600830271,3.403933513474508
bass_4,s01,19,65,18,7,so,9.369684,5.7812,3.542673
bass_4,s01,19,65,18,4,uro,8.178893,6.307314,3.051878
bass_4,s01,20,66,19,3,basi,7.553459,6.5956,3.133478
bass_4,s01,20,66,19,2,eye,8.498677,7.320326,4.206747
bass_4,s01,20,66,19,1,lj,6.726827,7.03135,3.200862
bass_4,s01,20,66,19,6,p2,11.38350540161887,5.182115144057515,3.4869351157098807
bass_4,s01,20,66,19,6,pm,7.042784,7.522037,3.434511
bass_4,s01,20,66,19,8,quad,8.573011198856381,6.16560177203934,3.500185150550118
bass_4,s01,20,66,19,7,so,9.320755,5.781055,3.544798
bass_4,s01,20,66,19,4,uro,8.145892,6.303374,3.051564
bass_4,s01,21,67,20,3,basi,7.51927,6.583575,3.126079
bass_4,s01,21,67,20,2,eye,8.457735,7.313276,4.209556
bass_4,s01,21,67,20,1,lj,6.687534,7.017393,3.219134
bass_4,s01,21,67,20,6,p2,11.354034882041216,5.183996866746506,3.481909156309988
bass_4,s01,21,67,20,6,pm,7.001957,7.5148,3.426386
bass_4,s01,21,67,20,8,quad,8.562213365100561,6.1345815296551045,3.454151410623057
bass_4,s01,21,67,20,7,so,9.289762,5.789932,3.544701
bass_4,s01,21,67,20,4,uro,8.08832,6.295941,3.051399
bass_4,s01,22,68,21,3,basi,7.484166,6.571381,3.11461
bass_4,s01,22,68,21,2,eye,8.425423,7.314295,4.203559
bass_4,s01,22,68,21,1,lj,6.659866,7.003801,3.207439
bass_4,s01,22,68,21,6,p2,11.324985056696452,5.184533111488115,3.476605812969971
bass_4,s01,22,68,21,6,pm,6.978325,7.512624,3.426228
bass_4,s01,22,68,21,8,quad,8.559074235422734,6.114498873448944,3.432537374174391
bass_4,s01,22,68,21,7,so,9.253143,5.785833,3.543754
bass_4,s01,22,68,21,4,uro,8.05834,6.283561,3.051704
bass_4,s01,23,69,22,3,basi,7.462082,6.553957,3.118926
bass_4,s01,23,69,22,2,eye,8.381268,7.315752,4.197536
bass_4,s01,23,69,22,1,lj,6.61919,6.990314,3.201599
bass_4,s01,23,69,22,6,p2,11.296229106695332,5.184745606347155,3.471323228126886
bass_4,s01,23,69,22,6,pm,6.937456,7.513713,3.425894
bass_4,s01,23,69,22,8,quad,8.529601373949085,6.172489411109829,3.42083970653477
bass_4,s01,23,69,22,7,so,9.228543,5.790165,3.54343
bass_4,s01,23,69,22,4,uro,7.998105,6.272271,3.044655
bass_4,s01,24,70,23,3,basi,7.426021,6.541714,3.119258
bass_4,s01,24,70,23,2,eye,8.346277,7.325013,4.185456
bass_4,s01,24,70,23,1,lj,6.585639,6.976402,3.207844
bass_4,s01,24,70,23,6,p2,11.267668593276008,5.184868314327191,3.4649789154158643
bass_4,s01,24,70,23,6,pm,6.892656,7.509913,3.410087
bass_4,s01,24,70,23,8,quad,8.495248529636592,6.129297525718553,3.448082574288402
bass_4,s01,24,70,23,7,so,9.182083,5.776383,3.543546
bass_4,s01,24,70,23,4,uro,7.961284,6.251045,3.037797
bass_4,s01,25,71,24,3,basi,7.400493,6.529197,3.11967
bass_4,s01,25,71,24,2,eye,8.3117,7.314426,4.18802
bass_4,s01,25,71,24,1,lj,6.535709,6.958363,3.208237
bass_4,s01,25,71,24,6,p2,11.240247068305004,5.18462909961601,3.45932277072618
bass_4,s01,25,71,24,6,pm,6.851542,7.508018,3.417623
bass_4,s01,25,71,24,8,quad,8.476158023575326,6.093487726969714,3.4145672453513303
bass_4,s01,25,71,24,7,so,9.14249,5.781508,3.543363
bass_4,s01,25,71,24,4,uro,7.924382,6.24359,3.038102
bass_4,s01,26,72,25,3,basi,7.351374,6.512784,3.108208
bass_4,s01,26,72,25,2,eye,8.273122,7.317688,4.193113
bass_4,s01,26,72,25,1,lj,6.493391,6.945125,3.20252
bass_4,s01,26,72,25,6,p2,11.21296455884777,5.183854236803985,3.453622426752206
bass_4,s01,26,72,25,6,pm,6.8073,7.507102,3.401865
bass_4,s01,26,72,25,8,quad,8.41274420678927,6.1301669381872665,3.4401744772665053
bass_4,s01,26,72,25,7,so,9.098392,5.777853,3.542513
bass_4,s01,26,72,25,4,uro,7.898865,6.23093,3.038347
bass_4,s01,27,73,26,3,basi,7.32447,6.491243,3.112781
bass_4,s01,27,73,26,2,eye,8.241044,7.315006,4.189522
bass_4,s01,27,73,26,1,lj,6.452656,6.926805,3.202969
bass_4,s01,27,73,26,6,p2,11.186837213711453,5.18267505695215,3.446459796651097
bass_4,s01,27,73,26,6,pm,6.754783,7.503087,3.40166
bass_4,s01,27,73,26,8,quad,8.325196610142145,6.066694490074214,3.437492401861883
bass_4,s01,27,73,26,7,so,9.072702,5.778071,3.542054
bass_4,s01,27,73,26,4,uro,7.873356,6.218273,3.038594
bass_4,s01,28,74,27,3,basi,7.261747,6.475283,3.105245
bass_4,s01,28,74,27,2,eye,8.20531,7.307552,4.192219
bass_4,s01,28,74,27,1,lj,6.421033,6.903479,3.197662
bass_4,s01,28,74,27,6,p2,11.161145392346665,5.182248545292999,3.4403219022457177
bass_4,s01,28,74,27,6,pm,6.72239,7.498627,3.393706
bass_4,s01,28,74,27,8,quad,8.325682203221744,6.079890545938635,3.437234858647305
bass_4,s01,28,74,27,7,so,9.034242,5.782592,3.541525
bass_4,s01,28,74,27,4,uro,7.863567,6.209694,3.038839
bass_4,s01,29,75,28,3,basi,7.233196,6.467177,3.097533
bass_4,s01,29,75,28,2,eye,8.168559,7.308843,4.183377
bass_4,s01,29,75,28,1,lj,6.376968,6.880841,3.186432
bass_4,s01,29,75,28,6,p2,11.135887605211115,5.180653273027968,3.4334521351325997
bass_4,s01,29,75,28,6,pm,6.683561,7.493893,3.39335
bass_4,s01,29,75,28,8,quad,8.229149017644906,6.055084459362927,3.4637980343615697
bass_4,s01,29,75,28,7,so,8.997752,5.7756,3.541217
bass_4,s01,29,75,28,4,uro,7.82654,6.197902,3.03935
bass_4,s01,30,76,29,3,basi,7.196259,6.450464,3.090149
bass_4,s01,30,76,29,2,eye,8.138095,7.301114,4.183139
bass_4,s01,30,76,29,1,lj,6.340181,6.862667,3.174964
bass_4,s01,30,76,29,6,p2,11.11082023543511,5.1786680197442205,3.427516850346087
bass_4,s01,30,76,29,6,pm,6.667798,7.488487,3.393142
bass_4,s01,30,76,29,8,quad,8.248973401782605,6.071452114227944,3.4772452998031245
bass_4,s01,30,76,29,7,so,8.96127,5.768613,3.540913
bass_4,s01,30,76,29,4,uro,7.776913,6.186091,3.032265
bass_4,s01,31,77,30,3,basi,7.158578,6.433826,3.086737
bass_4,s01,31,77,30,2,eye,8.098061,7.304797,4.17974
bass_4,s01,31,77,30,1,lj,6.301424,6.844368,3.169442
bass_4,s01,31,77,30,6,p2,11.085999645269734,5.176442426178879,3.4224047417253853
bass_4,s01,31,77,30,6,pm,6.647865,7.486131,3.392967
bass_4,s01,31,77,30,8,quad,8.198191823993017,6.041789918847595,3.4452292449352533
bass_4,s01,31,77,30,7,so,8.923265,5.769807,3.547439
bass_4,s01,31,77,30,4,uro,7.772904,6.168702,3.032974
bass_4,s01,32,78,31,3,basi,7.152859,6.411846,3.087612
bass_4,s01,32,78,31,2,eye,8.061159,7.308547,4.17936
bass_4,s01,32,78,31,1,lj,6.247964,6.826355,3.163755
bass_4,s01,32,78,31,6,p2,11.062895486880985,5.175713937059874,3.4148422591824934
bass_4,s01,32,78,31,6,pm,6.552084,7.487095,3.444966
bass_4,s01,32,78,31,8,quad,8.155786797485378,6.064540163332605,3.4363507213209505
bass_4,s01,32,78,31,7,so,8.875889,5.770949,3.540369
bass_4,s01,32,78,31,4,uro,7.728064,6.161033,3.018393
bass_4,s01,33,79,32,3,basi,7.114318,6.404347,3.076159
bass_4,s01,33,79,32,2,eye,8.035309,7.306627,4.176386
bass_4,s01,33,79,32,1,lj,6.20758,6.79879,3.146791
bass_4,s01,33,79,32,6,p2,11.039240921735423,5.174263559570308,3.4094572535586605
bass_4,s01,33,79,32,6,pm,6.507653,7.482667,3.444676
bass_4,s01,33,79,32,8,quad,8.136178009269745,6.044375833966218,3.4535769532049723
bass_4,s01,33,79,32,7,so,8.845515,5.765505,3.542101
bass_4,s01,33,79,32,4,uro,7.69958,6.1400690000000004,3.019226
bass_4,s01,34,80,33,3,basi,7.062643,6.379182,3.06909
bass_4,s01,34,80,33,2,eye,7.996101,7.302193,4.170392
bass_4,s01,34,80,33,1,lj,6.172602,6.780364,3.14736
bass_4,s01,34,80,33,6,p2,11.015234406502325,5.1723754759497504,3.4050504276255857
bass_4,s01,34,80,33,6,pm,6.484746,7.488905,3.433713
bass_4,s01,34,80,33,8,quad,8.067958243690994,6.0452864255459,3.4285975695690776
bass_4,s01,34,80,33,7,so,8.805152,5.767193,3.542186
bass_4,s01,34,80,33,4,uro,7.671423,6.127731,3.01962
bass_4,s01,35,81,34,3,basi,7.031479,6.366662,3.069394
bass_4,s01,35,81,34,2,eye,7.955844,7.300367,4.16712
bass_4,s01,35,81,34,1,lj,6.137771,6.762131,3.135982
bass_4,s01,35,81,34,6,p2,10.99207961066958,5.1703773041727645,3.400617611200163
bass_4,s01,35,81,34,6,pm,6.45302,7.498028,3.446948
bass_4,s01,35,81,34,8,quad,7.9951684051581635,6.037341175033337,3.4371883831238743
bass_4,s01,35,81,34,7,so,8.766498,5.768035,3.541807
bass_4,s01,35,81,34,4,uro,7.611777,6.102926,3.020251
bass_4,s01,36,82,35,3,basi,6.991209,6.345554,3.058274
bass_4,s01,36,82,35,2,eye,7.911543,7.30222,4.158444
bass_4,s01,36,82,35,1,lj,6.104356,6.724463,3.131466
bass_4,s01,36,82,35,6,p2,10.969441839345048,5.169610110115165,3.3964409088993723
bass_4,s01,36,82,35,6,pm,6.422707,7.491633,3.443391
bass_4,s01,36,82,35,8,quad,7.979987197903976,6.088987446035147,3.4082085957578636
bass_4,s01,36,82,35,7,so,8.733981,5.768994,3.548313
bass_4,s01,36,82,35,4,uro,7.569522,6.082249,3.020946
bass_4,s01,37,83,36,3,basi,6.938228,6.324879,3.058896
bass_4,s01,37,83,36,2,eye,7.878605,7.30015,4.155207
bass_4,s01,37,83,36,1,lj,6.071202,6.696442,3.126539
bass_4,s01,37,83,36,6,p2,10.947374542321883,5.169255921567222,3.392170538005254
bass_4,s01,37,83,36,6,pm,6.382191,7.514211,3.435044
bass_4,s01,37,83,36,8,quad,7.968656564329835,6.04960008857286,3.4310801936868245
bass_4,s01,37,83,36,7,so,8.698868,5.765184,3.547582
bass_4,s01,37,83,36,4,uro,7.533898,6.065851,3.007023
bass_4,s01,38,84,37,3,basi,6.910796,6.321175,3.039334
bass_4,s01,38,84,37,2,eye,7.835417,7.303783,4.148796
bass_4,s01,38,84,37,1,lj,6.02941,6.672748,3.121301
bass_4,s01,38,84,37,6,p2,10.92536727141666,5.168024201237941,3.3885746469413336
bass_4,s01,38,84,37,6,pm,6.346024,7.515366,3.424143
bass_4,s01,38,84,37,8,quad,7.880152906133506,5.96079109147905,3.4323488186117634
bass_4,s01,38,84,37,7,so,8.667061,5.7705,3.547688
bass_4,s01,38,84,37,4,uro,7.472816,6.045295,3.007371
bass_4,s01,39,85,38,3,basi,6.892037,6.304201,3.028397
bass_4,s01,39,85,38,2,eye,7.815154,7.300771,4.156805
bass_4,s01,39,85,38,1,lj,5.989914,6.651255,3.098227
bass_4,s01,39,85,38,6,p2,10.905232773405691,5.168614835731307,3.3861980799108315
bass_4,s01,39,85,38,6,pm,6.317948,7.511417,3.417002
bass_4,s01,39,85,38,8,quad,7.936914238958513,5.987486275792033,3.4176626288194276
bass_4,s01,39,85,38,7,so,8.629997,5.771082,3.560534
bass_4,s01,39,85,38,4,uro,7.42181,6.03769,3.000028
bass_4,s01,40,86,39,3,basi,6.843038,6.279009,3.013649
bass_4,s01,40,86,39,2,eye,7.781482,7.306949,4.15624
bass_4,s01,40,86,39,1,lj,5.943493,6.62109,3.087374
bass_4,s01,40,86,39,6,p2,10.884946964136295,5.168163612151857,3.382791881998466
bass_4,s01,40,86,39,6,pm,6.275793,7.517088,3.416324
bass_4,s01,40,86,39,8,quad,7.851373896187568,6.042109232496449,3.431390456485401
bass_4,s01,40,86,39,7,so,8.591855,5.764891,3.560675
bass_4,s01,40,86,39,4,uro,7.375641,6.017333,2.986358
bass_4,s01,41,87,40,3,basi,6.802398,6.266759,3.002224
bass_4,s01,41,87,40,2,eye,7.757029,7.307454,4.153361
bass_4,s01,41,87,40,1,lj,5.901775,6.605204,3.069983
bass_4,s01,41,87,40,6,p2,10.864941059311883,5.168698241335866,3.3794855470222656
bass_4,s01,41,87,40,6,pm,6.238417,7.524523,3.363206
bass_4,s01,41,87,40,8,quad,7.861110299348539,6.030010194174056,3.4252452994114484
bass_4,s01,41,87,40,7,so,8.548917,5.781072,3.569125
bass_4,s01,41,87,40,4,uro,7.324662,6.009711,2.979023
bass_4,s01,42,88,41,3,basi,6.763576,6.237233,2.98804
bass_4,s01,42,88,41,2,eye,7.715779,7.30892,4.142911
bass_4,s01,42,88,41,1,lj,5.853701,6.572201,3.059302
bass_4,s01,42,88,41,6,p2,10.846953864212,5.1692509270937625,3.3765229276791335
bass_4,s01,42,88,41,6,pm,6.195278,7.527819,3.362601
bass_4,s01,42,88,41,8,quad,7.812054433878565,6.006706441601249,3.447430180969599
bass_4,s01,42,88,41,7,so,8.497798,5.775384,3.568734
bass_4,s01,42,88,41,4,uro,7.341398,5.982942,2.980229
bass_4,s01,43,89,42,3,basi,6.733465,6.21997,3.000084
bass_4,s01,43,89,42,2,eye,7.681428,7.309586,4.137307
bass_4,s01,43,89,42,1,lj,5.797455,6.550741,3.047987
bass_4,s01,43,89,42,6,p2,10.829317121368767,5.169418828437906,3.373352306124331
bass_4,s01,43,89,42,6,pm,6.16157,7.540737,3.3547
bass_4,s01,43,89,42,8,quad,7.740849930201809,6.00306957714319,3.4193255217401672
bass_4,s01,43,89,42,7,so,8.461301,5.785573,3.571053
bass_4,s01,43,89,42,4,uro,7.3093070000000004,5.975166,2.973245
bass_4,s01,44,90,43,3,basi,6.701508,6.198704,3.004769
bass_4,s01,44,90,43,2,eye,7.654748,7.318123,4.134488
bass_4,s01,44,90,43,1,lj,5.755799,6.520626,3.025437
bass_4,s01,44,90,43,6,p2,10.81236502201007,5.169935328181068,3.3698290195193183
bass_4,s01,44,90,43,6,pm,6.118795,7.547048,3.336494
bass_4,s01,44,90,43,8,quad,7.708030920645699,6.020216249149135,3.496407361060685
bass_4,s01,44,90,43,7,so,8.428028,5.789401,3.583842
bass_4,s01,44,90,43,4,uro,7.282617,5.966876,2.96607
bass_4,s01,45,91,44,3,basi,6.667329,6.177597,2.986153
bass_4,s01,45,91,44,2,eye,7.603461,7.321957,4.123677
bass_4,s01,45,91,44,1,lj,5.702101,6.496211,3.01432
bass_4,s01,45,91,44,6,p2,10.794732230552391,5.169817331440881,3.366729739842248
bass_4,s01,45,91,44,6,pm,6.077562,7.550949,3.318437
bass_4,s01,45,91,44,8,quad,7.645389008387488,5.949817154412386,3.455488172456974
bass_4,s01,45,91,44,7,so,8.365279,5.780496,3.593356
bass_4,s01,45,91,44,4,uro,7.256963,5.954869,2.966763
bass_4,s01,46,92,45,3,basi,6.629264,6.152255,2.975588
bass_4,s01,46,92,45,2,eye,7.565715,7.323081,4.118265
bass_4,s01,46,92,45,1,lj,5.669543,6.465735,2.997825
bass_4,s01,46,92,45,6,p2,10.777331041445356,5.169240759013372,3.3626981609992064
bass_4,s01,46,92,45,6,pm,6.037102,7.547014,3.318183
bass_4,s01,46,92,45,8,quad,7.57537183779203,5.976782361146985,3.4145814458750743
bass_4,s01,46,92,45,7,so,8.332468,5.778121,3.59995
bass_4,s01,46,92,45,4,uro,7.215341,5.942825,2.959838
bass_4,s01,47,93,46,3,basi,6.601351,6.135237,2.968404
bass_4,s01,47,93,46,2,eye,7.527181,7.324068,4.120487
bass_4,s01,47,93,46,1,lj,5.632544,6.446709,2.986646
bass_4,s01,47,93,46,6,p2,10.761932246845324,5.168615734211042,3.357723210011253
bass_4,s01,47,93,46,6,pm,5.990779,7.567169,3.316861
bass_4,s01,47,93,46,8,quad,7.55645361342169,5.912924976274519,3.442132426495799
bass_4,s01,47,93,46,7,so,8.295713,5.775483,3.609627
bass_4,s01,47,93,46,4,uro,7.19393,5.912715,2.961025
bass_4,s01,48,94,47,3,basi,6.555313,6.110054,2.953914
bass_4,s01,48,94,47,2,eye,7.4974,7.332195,4.112292
bass_4,s01,48,94,47,1,lj,5.594564,6.416253,2.981978
bass_4,s01,48,94,47,6,p2,10.74423549880385,5.167448708031689,3.353581705110987
bass_4,s01,48,94,47,6,pm,5.943569,7.594533,3.315221
bass_4,s01,48,94,47,8,quad,7.5315985689368885,5.955228870747076,3.4400218055487324
bass_4,s01,48,94,47,7,so,8.246013,5.776398,3.615708
bass_4,s01,48,94,47,4,uro,7.17464,5.891337,2.95465
bass_4,s01,49,95,48,3,basi,6.515375,6.075844,2.947645
bass_4,s01,49,95,48,2,eye,7.45972,7.335261,4.114246
bass_4,s01,49,95,48,1,lj,5.533714,6.388916,2.976852
bass_4,s01,49,95,48,6,p2,10.725518198855868,5.165562722779022,3.349409213665039
bass_4,s01,49,95,48,6,pm,5.905804,7.624114,3.313575
bass_4,s01,49,95,48,8,quad,7.450943286386076,5.981224765195821,3.4280623158377406
bass_4,s01,49,95,48,7,so,8.212071,5.776667,3.628431
bass_4,s01,49,95,48,4,uro,7.169176,5.865516,2.970378
bass_4,s01,50,96,49,3,basi,6.460315,6.059442,2.936402
bass_4,s01,50,96,49,2,eye,7.421075,7.336429,4.106258
bass_4,s01,50,96,49,1,lj,5.486997,6.358438,2.972036
bass_4,s01,50,96,49,6,p2,10.706273751108762,5.1634824555997705,3.3447690758935735
bass_4,s01,50,96,49,6,pm,5.86101,7.644991,3.357455
bass_4,s01,50,96,49,8,quad,7.431560153084658,5.952479458497146,3.476163978696957
bass_4,s01,50,96,49,7,so,8.166408,5.784336,3.637817
bass_4,s01,50,96,49,4,uro,7.15688,5.852921,2.963805
bass_4,s01,51,97,50,3,basi,6.422021,6.046996,2.932785
bass_4,s01,51,97,50,2,eye,7.383766,7.340122,4.100867
bass_4,s01,51,97,50,1,lj,5.450968,6.347826,2.960439
bass_4,s01,51,97,50,6,p2,10.686295445077471,5.160695102587665,3.3397313745738955
bass_4,s01,51,97,50,6,pm,5.821329,7.650126,3.370844
bass_4,s01,51,97,50,8,quad,7.365761681434792,5.947315384240528,3.440130843123108
bass_4,s01,51,97,50,7,so,8.123118,5.785083,3.65062
bass_4,s01,51,97,50,4,uro,7.14396,5.835743,2.950087
bass_4,s01,52,98,51,3,basi,6.365656,6.026308,2.921855
bass_4,s01,52,98,51,2,eye,7.35075,7.34589,4.095285
bass_4,s01,52,98,51,1,lj,5.407067,6.323127,2.955431
bass_4,s01,52,98,51,6,p2,10.66480157268618,5.158032972189023,3.334924403861906
bass_4,s01,52,98,51,6,pm,5.77171,7.649303,3.356338
bass_4,s01,52,98,51,8,quad,7.344100525854549,5.963178113570063,3.4829528191074077
bass_4,s01,52,98,51,7,so,8.092223,5.791582,3.662977
bass_4,s01,52,98,51,4,uro,7.102643,5.819564,2.957952
bass_4,s01,53,99,52,3,basi,6.34392,6.010544,2.914809
bass_4,s01,53,99,52,2,eye,7.318606,7.346382,4.094784
bass_4,s01,53,99,52,1,lj,5.370215,6.31264,2.943889
bass_4,s01,53,99,52,6,p2,10.641939579414553,5.155013991434047,3.33030479750403
bass_4,s01,53,99,52,6,pm,5.725795,7.660173,3.34606
bass_4,s01,53,99,52,8,quad,7.2910180731578365,5.943311084795539,3.4427935580390523
bass_4,s01,53,99,52,7,so,8.057054,5.795575,3.672493
bass_4,s01,53,99,52,4,uro,7.086489,5.806644,2.943908
bass_4,s01,54,100,53,3,basi,6.306647,6.006215,2.899325
bass_4,s01,54,100,53,2,eye,7.292276,7.354216,4.099389
bass_4,s01,54,100,53,1,lj,5.327382,6.29354,2.944487
bass_4,s01,54,100,53,6,p2,10.61767397583343,5.15163119002945,3.325891080820808
bass_4,s01,54,100,53,6,pm,5.694799,7.660865,3.345708
bass_4,s01,54,100,53,8,quad,7.2682133941780656,5.943943588729098,3.4660855335230636
bass_4,s01,54,100,53,7,so,8.029177,5.799877,3.695733
bass_4,s01,54,100,53,4,uro,7.037483,5.79057,2.951662
bass_4,s01,55,101,54,3,basi,6.271688,5.993909,2.895755
bass_4,s01,55,101,54,2,eye,7.261156,7.357196,4.098872
bass_4,s01,55,101,54,1,lj,5.285521,6.27435,2.939164
bass_4,s01,55,101,54,6,p2,10.592376763334672,5.148252254508161,3.3211687403523253
bass_4,s01,55,101,54,6,pm,5.641193,7.683385,3.348889
bass_4,s01,55,101,54,8,quad,7.2252877659796235,5.917252954614852,3.487105680185311
bass_4,s01,55,101,54,7,so,7.986024,5.804384,3.702052
bass_4,s01,55,101,54,4,uro,6.981999,5.783008,2.958717
bass_4,s01,56,102,55,3,basi,6.23307,5.981714,2.89219
bass_4,s01,56,102,55,2,eye,7.227273,7.358,4.098519
bass_4,s01,56,102,55,1,lj,5.241464,6.263818,2.933395
bass_4,s01,56,102,55,6,p2,10.565817876587142,5.144415092862538,3.3165755688020297
bass_4,s01,56,102,55,6,pm,5.597212,7.694296,3.338634
bass_4,s01,56,102,55,8,quad,7.22931858216726,5.927647595178257,3.4591216277230488
bass_4,s01,56,102,55,7,so,7.94433,5.802609,3.712164
bass_4,s01,56,102,55,4,uro,6.949747,5.783561,2.943955
bass_4,s01,57,103,56,3,basi,6.185524,5.959415,2.877603
bass_4,s01,57,103,56,2,eye,7.202765,7.358673,4.09832
bass_4,s01,57,103,56,1,lj,5.204237,6.253038,2.933554
bass_4,s01,57,103,56,6,p2,10.53817349160712,5.1410478235853665,3.312237949277599
bass_4,s01,57,103,56,6,pm,5.55048,7.710334,3.318758
bass_4,s01,57,103,56,8,quad,7.151242261470125,5.887158649140096,3.492375894147007
bass_4,s01,57,103,56,7,so,7.893525,5.796855,3.737097
bass_4,s01,57,103,56,4,uro,6.875675,5.784862,2.950255
bass_4,s01,58,104,57,3,basi,6.131183,5.950095,2.877594
bass_4,s01,58,104,57,2,eye,7.174837,7.358468,4.112982
bass_4,s01,58,104,57,1,lj,5.152063,6.228324,2.922541
bass_4,s01,58,104,57,6,p2,10.50973049938845,5.137095253758184,3.30784201467205
bass_4,s01,58,104,57,6,pm,5.529057,7.723081,3.313361
bass_4,s01,58,104,57,8,quad,7.104877081732712,5.990272848962097,3.523015556789535
bass_4,s01,58,104,57,7,so,7.852091,5.793868,3.757185
bass_4,s01,58,104,57,4,uro,6.843209,5.776786,2.935965
bass_4,s01,59,105,58,3,basi,6.081767,5.935581,2.862568
bass_4,s01,59,105,58,2,eye,7.133167,7.359863,4.102473
bass_4,s01,59,105,58,1,lj,5.116293,6.22627,2.916454
bass_4,s01,59,105,58,6,p2,10.480500758141474,5.133438309289397,3.303691627429206
bass_4,s01,59,105,58,6,pm,5.474639,7.736691,3.298157
bass_4,s01,59,105,58,8,quad,7.037441989700063,5.886349817764589,3.5390695237906287
bass_4,s01,59,105,58,7,so,7.819987,5.794612,3.768775
bass_4,s01,59,105,58,4,uro,6.809852,5.773234,2.921565
bass_4,s01,60,106,59,3,basi,6.040671,5.928388,2.889344
bass_4,s01,60,106,59,2,eye,7.102344,7.368077,4.102039
bass_4,s01,60,106,59,1,lj,5.087459,6.212605,2.911032
bass_4,s01,60,106,59,6,p2,10.450682853359805,5.129732056962217,3.299256563069945
bass_4,s01,60,106,59,6,pm,5.423934,7.747907,3.273641
bass_4,s01,60,106,59,8,quad,7.053418819811446,5.888117145395234,3.5274268601418206
bass_4,s01,60,106,59,7,so,7.775206,5.79248,3.771527
bass_4,s01,60,106,59,4,uro,6.771261,5.752436,2.929543
bass_4,s01,61,107,60,3,basi,6.011283,5.92122,2.881769
bass_4,s01,61,107,60,2,eye,7.071796,7.370993,4.101497
bass_4,s01,61,107,60,1,lj,5.054961,6.204592,2.911101
bass_4,s01,61,107,60,6,p2,10.42062534067632,5.125899147901172,3.295019252934567
bass_4,s01,61,107,60,6,pm,5.400652,7.748866,3.268763
bass_4,s01,61,107,60,8,quad,6.945035516662481,5.8864632278281865,3.5442667823045473
bass_4,s01,61,107,60,7,so,7.727181,5.788892,3.791052
bass_4,s01,61,107,60,4,uro,6.746406,5.752819,2.92921
bass_4,s01,62,108,61,3,basi,5.978575,5.908953,2.870618
bass_4,s01,62,108,61,2,eye,7.027375,7.3721,4.101066
bass_4,s01,62,108,61,1,lj,5.021628,6.191088,2.9115509999999998
bass_4,s01,62,108,61,6,p2,10.390101477279742,5.1218320521364,3.2908567685236925
bass_4,s01,62,108,61,6,pm,5.369074,7.776866,3.248582
bass_4,s01,62,108,61,8,quad,6.9313477296290396,5.906090791375967,3.60636576627428
bass_4,s01,62,108,61,7,so,7.689424,5.792821,3.808274
bass_4,s01,62,108,61,4,uro,6.707797,5.731936,2.908449
bass_4,s01,63,109,62,3,basi,5.928809,5.907341,2.866407
bass_4,s01,63,109,62,2,eye,6.990481,7.373112,4.098185
bass_4,s01,63,109,62,1,lj,4.985705,6.191767,2.917035
bass_4,s01,63,109,62,6,p2,10.359778276815016,5.118223929811283,3.286443205564104
bass_4,s01,63,109,62,6,pm,5.340262,7.771383,3.215697
bass_4,s01,63,109,62,8,quad,6.928775234002042,5.8742138298363225,3.6125347611772933
bass_4,s01,63,109,62,7,so,7.642455,5.796899,3.825376
bass_4,s01,63,109,62,4,uro,6.668015,5.724118,2.908539
bass_4,s01,64,110,63,3,basi,5.918875,5.902387,2.85893
bass_4,s01,64,110,63,2,eye,6.964906,7.373565,4.095241
bass_4,s01,64,110,63,1,lj,4.945175,6.1782,2.9232
bass_4,s01,64,110,63,6,p2,10.329592963257715,5.114435492603843,3.2816545522414846
bass_4,s01,64,110,63,6,pm,5.308991,7.788325,3.191303
bass_4,s01,64,110,63,8,quad,6.839672290352291,5.876284412520866,3.5836418676086073
bass_4,s01,64,110,63,7,so,7.606027,5.797637,3.836856
bass_4,s01,64,110,63,4,uro,6.621134,5.712251,2.908896
bass_4,s01,65,111,64,3,basi,5.852808,5.906184,2.869555
bass_4,s01,65,111,64,2,eye,6.940019,7.374124,4.094962
bass_4,s01,65,111,64,1,lj,4.893924,6.184672,2.904592
bass_4,s01,65,111,64,6,p2,10.2995618452456,5.110865871929709,3.276752160546871
bass_4,s01,65,111,64,6,pm,5.276537,7.783239,3.172436
bass_4,s01,65,111,64,8,quad,6.869285873811686,5.913175770155884,3.5457094394604978
bass_4,s01,65,111,64,7,so,7.575434,5.795208,3.836774
bass_4,s01,65,111,64,4,uro,6.565708,5.704593,2.887242
bass_4,s01,66,112,65,3,basi,5.81344,5.901809,2.861755
bass_4,s01,66,112,65,2,eye,6.903754,7.372762,4.094794
bass_4,s01,66,112,65,1,lj,4.866694,6.191437,2.892449
bass_4,s01,66,112,65,6,p2,10.26973526606635,5.10712153460546,3.2720618103697356
bass_4,s01,66,112,65,6,pm,5.242735,7.790157,3.181197
bass_4,s01,66,112,65,8,quad,6.779976704964927,5.9337674349900205,3.621170239455537
bass_4,s01,66,112,65,7,so,7.543189,5.788877,3.857124
bass_4,s01,66,112,65,4,uro,6.536791,5.691949,2.908944
bass_4,s01,67,113,66,3,basi,5.769343,5.913112,2.845411
bass_4,s01,67,113,66,2,eye,6.880812,7.372931,4.09432
bass_4,s01,67,113,66,1,lj,4.84019,6.194949,2.892069
bass_4,s01,67,113,66,6,p2,10.240522844370828,5.103713070477772,3.2664857924549495
bass_4,s01,67,113,66,6,pm,5.201331,7.789708,3.157346
bass_4,s01,67,113,66,8,quad,6.754096178680237,5.896905661473059,3.5728684898136844
bass_4,s01,67,113,66,7,so,7.496858,5.786614,3.87161
bass_4,s01,67,113,66,4,uro,6.497141,5.688436,2.908793
bass_4,s01,68,114,67,3,basi,5.756784,5.903007,2.849667
bass_4,s01,68,114,67,2,eye,6.850369,7.373675,4.094016
bass_4,s01,68,114,67,1,lj,4.803154,6.198578,2.915076
bass_4,s01,68,114,67,6,p2,10.211562809934636,5.1002312726689,3.2608097817688955
bass_4,s01,68,114,67,6,pm,5.185329,7.787968,3.157284
bass_4,s01,68,114,67,8,quad,6.7050932166484305,5.885275590042261,3.6210036369389034
bass_4,s01,68,114,67,7,so,7.471875,5.776695,3.886078
bass_4,s01,68,114,67,4,uro,6.439621,5.681015,2.894448
bass_4,s01,69,115,68,3,basi,5.719909,5.895861,2.853518
bass_4,s01,69,115,68,2,eye,6.813336,7.366904,4.098802
bass_4,s01,69,115,68,1,lj,4.74893,6.195848,2.920101
bass_4,s01,69,115,68,6,p2,10.1831248109566,5.096822020749325,3.254899745579672
bass_4,s01,69,115,68,6,pm,5.153064,7.779491,3.176097
bass_4,s01,69,115,68,8,quad,6.653445817868747,5.9151883486591625,3.605131176815269
bass_4,s01,69,115,68,7,so,7.425252,5.771617,3.897981
bass_4,s01,69,115,68,4,uro,6.419773,5.678958,2.894289
bass_4,s01,70,116,69,3,basi,5.705704,5.893514,2.861159
bass_4,s01,70,116,69,2,eye,6.798201,7.367385,4.098721
bass_4,s01,70,116,69,1,lj,4.724885,6.199461,2.919812
bass_4,s01,70,116,69,6,p2,10.154955487943155,5.093911071174028,3.2488173169893937
bass_4,s01,70,116,69,6,pm,5.122438,7.771732,3.171432
bass_4,s01,70,116,69,8,quad,6.662296444652398,5.830110377800015,3.6164515721034705
bass_4,s01,70,116,69,7,so,7.394238,5.771332,3.911873
bass_4,s01,70,116,69,4,uro,6.400535,5.675403,2.894231
bass_4,s01,71,117,70,3,basi,5.684389,5.88345,2.872963
bass_4,s01,71,117,70,2,eye,6.758979,7.361044,4.098562
bass_4,s01,71,117,70,1,lj,4.698304,6.211566,2.918989
bass_4,s01,71,117,70,6,p2,10.12717917045186,5.09067156040798,3.242619803857867
bass_4,s01,71,117,70,6,pm,5.080421,7.763996,3.166551
bass_4,s01,71,117,70,8,quad,6.592506054290832,5.86509307967553,3.591995873471637
bass_4,s01,71,117,70,7,so,7.367179,5.76846,3.935313
bass_4,s01,71,117,70,4,uro,6.397018,5.64463,2.895817
bass_4,s01,72,118,71,3,basi,5.61879,5.921109,2.866473
bass_4,s01,72,118,71,2,eye,6.731564,7.356814,4.095841
bass_4,s01,72,118,71,1,lj,4.678371,6.22325,2.918105
bass_4,s01,72,118,71,6,p2,10.100040619328524,5.087766987483936,3.235910607986648
bass_4,s01,72,118,71,6,pm,5.055821,7.751876,3.166926
bass_4,s01,72,118,71,8,quad,6.629056076164993,5.855816715806992,3.6640159566273223
bass_4,s01,72,118,71,7,so,7.326941,5.762589,3.940897
bass_4,s01,72,118,71,4,uro,6.366122,5.633742,2.896163
bass_4,s01,73,119,72,3,basi,5.590074,5.929433,2.865738
bass_4,s01,73,119,72,2,eye,6.71161,7.354795,4.095673
bass_4,s01,73,119,72,1,lj,4.656455,6.235321,2.917357
bass_4,s01,73,119,72,6,p2,10.073246400413264,5.0847712273725705,3.2291993772978884
bass_4,s01,73,119,72,6,pm,5.031365,7.738705,3.190643
bass_4,s01,73,119,72,8,quad,6.550054945244611,5.846576681762326,3.6522284942685523
bass_4,s01,73,119,72,7,so,7.291514,5.737354,3.965111
bass_4,s01,73,119,72,4,uro,6.352548,5.618604,2.90398
bass_4,s01,74,120,73,3,basi,5.568076,5.932388,2.880684
bass_4,s01,74,120,73,2,eye,6.690977,7.347922,4.095651
bass_4,s01,74,120,73,1,lj,4.617937,6.24155,2.928309
bass_4,s01,74,120,73,6,p2,10.046812455543948,5.0820869697575235,3.2225140792498195
bass_4,s01,74,120,73,6,pm,5.000517,7.720284,3.181711
bass_4,s01,74,120,73,8,quad,6.516530410324903,5.888291547145359,3.6811487804181846
bass_4,s01,74,120,73,7,so,7.264803,5.724807,3.965177
bass_4,s01,74,120,73,4,uro,6.339374,5.618868,2.903849
bass_4,s01,75,121,74,3,basi,5.524973,5.940974,2.879792
bass_4,s01,75,121,74,2,eye,6.677524,7.340534,4.100636
bass_4,s01,75,121,74,1,lj,4.606084,6.247283,2.945461
bass_4,s01,75,121,74,6,p2,10.020580331489734,5.079510817770269,3.2156642751953415
bass_4,s01,75,121,74,6,pm,4.976902,7.708488,3.172738
bass_4,s01,75,121,74,8,quad,6.546729037111913,5.878663190109026,3.6565994889614597
bass_4,s01,75,121,74,7,so,7.246462,5.721681,3.97973
bass_4,s01,75,121,74,4,uro,6.31,5.607949,2.904218
bass_4,s01,76,122,75,3,basi,5.506472,5.951715,2.886711
bass_4,s01,76,122,75,2,eye,6.653833,7.333775,4.100608
bass_4,s01,76,122,75,1,lj,4.577775,6.264639,2.96769
bass_4,s01,76,122,75,6,p2,9.994726904556403,5.0767167149598675,3.208504311779677
bass_4,s01,76,122,75,6,pm,4.946922,7.700867,3.158658
bass_4,s01,76,122,75,8,quad,6.435427881673325,5.853656733415524,3.697258805161683
bass_4,s01,76,122,75,7,so,7.217753,5.709188,3.988662
bass_4,s01,76,122,75,4,uro,6.270398,5.612503,2.903541
bass_4,s01,77,123,76,3,basi,5.488285,5.946738,2.894428
bass_4,s01,77,123,76,2,eye,6.641398,7.326477,4.103095
bass_4,s01,77,123,76,1,lj,4.548657,6.279498,2.966637
bass_4,s01,77,123,76,6,p2,9.9699962109438,5.074265356919312,3.201599365010158
bass_4,s01,77,123,76,6,pm,4.931013,7.686306,3.159185
bass_4,s01,77,123,76,8,quad,6.428866184048006,5.902148240765734,3.676104440631287
bass_4,s01,77,123,76,7,so,7.196362,5.706541,3.991604
bass_4,s01,77,123,76,4,uro,6.229671,5.613313,2.888874
bass_4,s01,78,124,77,3,basi,5.46554,5.952436,2.893925
bass_4,s01,78,124,77,2,eye,6.613693,7.314636,4.10813
bass_4,s01,78,124,77,1,lj,4.53123,6.29425,2.977575
bass_4,s01,78,124,77,6,p2,9.94548220027638,5.071906071021923,3.194477409117773
bass_4,s01,78,124,77,6,pm,4.914106,7.66914,3.173827
bass_4,s01,78,124,77,8,quad,6.425999626046389,5.870164836054099,3.715651068365797
bass_4,s01,78,124,77,7,so,7.173082,5.70008,3.997182
bass_4,s01,78,124,77,4,uro,6.195985,5.613922,2.881346
bass_4,s01,79,125,78,3,basi,5.436397,5.952876,2.897411
bass_4,s01,79,125,78,2,eye,6.590951,7.312696,4.105363
bass_4,s01,79,125,78,1,lj,4.511722,6.298859,3.00065
bass_4,s01,79,125,78,6,p2,9.921210536236194,5.06964686984361,3.1871214237483496
bass_4,s01,79,125,78,6,pm,4.893799,7.650572,3.169824
bass_4,s01,79,125,78,8,quad,6.402863624601237,5.862241758686613,3.736383651543099
bass_4,s01,79,125,78,7,so,7.149441,5.69398,4.005951
bass_4,s01,79,125,78,4,uro,6.174911,5.614242,2.902434
bass_4,s01,80,126,79,3,basi,5.420273,5.958441,2.900819
bass_4,s01,80,126,79,2,eye,6.567748,7.305716,4.110356
bass_4,s01,80,126,79,1,lj,4.491788,6.310552,3.01752
bass_4,s01,80,126,79,6,p2,9.89761565162464,5.067314839585568,3.179722401493559
bass_4,s01,80,126,79,6,pm,4.8756640000000004,7.636156,3.160882
bass_4,s01,80,126,79,8,quad,6.386163362532947,5.909734654635794,3.722039089668658
bass_4,s01,80,126,79,7,so,7.135068,5.687732,4.011886
bass_4,s01,80,126,79,4,uro,6.151604,5.607068,2.902687
bass_4,s01,81,127,80,3,basi,5.388547,5.958777,2.919586
bass_4,s01,81,127,80,2,eye,6.540022,7.296594,4.110344
bass_4,s01,81,127,80,1,lj,4.464667,6.329852,3.027963
bass_4,s01,81,127,80,6,p2,9.87504011599469,5.065365059691068,3.1720156814024736
bass_4,s01,81,127,80,6,pm,4.852402,7.619379,3.166061
bass_4,s01,81,127,80,8,quad,6.353322297013026,5.857879415516382,3.72486233234555
bass_4,s01,81,127,80,7,so,7.116609,5.685002,4.020759
bass_4,s01,81,127,80,4,uro,6.117744,5.603855,2.909658
bass_4,s01,82,128,81,3,basi,5.379822,5.969586,2.919033
bass_4,s01,82,128,81,2,eye,6.505317,7.287416,4.115269
bass_4,s01,82,128,81,1,lj,4.456365,6.337497,3.045172
bass_4,s01,82,128,81,6,p2,9.853174087782522,5.063383617667343,3.1641517003606814
bass_4,s01,82,128,81,6,pm,4.841804,7.602383,3.171401
bass_4,s01,82,128,81,8,quad,6.324774051764345,5.807350985940895,3.75893598139031
bass_4,s01,82,128,81,7,so,7.100685,5.68211,4.020707
bass_4,s01,82,128,81,4,uro,6.101342,5.596428,2.909833
bass_4,s01,83,129,82,3,basi,5.341531,5.970084,2.930059
bass_4,s01,83,129,82,2,eye,6.489985,7.278426,4.100218
bass_4,s01,83,129,82,1,lj,4.445242,6.345515,3.05068
bass_4,s01,83,129,82,6,p2,9.832028559725694,5.061626178780346,3.155597965147266
bass_4,s01,83,129,82,6,pm,4.829659,7.57924,3.172375
bass_4,s01,83,129,82,8,quad,6.323872245805485,5.863949392438733,3.7320949974286117
bass_4,s01,83,129,82,7,so,7.080043,5.675741,4.023439
bass_4,s01,83,129,82,4,uro,6.069034,5.585509,2.910124
bass_4,s01,84,130,83,3,basi,5.323389,5.975746,2.933477
bass_4,s01,84,130,83,2,eye,6.480918,7.268562,4.105347
bass_4,s01,84,130,83,1,lj,4.426888,6.353363,3.061879
bass_4,s01,84,130,83,6,p2,9.8116150318548,5.060069205040648,3.1467699848395836
bass_4,s01,84,130,83,6,pm,4.812529,7.559985,3.182344
bass_4,s01,84,130,83,8,quad,6.273812054772594,5.844350556554524,3.733739567399638
bass_4,s01,84,130,83,7,so,7.063073,5.669435,4.03222
bass_4,s01,84,130,83,4,uro,6.055869,5.585762,2.909988
bass_4,s01,85,131,84,3,basi,5.314308,5.981029,2.936921
bass_4,s01,85,131,84,2,eye,6.45689,7.264107,4.107723
bass_4,s01,85,131,84,1,lj,4.407072,6.365207,3.067041
bass_4,s01,85,131,84,6,p2,9.791836350740336,5.058460967407051,3.138033152078628
bass_4,s01,85,131,84,6,pm,4.798097,7.544697,3.201491
bass_4,s01,85,131,84,8,quad,6.311616213549901,5.862939982742087,3.78274126437074
bass_4,s01,85,131,84,7,so,7.045414,5.656715,4.041231
bass_4,s01,85,131,84,4,uro,6.0029,5.582905,2.923871
bass_4,s01,86,132,85,3,basi,5.304156,5.981135,2.944466
bass_4,s01,86,132,85,2,eye,6.441038,7.25196,4.115425
bass_4,s01,86,132,85,1,lj,4.386365,6.376444,3.095586
bass_4,s01,86,132,85,6,p2,9.773033312500107,5.056881029670554,3.1285075267688476
bass_4,s01,86,132,85,6,pm,4.782806,7.51847,3.230411
bass_4,s01,86,132,85,8,quad,6.2967771844728055,5.8577021446302275,3.7321061923228935
bass_4,s01,86,132,85,7,so,7.026499,5.647578,4.04147
bass_4,s01,86,132,85,4,uro,5.959193,5.583747,2.909164
bass_4,s01,87,133,86,3,basi,5.283086,5.978908,2.944357
bass_4,s01,87,133,86,2,eye,6.451707,7.24088,4.123348
bass_4,s01,87,133,86,1,lj,4.383187,6.384097,3.107029
bass_4,s01,87,133,86,6,p2,9.755116543421554,5.055301832989636,3.1187379917477993
bass_4,s01,87,133,86,6,pm,4.767647,7.492585,3.249997
bass_4,s01,87,133,86,8,quad,6.251503236730781,5.843032352540365,3.742878710521043
bass_4,s01,87,133,86,7,so,7.007967,5.641375,4.041405
bass_4,s01,87,133,86,4,uro,5.938582,5.584105,2.923198
bass_4,s01,88,134,87,3,basi,5.265629,5.9663,2.948694
bass_4,s01,88,134,87,2,eye,6.437816,7.238778,4.128233
bass_4,s01,88,134,87,1,lj,4.378421,6.395572,3.124204
bass_4,s01,88,134,87,6,p2,9.73783792586736,5.053715369029083,3.1090421139215016
bass_4,s01,88,134,87,6,pm,4.750202,7.474569,3.287728
bass_4,s01,88,134,87,8,quad,6.268055578490353,5.828805447043448,3.795414829462037
bass_4,s01,88,134,87,7,so,7.000847,5.631582,4.041486
bass_4,s01,88,134,87,4,uro,5.912594,5.592299,2.908281
bass_4,s01,89,135,88,3,basi,5.241168,5.958908,2.952644
bass_4,s01,89,135,88,2,eye,6.418328,7.230603,4.121256
bass_4,s01,89,135,88,1,lj,4.368772,6.403478,3.129725
bass_4,s01,89,135,88,6,p2,9.721052054896395,5.052003439446092,3.0992418928675556
bass_4,s01,89,135,88,6,pm,4.734347,7.458447,3.329982
bass_4,s01,89,135,88,8,quad,6.240941412605266,5.83783381552822,3.7764004994466602
bass_4,s01,89,135,88,7,so,6.981033,5.615793,4.041792
bass_4,s01,89,135,88,4,uro,5.901863,5.592516,2.922362
bass_4,s01,90,136,89,3,basi,5.225499,5.953888,2.971897
bass_4,s01,90,136,89,2,eye,6.41025,7.222124,4.119143
bass_4,s01,90,136,89,1,lj,4.361998,6.407185,3.147154
bass_4,s01,90,136,89,6,p2,9.70473590016087,5.049920050118411,3.0897703316255702
bass_4,s01,90,136,89,6,pm,4.725316,7.445375,3.344355
bass_4,s01,90,136,89,8,quad,6.265323673869117,5.825760926713754,3.7642121321623456
bass_4,s01,90,136,89,7,so,6.972508,5.605972,4.04772
bass_4,s01,90,136,89,4,uro,5.8767,5.585265,2.936735
bass_4,s01,91,137,90,3,basi,5.2107,5.941039,2.980019
bass_4,s01,91,137,90,2,eye,6.402127,7.213577,4.11927
bass_4,s01,91,137,90,1,lj,4.353793,6.40331,3.170854
bass_4,s01,91,137,90,6,p2,9.689255311703006,5.047828256151652,3.0800077052242076
bass_4,s01,91,137,90,6,pm,4.71085,7.427732,3.372792
bass_4,s01,91,137,90,8,quad,6.21859014567438,5.8349775931116525,3.82903454568192
bass_4,s01,91,137,90,7,so,6.97091,5.592914,4.048021
bass_4,s01,91,137,90,4,uro,5.867809,5.577743,2.937041
bass_4,s01,92,138,91,3,basi,5.199828,5.936066,2.991685
bass_4,s01,92,138,91,2,eye,6.393249,7.202713,4.121622
bass_4,s01,92,138,91,1,lj,4.353793,6.40331,3.170854
bass_4,s01,92,138,91,6,p2,9.6745904809667,5.045478418068703,3.0706777310759836
bass_4,s01,92,138,91,6,pm,4.694507,7.410339,3.391842
bass_4,s01,92,138,91,8,quad,6.245596549289501,5.8245150068444325,3.8859634748781993
bass_4,s01,92,138,91,7,so,6.961326,5.576777,4.048338
bass_4,s01,92,138,91,4,uro,5.850213,5.566512,2.937467
bass_4,s01,93,139,92,3,basi,5.189134,5.928581,2.991998
bass_4,s01,93,139,92,2,eye,6.374719,7.200922,4.121454
bass_4,s01,93,139,92,1,lj,4.343836,6.395923,3.165171
bass_4,s01,93,139,92,6,p2,9.660350921182994,5.042955270615079,3.062026751181381
bass_4,s01,93,139,92,6,pm,4.688849,7.397228,3.401511
bass_4,s01,93,139,92,8,quad,6.246448468864779,5.8137174754781755,3.7902237818733586
bass_4,s01,93,139,92,7,so,6.961244,5.573518,4.048425
bass_4,s01,93,139,92,4,uro,5.829311,5.563036,2.958775
bass_4,s01,94,140,93,3,basi,5.178123,5.918417,2.992403
bass_4,s01,94,140,93,2,eye,6.370597,7.200985,4.123672
bass_4,s01,94,140,93,1,lj,4.334285,6.392341,3.17712
bass_4,s01,94,140,93,6,p2,9.646653168735035,5.040191043657412,3.053239806409758
bass_4,s01,94,140,93,6,pm,4.683919,7.382349,3.411437
bass_4,s01,94,140,93,8,quad,6.242026022798872,5.7930914185539475,3.791710075629904
bass_4,s01,94,140,93,7,so,6.951013,5.567351,4.042698
bass_4,s01,94,140,93,4,uro,5.824765,5.555454,2.959121
bass_4,s01,95,141,94,3,basi,5.177126,5.91328,2.992668
bass_4,s01,95,141,94,2,eye,6.345,7.190473,4.130388
bass_4,s01,95,141,94,1,lj,4.318922,6.392265,3.19455
bass_4,s01,95,141,94,6,p2,9.63364592263266,5.036994154190057,3.045204962914161
bass_4,s01,95,141,94,6,pm,4.670424,7.364999,3.430522
bass_4,s01,95,141,94,8,quad,6.264975582223796,5.845265441456069,3.8291704781805436
bass_4,s01,95,141,94,7,so,6.948474,5.567312,4.042607
bass_4,s01,95,141,94,4,uro,5.808709,5.54803,2.959355
bass_4,s01,96,142,95,3,basi,5.178148,5.902865,2.993196
bass_4,s01,96,142,95,2,eye,6.328406,7.182143,4.130439
bass_4,s01,96,142,95,1,lj,4.310086,6.388128,3.218089
bass_4,s01,96,142,95,6,p2,9.621196846203643,5.033907967466486,3.037445631407315
bass_4,s01,96,142,95,6,pm,4.654322,7.343824,3.435771
bass_4,s01,96,142,95,8,quad,6.21562177054594,5.764873394964818,3.823004565478822
bass_4,s01,96,142,95,7,so,6.947204,5.567292,4.042562
bass_4,s01,96,142,95,4,uro,5.798417,5.548191,2.966355
bass_4,s01,97,143,96,3,basi,5.173135,5.892734,2.993727
bass_4,s01,97,143,96,2,eye,6.318466,7.173413,4.137233
bass_4,s01,97,143,96,1,lj,4.307183,6.376788,3.230429
bass_4,s01,97,143,96,6,p2,9.60932229629147,5.030327370913719,3.0300333144804688
bass_4,s01,97,143,96,6,pm,4.651182,7.327022,3.436472
bass_4,s01,97,143,96,8,quad,6.203010937663551,5.774602580134839,3.793423677106501
bass_4,s01,97,143,96,7,so,6.943592,5.563984,4.030745
bass_4,s01,97,143,96,4,uro,5.78222,5.540814,2.966575
bass_4,s01,98,144,97,3,basi,5.154119,5.871879,3.02121
bass_4,s01,98,144,97,2,eye,6.30361,7.164814,4.143985
bass_4,s01,98,144,97,1,lj,4.300635,6.365318,3.248544
bass_4,s01,98,144,97,6,p2,9.598046701274658,5.026495615052834,3.0230980768765914
bass_4,s01,98,144,97,6,pm,4.633188,7.309644,3.460108
bass_4,s01,98,144,97,8,quad,6.210266589724147,5.7899625235260945,3.7757984465981935
bass_4,s01,98,144,97,7,so,6.94394,5.563998,4.016034
bass_4,s01,98,144,97,4,uro,5.768739,5.53342,2.97393
bass_4,s01,99,145,98,3,basi,5.150752,5.858956,3.025643
bass_4,s01,99,145,98,2,eye,6.295862,7.15174,4.148665
bass_4,s01,99,145,98,1,lj,4.286872,6.361424,3.260224
bass_4,s01,99,145,98,6,p2,9.587144231560265,5.0227610709863,3.016348870785995
bass_4,s01,99,145,98,6,pm,4.625238,7.292756,3.460653
bass_4,s01,99,145,98,8,quad,6.203074342391269,5.797085964984208,3.802423725793737
bass_4,s01,99,145,98,7,so,6.938534,5.550874,4.016214
bass_4,s01,99,145,98,4,uro,5.758705,5.533578,2.966717
bass_4,s01,100,146,99,3,basi,5.139015,5.84597,3.033726
bass_4,s01,100,146,99,2,eye,6.29031,7.149588,4.153155
bass_4,s01,100,146,99,1,lj,4.282791,6.339,3.261318
bass_4,s01,100,146,99,6,p2,9.576936492784377,5.018845019775964,3.0100939059378664
bass_4,s01,100,146,99,6,pm,4.61994,7.281987,3.470287
bass_4,s01,100,146,99,8,quad,6.205391423926893,5.755075901964611,3.7889388261705457
bass_4,s01,100,146,99,7,so,6.931215,5.541386,4.013564
bass_4,s01,100,146,99,4,uro,5.755537,5.525969,2.974186
bass_4,s01,101,147,100,3,basi,5.126415,5.838248,3.053048
bass_4,s01,101,147,100,2,eye,6.28525,7.143103,4.1555
bass_4,s01,101,147,100,1,lj,4.272619,6.335163,3.273093
bass_4,s01,101,147,100,6,p2,9.566988356450244,5.014790524096536,3.0042593057947946
bass_4,s01,101,147,100,6,pm,4.619164,7.271274,3.475338
bass_4,s01,101,147,100,8,quad,6.222386237459958,5.787911532776861,3.816324268547164
bass_4,s01,101,147,100,7,so,6.923867,5.531695,4.001953
bass_4,s01,101,147,100,4,uro,5.765695,5.525809,2.974296
bass_4,s01,102,148,101,3,basi,5.119405,5.825279,3.057383
bass_4,s01,102,148,101,2,eye,6.281114,7.13001,4.157974
bass_4,s01,102,148,101,1,lj,4.267732,6.319972,3.279565
bass_4,s01,102,148,101,6,p2,9.55757149505995,5.010768822971379,2.9983392463167777
bass_4,s01,102,148,101,6,pm,4.603997,7.256078,3.498922
bass_4,s01,102,148,101,8,quad,6.1402871317689645,5.739630874493962,3.837022437041826
bass_4,s01,102,148,101,7,so,6.922915,5.515275,3.993499
bass_4,s01,102,148,101,4,uro,5.76414,5.514259,2.981982
bass_4,s01,103,149,102,3,basi,5.114712,5.817488,3.061502
bass_4,s01,103,149,102,2,eye,6.277923,7.123456,4.160315
bass_4,s01,103,149,102,1,lj,4.257853,6.301052,3.286123
bass_4,s01,103,149,102,6,p2,9.548609990567634,5.006522256819457,2.992631224561241
bass_4,s01,103,149,102,6,pm,4.594609,7.244891,3.517643
bass_4,s01,103,149,102,8,quad,6.163229645657425,5.764695761544674,3.778813685627489
bass_4,s01,103,149,102,7,so,6.922432,5.495703,3.994046
bass_4,s01,103,149,102,4,uro,5.734511,5.499447,2.996655
bass_4,s01,104,150,103,3,basi,5.098962,5.80987,3.069308
bass_4,s01,104,150,103,2,eye,6.26792,7.114914,4.162665
bass_4,s01,104,150,103,1,lj,4.256554,6.289792,3.286651
bass_4,s01,104,150,103,6,p2,9.539944003285193,5.002762781585369,2.987342557831268
bass_4,s01,104,150,103,6,pm,4.59216,7.232042,3.527406
bass_4,s01,104,150,103,8,quad,6.189759251716401,5.731208130206473,3.815875456679934
bass_4,s01,104,150,103,7,so,6.918289,5.489208,3.979467
bass_4,s01,104,150,103,4,uro,5.714305,5.499812,2.982234
bass_4,s01,105,151,104,3,basi,5.094576,5.807361,3.07321
bass_4,s01,105,151,104,2,eye,6.263898,7.10625,4.162803
bass_4,s01,105,151,104,1,lj,4.245157,6.278651,3.287024
bass_4,s01,105,151,104,6,p2,9.53193640385582,4.999009238382058,2.98228520404678
bass_4,s01,105,151,104,6,pm,4.5873,7.2195,3.532563
bass_4,s01,105,151,104,8,quad,6.1537952055537275,5.688322643571925,3.8294596177091047
bass_4,s01,105,151,104,7,so,6.913871,5.482715,3.976634
bass_4,s01,105,151,104,4,uro,5.714405,5.495962,2.975335
bass_4,s01,106,152,105,3,basi,5.086868,5.802312,3.077196
bass_4,s01,106,152,105,2,eye,6.255811,7.097701,4.162917
bass_4,s01,106,152,105,1,lj,4.238059,6.267013,3.299055
bass_4,s01,106,152,105,6,p2,9.523689763880869,4.995231336253829,2.977483273926297
bass_4,s01,106,152,105,6,pm,4.58652,7.215309,3.53273
bass_4,s01,106,152,105,8,quad,6.137990343309253,5.721250617189915,3.8052048097772073
bass_4,s01,106,152,105,7,so,6.915118,5.476205,3.970993
bass_4,s01,106,152,105,4,uro,5.709576,5.496039,3.003678
bass_4,s01,107,153,106,3,basi,5.083881,5.794704,3.077577
bass_4,s01,107,153,106,2,eye,6.253083,7.084637,4.163164
bass_4,s01,107,153,106,1,lj,4.230941,6.252429,3.29986
bass_4,s01,107,153,106,6,p2,9.516273110507322,4.9919256704489205,2.9723242874370426
bass_4,s01,107,153,106,6,pm,4.569461,7.208967,3.541998
bass_4,s01,107,153,106,8,quad,6.169826551435565,5.678939148419209,3.802662994308128
bass_4,s01,107,153,106,7,so,6.915449,5.472931,3.953481
bass_4,s01,107,153,106,4,uro,5.705246,5.496091,3.003629
bass_4,s01,108,154,107,3,basi,5.082919,5.781818,3.078213
bass_4,s01,108,154,107,2,eye,6.243984,7.076144,4.163296
bass_4,s01,108,154,107,1,lj,4.221862,6.236907,3.306042
bass_4,s01,108,154,107,6,p2,9.508996535353312,4.988663695490704,2.9677163021022017
bass_4,s01,108,154,107,6,pm,4.561763,7.210825,3.546321
bass_4,s01,108,154,107,8,quad,6.163184211010838,5.693520745483177,3.7657565451285873
bass_4,s01,108,154,107,7,so,6.920511,5.466475,3.947978
bass_4,s01,108,154,107,4,uro,5.699423,5.496185,3.003564
bass_4,s01,109,155,108,3,basi,5.083958,5.771417,3.078721
bass_4,s01,109,155,108,2,eye,6.236442,7.069748,4.163351
bass_4,s01,109,155,108,1,lj,4.222615,6.229619,3.306536
bass_4,s01,109,155,108,6,p2,9.501771499726198,4.985835351435355,2.963402661321946
bass_4,s01,109,155,108,6,pm,4.558563,7.20256,3.546671
bass_4,s01,109,155,108,8,quad,6.184996985752061,5.67054349122946,3.800386220019064
bass_4,s01,109,155,108,7,so,6.917353,5.45673,3.942358
bass_4,s01,109,155,108,4,uro,5.700743,5.492377,3.003779
bass_4,s01,110,156,109,3,basi,5.070959,5.753187,3.0869780000000002
bass_4,s01,110,156,109,2,eye,6.228054,7.063363,4.163389
bass_4,s01,110,156,109,1,lj,4.212018,6.210285,3.324633
bass_4,s01,110,156,109,6,p2,9.494882256607058,4.983177935490368,2.958873290281137
bass_4,s01,110,156,109,6,pm,4.549335,7.193915,3.551402
bass_4,s01,110,156,109,8,quad,6.137565782713933,5.674219485138346,3.748571140743665
bass_4,s01,110,156,109,7,so,6.911577,5.453554,3.924781
bass_4,s01,110,156,109,4,uro,5.70057,5.488609,3.003981
bass_4,s01,111,157,110,3,basi,5.07201,5.7402,3.087611
bass_4,s01,111,157,110,2,eye,6.229505,7.052314,4.168133
bass_4,s01,111,157,110,1,lj,4.201248,6.202316,3.342227
bass_4,s01,111,157,110,6,p2,9.487966927471646,4.980681634058677,2.9542981847857135
bass_4,s01,111,157,110,6,pm,4.546959,7.185596,3.551743
bass_4,s01,111,157,110,8,quad,6.109272280553912,5.697365873411217,3.7229942846389203
bass_4,s01,111,157,110,7,so,6.911782,5.453545,3.915985
bass_4,s01,111,157,110,4,uro,5.674627,5.477456,2.990087
bass_4,s01,112,158,111,3,basi,5.073043,5.732387,3.087991
bass_4,s01,112,158,111,2,eye,6.228954,7.043452,4.172765
bass_4,s01,112,158,111,1,lj,4.194666,6.18389,3.286708
bass_4,s01,112,158,111,6,p2,9.481280850716406,4.978497821724012,2.9502007561907755
bass_4,s01,112,158,111,6,pm,4.544448,7.17476,3.566033
bass_4,s01,112,158,111,8,quad,6.171468555042377,5.659347305543358,3.754753745972958
bass_4,s01,112,158,111,7,so,6.908387,5.456742,3.901096
bass_4,s01,112,158,111,4,uro,5.661492,5.477688,2.989941
bass_4,s01,113,159,112,3,basi,5.071705,5.721968,3.092265
bass_4,s01,113,159,112,2,eye,6.225665,7.032483,4.177428
bass_4,s01,113,159,112,1,lj,4.186984,6.172462,3.292253
bass_4,s01,113,159,112,6,p2,9.47444050845612,4.976322340348979,2.9459839528006095
bass_4,s01,113,159,112,6,pm,4.544562,7.164152,3.566421
bass_4,s01,113,159,112,8,quad,6.154699990425393,5.6472393057006895,3.7199666748216162
bass_4,s01,113,159,112,7,so,6.912896,5.450158,3.886718
bass_4,s01,113,159,112,4,uro,5.655173,5.481736,3.010973
bass_4,s01,114,160,113,3,basi,5.065474,5.708838,3.092728
bass_4,s01,114,160,113,2,eye,6.222898,7.028195,4.177509
bass_4,s01,114,160,113,1,lj,4.180598,6.168435,3.302641
bass_4,s01,114,160,113,6,p2,9.46781163851759,4.9744513252463,2.94186879256698
bass_4,s01,114,160,113,6,pm,4.542187,7.155835,3.56676
bass_4,s01,114,160,113,8,quad,6.120841258054983,5.64961781111622,3.710085822799014
bass_4,s01,114,160,113,7,so,6.912575,5.437086,3.887117
bass_4,s01,114,160,113,4,uro,5.652337,5.481739,3.010935
bass_4,s01,115,161,114,3,basi,5.06536,5.708816,3.100346
bass_4,s01,115,161,114,2,eye,6.222475,7.012912,4.180115
bass_4,s01,115,161,114,1,lj,4.18081,6.157137,3.324107
bass_4,s01,115,161,114,6,p2,9.460886281189314,4.972365669346385,2.937537495623592
bass_4,s01,115,161,114,6,pm,4.530229,7.140806,3.57164
bass_4,s01,115,161,114,8,quad,6.198439603692533,5.646358798344967,3.7191117113961445
bass_4,s01,115,161,114,7,so,6.914868,5.424049,3.884675
bass_4,s01,115,161,114,4,uro,5.684329,5.469719,3.004794
bass_4,s01,116,162,115,3,basi,5.058335,5.70877,3.104026
bass_4,s01,116,162,115,2,eye,6.219726,6.997675,4.180407
bass_4,s01,116,162,115,1,lj,4.181059,6.141986,3.324763
bass_4,s01,116,162,115,6,p2,9.453854517660002,4.9706850460820355,2.933499330297096
bass_4,s01,116,162,115,6,pm,4.526714,7.130229,3.5719630000000002
bass_4,s01,116,162,115,8,quad,6.145003339775807,5.641805742603411,3.697923202758404
bass_4,s01,116,162,115,7,so,6.918885,5.425584,3.87304
bass_4,s01,116,162,115,4,uro,5.673955,5.477641,3.01139
bass_4,s01,117,163,116,3,basi,5.058309,5.701002,3.108211
bass_4,s01,117,163,116,2,eye,6.213857,6.98908,4.180543
bass_4,s01,117,163,116,1,lj,4.185823,6.134352,3.325158
bass_4,s01,117,163,116,6,p2,9.4466961269246,4.9686434048072226,2.9294891358154977
bass_4,s01,117,163,116,6,pm,4.526103,7.111196,3.572669
bass_4,s01,117,163,116,8,quad,6.204536958423397,5.6120975529014565,3.7648436914852965
bass_4,s01,117,163,116,7,so,6.919518,5.42345,3.867126
bass_4,s01,117,163,116,4,uro,5.66975,5.477687,3.004243
bass_4,s01,118,164,117,3,basi,5.057337,5.693299,3.108586
bass_4,s01,118,164,117,2,eye,6.212104,6.984738,4.180608
bass_4,s01,118,164,117,1,lj,4.181164,6.122832,3.346386
bass_4,s01,118,164,117,6,p2,9.439731428048814,4.966912351688166,2.925444632867409
bass_4,s01,118,164,117,6,pm,4.527041,7.100534,3.573046
bass_4,s01,118,164,117,8,quad,6.159439318359675,5.591926693266269,3.7345075816357975
bass_4,s01,118,164,117,7,so,6.919716,5.417615,3.852664
bass_4,s01,118,164,117,4,uro,5.668234,5.473888,3.004427
bass_4,s01,119,165,118,3,basi,5.057359,5.688128,3.108837
bass_4,s01,119,165,118,2,eye,6.205168,6.971833,4.180858
bass_4,s01,119,165,118,1,lj,4.179654,6.119058,3.356978
bass_4,s01,119,165,118,6,p2,9.432553365150117,4.964885923219018,2.9214544447664306
bass_4,s01,119,165,118,6,pm,4.523045,7.102482,3.572803
bass_4,s01,119,165,118,8,quad,6.1697943371453166,5.637130085637331,3.6869427082876904
bass_4,s01,119,165,118,7,so,6.923658,5.407879,3.847186
bass_4,s01,119,165,118,4,uro,5.659702,5.473984,2.997229
bass_4,s01,120,166,119,3,basi,5.052726,5.685517,3.108876
bass_4,s01,120,166,119,2,eye,6.195384,6.961124,4.180982
bass_4,s01,120,166,119,1,lj,4.179841,6.107702,3.357461
bass_4,s01,120,166,119,6,p2,9.425430654019875,4.9626632816183776,2.91738774629743
bass_4,s01,120,166,119,6,pm,4.522842,7.092511,3.559458
bass_4,s01,120,166,119,8,quad,6.1739667846108,5.597764371959982,3.7469634201198323
bass_4,s01,120,166,119,7,so,6.923419,5.398191,3.847491
bass_4,s01,120,166,119,4,uro,5.655608,5.466249,2.99047
bass_4,s01,121,167,120,3,basi,5.052748,5.680346,3.109127
bass_4,s01,121,167,120,2,eye,6.195297,6.954581,4.18113
bass_4,s01,121,167,120,1,lj,4.179904,6.103917,3.357622
bass_4,s01,121,167,120,6,p2,9.418436012133728,4.96094575137157,2.913604306453617
bass_4,s01,121,167,120,6,pm,4.519649,7.084255,3.55981
bass_4,s01,121,167,120,8,quad,6.160936625291272,5.5842118390335935,3.707162995184139
bass_4,s01,121,167,120,7,so,6.921564,5.392444,3.844754
bass_4,s01,121,167,120,4,uro,5.653738,5.470245,3.004454
bass_4,s01,122,168,121,3,basi,5.051442,5.677694,3.109211
bass_4,s01,122,168,121,2,eye,6.194304,6.943687,4.181358
bass_4,s01,122,168,121,1,lj,4.178373,6.107821,3.35749
bass_4,s01,122,168,121,6,p2,9.411465018693349,4.958527332359799,2.9096810714074772
bass_4,s01,122,168,121,6,pm,4.517801,7.067075,3.564962
bass_4,s01,122,168,121,8,quad,6.14787664155777,5.55939681757388,3.743736338438135
bass_4,s01,122,168,121,7,so,6.920734,5.386613,3.841985
bass_4,s01,122,168,121,4,uro,5.672783,5.469973,2.990489
bass_4,s01,123,169,122,3,basi,5.051532,5.669946,3.105781
bass_4,s01,123,169,122,2,eye,6.190566,6.93281,4.183792
bass_4,s01,123,169,122,1,lj,4.178435,6.104036,3.357651
bass_4,s01,123,169,122,6,p2,9.404757106982904,4.956025442386171,2.9058229793159804
bass_4,s01,123,169,122,6,pm,4.516171,7.05634,3.574592
bass_4,s01,123,169,122,8,quad,6.123765004056329,5.60702118495477,3.684649804422225
bass_4,s01,123,169,122,7,so,6.924148,5.380656,3.842159
bass_4,s01,123,169,122,4,uro,5.685647,5.465907,3.005014
bass_4,s01,124,170,123,3,basi,5.051521,5.672532,3.105656
bass_4,s01,124,170,123,2,eye,6.189546,6.919737,4.18407
bass_4,s01,124,170,123,1,lj,4.177216,6.089016,3.358323
bass_4,s01,124,170,123,6,p2,9.398141829765898,4.953541967009282,2.9019576303961094
bass_4,s01,124,170,123,6,pm,4.515024,7.045349,3.584105
bass_4,s01,124,170,123,8,quad,6.126267656764183,5.5746934811985875,3.725194148746221
bass_4,s01,124,170,123,7,so,6.924161,5.372884,3.833629
bass_4,s01,124,170,123,4,uro,5.689973,5.465849,3.005066
bass_4,s01,125,171,124,3,basi,5.052514,5.675063,3.105532
bass_4,s01,125,171,124,2,eye,6.186817,6.917627,4.1841
bass_4,s01,125,171,124,1,lj,4.178622,6.092681,3.358134
bass_4,s01,125,171,124,6,p2,9.39202569935171,4.950789000438837,2.8980225439316696
bass_4,s01,125,171,124,6,pm,4.514269,7.034685,3.589108
bass_4,s01,125,171,124,8,quad,6.19555912470069,5.563471727339007,3.6527073564160233
bass_4,s01,125,171,124,7,so,6.925615,5.36514,3.82808
bass_4,s01,125,171,124,4,uro,5.685916,5.469731,2.990631
bass_4,s01,126,172,125,3,basi,5.054971,5.669922,3.098215
bass_4,s01,126,172,125,2,eye,6.174316,6.904807,4.184255
bass_4,s01,126,172,125,1,lj,4.180278,6.081208,3.358588
bass_4,s01,126,172,125,6,p2,9.385743596262916,4.947447935592367,2.894464330025236
bass_4,s01,126,172,125,6,pm,4.51565,7.037143,3.575304
bass_4,s01,126,172,125,8,quad,6.149091737665189,5.530853439270736,3.709509697924482
bass_4,s01,126,172,125,7,so,6.925512,5.355434,3.822544
bass_4,s01,126,172,125,4,uro,5.679728,5.469858,3.011847
bass_4,s01,127,173,126,3,basi,5.050809,5.677877,3.105444
bass_4,s01,127,173,126,2,eye,6.170317,6.898528,4.177707
bass_4,s01,127,173,126,1,lj,4.181747,6.081089,3.35856
bass_4,s01,127,173,126,6,p2,9.37977699014588,4.944038016413976,2.890535737212849
bass_4,s01,127,173,126,6,pm,4.513511,7.037417,3.570722
bass_4,s01,127,173,126,8,quad,6.1672955546287644,5.572353596701192,3.668476074766197
bass_4,s01,127,173,126,7,so,6.921489,5.347755,3.802319
bass_4,s01,127,173,126,4,uro,5.681518,5.458256,2.991174
bass_4,s01,128,174,127,3,basi,5.051791,5.682995,3.105194
bass_4,s01,128,174,127,2,eye,6.170232,6.891986,4.177855
bass_4,s01,128,174,127,1,lj,4.181871,6.073519,3.358882
bass_4,s01,128,174,127,6,p2,9.374510755973,4.940494642057767,2.8868404351743178
bass_4,s01,128,174,127,6,pm,4.503215,7.024647,3.55719
bass_4,s01,128,174,127,8,quad,6.163638938907463,5.5849823957000675,3.6925367508555045
bass_4,s01,128,174,127,7,so,6.929138,5.341671,3.805436
bass_4,s01,128,174,127,4,uro,5.682865,5.45438,2.998476
bass_4,s01,129,175,128,3,basi,5.051758,5.690752,3.104817
bass_4,s01,129,175,128,2,eye,6.170118,6.883262,4.178052
bass_4,s01,129,175,128,1,lj,4.181996,6.06595,3.359204
bass_4,s01,129,175,128,6,p2,9.369334384886908,4.936801378905906,2.8832212704462816
bass_4,s01,129,175,128,6,pm,4.500741,7.009888,3.543858
bass_4,s01,129,175,128,8,quad,6.128980039924164,5.571521507964735,3.750002645202584
bass_4,s01,129,175,128,7,so,6.929701,5.333927,3.805714
bass_4,s01,129,175,128,4,uro,5.687068,5.454336,3.005618
bass_4,s01,130,176,129,3,basi,5.051758,5.690752,3.104817
bass_4,s01,130,176,129,2,eye,6.165732,6.876916,4.173706
bass_4,s01,130,176,129,1,lj,4.182121,6.058381,3.359526
bass_4,s01,130,176,129,6,p2,9.364643265708814,4.9324869819228505,2.8794802017020924
bass_4,s01,130,176,129,6,pm,4.500897,7.010243,3.530045
bass_4,s01,130,176,129,8,quad,6.130535702552015,5.521237528885057,3.6286198998208956
bass_4,s01,130,176,129,7,so,6.927563,5.328039,3.794142
bass_4,s01,130,176,129,4,uro,5.685575,5.454379,3.005605
bass_4,s01,131,177,130,3,basi,5.050722,5.698563,3.104438
bass_4,s01,131,177,130,2,eye,6.164801,6.870385,4.173838
bass_4,s01,131,177,130,1,lj,4.182121,6.058381,3.359526
bass_4,s01,131,177,130,6,p2,9.360313482865136,4.927484982626066,2.8758899140910392
bass_4,s01,131,177,130,6,pm,4.502279,6.998352,3.548865
bass_4,s01,131,177,130,8,quad,6.165182590249863,5.52159035864215,3.6934740641576633
bass_4,s01,131,177,130,7,so,6.928988,5.316398,3.785816
bass_4,s01,131,177,130,4,uro,5.685697,5.454368,2.998514
bass_4,s01,132,178,131,3,basi,5.051715,5.701095,3.104314
bass_4,s01,132,178,131,2,eye,6.162671,6.861914,4.1651300000000004
bass_4,s01,132,178,131,1,lj,4.182121,6.058381,3.359526
bass_4,s01,132,178,131,6,p2,9.35615167694001,4.922659887133465,2.8725162824914814
bass_4,s01,132,178,131,6,pm,4.505154,6.996613,3.544406
bass_4,s01,132,178,131,8,quad,6.210254354315924,5.493061658931856,3.7169994994713815
bass_4,s01,132,178,131,7,so,6.931491,5.312449,3.783045
bass_4,s01,132,178,131,4,uro,5.685697,5.454368,2.998514
bass_4,s01,133,179,132,3,basi,5.051693,5.706267,3.104063
bass_4,s01,133,179,132,2,eye,6.161901,6.857718,4.158555
bass_4,s01,133,179,132,1,lj,4.182121,6.058381,3.359526
bass_4,s01,133,179,132,6,p2,9.352644891120182,4.917790730163841,2.8692101401060235
bass_4,s01,133,179,132,6,pm,4.503787,6.984816,3.558542
bass_4,s01,133,179,132,8,quad,6.1837819875918765,5.556920523844507,3.6583755669810976
bass_4,s01,133,179,132,7,so,6.930533,5.29884,3.777632
bass_4,s01,133,179,132,4,uro,5.6946,5.450329,2.991712
bass_4,s01,134,180,133,3,basi,5.055991,5.713929,3.103731
bass_4,s01,134,180,133,2,eye,6.161805,6.846862,4.156587
bass_4,s01,134,180,133,1,lj,4.177272,6.054308,3.364662
bass_4,s01,134,180,133,6,p2,9.349238601415642,4.912436077557622,2.865720690235001
bass_4,s01,134,180,133,6,pm,4.503898,6.965733,3.568439
bass_4,s01,134,180,133,8,quad,6.169819305997339,5.532559092881382,3.6576731691038273
bass_4,s01,134,180,133,7,so,6.925133,5.293226,3.774924
bass_4,s01,134,180,133,4,uro,5.694453,5.446497,2.999
bass_4,s01,135,181,134,3,basi,5.051976,5.714144,3.103727
bass_4,s01,135,181,134,2,eye,6.161692,6.838136,4.156789
bass_4,s01,135,181,134,1,lj,4.177272,6.054308,3.364662
bass_4,s01,135,181,134,6,p2,9.346148203400936,4.9067033185471205,2.862740373195898
bass_4,s01,135,181,134,6,pm,4.502545,6.956412,3.568802
bass_4,s01,135,181,134,8,quad,6.1603952775440565,5.502092002246984,3.6540164937585935
bass_4,s01,135,181,134,7,so,6.924329,5.291275,3.774963
bass_4,s01,135,181,134,4,uro,5.697291,5.442582,3.006314
bass_4,s01,136,182,135,3,basi,5.051004,5.70644,3.104103
bass_4,s01,136,182,135,2,eye,6.161277,6.82945,4.154749
bass_4,s01,136,182,135,1,lj,4.177335,6.050523,3.364822
bass_4,s01,136,182,135,6,p2,9.343016423663952,4.900819125307266,2.8597749645559687
bass_4,s01,136,182,135,6,pm,4.502588,6.952642,3.568941
bass_4,s01,136,182,135,8,quad,6.09978677687604,5.543400303414365,3.632504625964606
bass_4,s01,136,182,135,7,so,6.919329,5.285541,3.766364
bass_4,s01,136,182,135,4,uro,5.692673,5.434979,3.020833
bass_4,s01,137,183,136,3,basi,5.050022,5.701322,3.104353
bass_4,s01,137,183,136,2,eye,6.160019,6.829585,4.150304
bass_4,s01,137,183,136,1,lj,4.177398,6.046739,3.364983
bass_4,s01,137,183,136,6,p2,9.340352055093996,4.894984834728942,2.8570143923755156
bass_4,s01,137,183,136,6,pm,4.504012,6.945235,3.56931
bass_4,s01,137,183,136,8,quad,6.1560293402576045,5.522539439617752,3.6786013226504704
bass_4,s01,137,183,136,7,so,6.921735,5.27771,3.763728
bass_4,s01,137,183,136,4,uro,5.688472,5.435019,3.013694
bass_4,s01,138,184,137,3,basi,5.052333,5.70392,3.104271
bass_4,s01,138,184,137,2,eye,6.158185,6.8187,4.150525
bass_4,s01,138,184,137,1,lj,4.177346,6.046692,3.370175
bass_4,s01,138,184,137,6,p2,9.337841841451947,4.889533440256904,2.854442672825431
bass_4,s01,138,184,137,6,pm,4.498437,6.94329,3.569231
bass_4,s01,138,184,137,8,quad,6.155001334998809,5.461304553599725,3.643746584315835
bass_4,s01,138,184,137,7,so,6.919361,5.275794,3.755023
bass_4,s01,138,184,137,4,uro,5.679702,5.435135,3.020682
bass_4,s01,139,185,138,3,basi,5.052323,5.706505,3.104145
bass_4,s01,139,185,138,2,eye,6.158185,6.8187,4.150525
bass_4,s01,139,185,138,1,lj,4.174026,6.046488,3.385657
bass_4,s01,139,185,138,6,p2,9.335379681603518,4.883916733088707,2.8518122680458493
bass_4,s01,139,185,138,6,pm,4.498481,6.93952,3.569369
bass_4,s01,139,185,138,8,quad,6.1443802443660305,5.4665110409504365,3.6490988734773735
bass_4,s01,139,185,138,7,so,6.917813,5.266033,3.746552
bass_4,s01,139,185,138,4,uro,5.669509,5.431508,3.013681
bass_4,s01,140,186,139,3,basi,5.052302,5.711677,3.103894
bass_4,s01,140,186,139,2,eye,6.160119,6.8187430000000004,4.146093
bass_4,s01,140,186,139,1,lj,4.174153,6.038923,3.385974
bass_4,s01,140,186,139,6,p2,9.333143746093873,4.878616897848287,2.849592044494038
bass_4,s01,140,186,139,6,pm,4.498503,6.937635,3.569438
bass_4,s01,140,186,139,8,quad,6.103700853768883,5.47423752584774,3.627564894400845
bass_4,s01,140,186,139,7,so,6.919451,5.258142,3.755499
bass_4,s01,140,186,139,4,uro,5.653496,5.443282,3.019999
bass_4,s01,141,187,140,3,basi,5.053316,5.709038,3.10402
bass_4,s01,141,187,140,2,eye,6.157829,6.807929,4.144105
bass_4,s01,141,187,140,1,lj,4.174153,6.038923,3.385974
bass_4,s01,141,187,140,6,p2,9.330910862706531,4.873242842486409,2.8473307761266087
bass_4,s01,141,187,140,6,pm,4.505113,6.92667,3.556204
bass_4,s01,141,187,140,8,quad,6.215155797534519,5.526806892772077,3.675233257859138
bass_4,s01,141,187,140,7,so,6.917669,5.252367,3.749872
bass_4,s01,141,187,140,4,uro,5.662267,5.443173,3.013014
bass_4,s01,142,188,141,3,basi,5.053295,5.71421,3.1037689999999998
bass_4,s01,142,188,141,2,eye,6.15786,6.803664,4.139774
bass_4,s01,142,188,141,1,lj,4.174279,6.031358,3.386291
bass_4,s01,142,188,141,6,p2,9.329093749647612,4.868297993382812,2.8453393448968165
bass_4,s01,142,188,141,6,pm,4.503059,6.919394,3.551916
bass_4,s01,142,188,141,8,quad,6.1316312815829,5.4508466855590525,3.6916896783639968
bass_4,s01,142,188,141,7,so,6.918561,5.252353,3.744069
bass_4,s01,142,188,141,4,uro,5.662267,5.443173,3.013014
bass_4,s01,143,189,142,3,basi,5.053274,5.719382,3.103518
bass_4,s01,143,189,142,2,eye,6.155991,6.795091,4.135544
bass_4,s01,143,189,142,1,lj,4.174342,6.027575,3.38645
bass_4,s01,143,189,142,6,p2,9.327380443260756,4.863952222039325,2.8433885391619707
bass_4,s01,143,189,142,6,pm,4.499554,6.91753,3.551921
bass_4,s01,143,189,142,8,quad,6.177467083448494,5.53238958692301,3.5954420534063694
bass_4,s01,143,189,142,7,so,6.920848,5.24259,3.744421
bass_4,s01,143,189,142,4,uro,5.660774,5.443218,3.013
bass_4,s01,144,190,143,3,basi,5.05333,5.719393,3.099708
bass_4,s01,144,190,143,2,eye,6.152606,6.788689,4.131203
bass_4,s01,144,190,143,1,lj,4.174532,6.016228,3.386926
bass_4,s01,144,190,143,6,p2,9.325830025974753,4.85977144214721,2.8414386891162957
bass_4,s01,144,190,143,6,pm,4.499554,6.91753,3.551921
bass_4,s01,144,190,143,8,quad,6.152847334759545,5.469321440051018,3.619696343191457
bass_4,s01,144,190,143,7,so,6.924881,5.244549,3.735743
bass_4,s01,144,190,143,4,uro,5.660796,5.44706,3.012804
bass_4,s01,145,191,144,3,basi,5.053455,5.71683,3.092214
bass_4,s01,145,191,144,2,eye,6.152084,6.780079,4.126986
bass_4,s01,145,191,144,1,lj,4.174532,6.016228,3.386926
bass_4,s01,145,191,144,6,p2,9.324463532340214,4.8559534657792005,2.8397545095791323
bass_4,s01,145,191,144,6,pm,4.49964,6.909989,3.552201
bass_4,s01,145,191,144,8,quad,6.1726533406222766,5.454014614207559,3.639310032924796
bass_4,s01,145,191,144,7,so,6.926712,5.238614,3.727197
bass_4,s01,145,191,144,4,uro,5.660796,5.44706,3.012804
bass_4,s01,146,192,145,3,basi,5.055452,5.71931,3.092089
bass_4,s01,146,192,145,2,eye,6.150333,6.775738,4.127059
bass_4,s01,146,192,145,1,lj,4.176189,6.004761,3.387374
bass_4,s01,146,192,145,6,p2,9.323222919680507,4.8524373559596565,2.8378343017220993
bass_4,s01,146,192,145,6,pm,4.496888,6.906188,3.552267
bass_4,s01,146,192,145,8,quad,6.154027387033795,5.445180602611566,3.637126003240553
bass_4,s01,146,192,145,7,so,6.928262,5.226882,3.724681
bass_4,s01,146,192,145,4,uro,5.656493,5.450952,3.012556
bass_4,s01,147,193,146,3,basi,5.060119,5.714159,3.092429
bass_4,s01,147,193,146,2,eye,6.151766,6.7758,4.122638
bass_4,s01,147,193,146,1,lj,4.176253,6.000979,3.387533
bass_4,s01,147,193,146,6,p2,9.322432094167144,4.849080369470958,2.836109557833318
bass_4,s01,147,193,146,6,pm,4.497043,6.906518,3.538487
bass_4,s01,147,193,146,8,quad,6.183377250882881,5.426371194923961,3.626794398174369
bass_4,s01,147,193,146,7,so,6.930314,5.232606,3.718649
bass_4,s01,147,193,146,4,uro,5.660941,5.450891,3.005517
bass_4,s01,148,194,147,3,basi,5.057796,5.714148,3.092386
bass_4,s01,148,194,147,2,eye,6.150512,6.769479,4.113927
bass_4,s01,148,194,147,1,lj,4.176442,5.989633,3.388009
bass_4,s01,148,194,147,6,p2,9.321787197942925,4.846140878010413,2.83429383304456
bass_4,s01,148,194,147,6,pm,4.496983,6.902527,3.547814
bass_4,s01,148,194,147,8,quad,6.1600889729681,5.444171693976724,3.635335412636686
bass_4,s01,148,194,147,7,so,6.930314,5.232606,3.718649
bass_4,s01,148,194,147,4,uro,5.656616,5.45094,3.005465
bass_4,s01,149,195,148,3,basi,5.056623,5.706346,3.085105
bass_4,s01,149,195,148,2,eye,6.149099,6.760829,4.111914
bass_4,s01,149,195,148,1,lj,4.176505,5.985851,3.388167
bass_4,s01,149,195,148,6,p2,9.321272272442595,4.843339672446161,2.832463016120097
bass_4,s01,149,195,148,6,pm,4.496481,6.901131,3.529524
bass_4,s01,149,195,148,8,quad,6.19297929545473,5.463245114636407,3.617081508689481
bass_4,s01,149,195,148,7,so,6.929829,5.232538,3.706973
bass_4,s01,149,195,148,4,uro,5.652281,5.454908,2.998137
bass_4,s01,150,196,149,3,basi,5.05372,5.693583,3.081929
bass_4,s01,150,196,149,2,eye,6.148971,6.754233,4.114286
bass_4,s01,150,196,149,1,lj,4.175037,5.985971,3.388195
bass_4,s01,150,196,149,6,p2,9.321103389928172,4.8407632389606805,2.8307369842043415
bass_4,s01,150,196,149,6,pm,4.492888,6.893282,3.543518
bass_4,s01,150,196,149,8,quad,6.170261125394365,5.4216832512998225,3.6576773261288897
bass_4,s01,150,196,149,7,so,6.925749,5.222822,3.698505
bass_4,s01,150,196,149,4,uro,5.636055,5.451324,3.012331
bass_4,s01,151,197,150,3,basi,5.054055,5.688528,3.082226
bass_4,s01,151,197,150,2,eye,6.148971,6.754233,4.114286
bass_4,s01,151,197,150,1,lj,4.176863,5.970804,3.378436
bass_4,s01,151,197,150,6,p2,9.32105445559667,4.837976390942629,2.828782376187049
bass_4,s01,151,197,150,6,pm,4.493057,6.887842,3.534547
bass_4,s01,151,197,150,8,quad,6.167077089920756,5.367747602020088,3.597439921441039
bass_4,s01,151,197,150,7,so,6.921121,5.211053,3.69003
bass_4,s01,151,197,150,4,uro,5.637638,5.451345,2.998178
bass_4,s01,152,198,151,3,basi,5.048252,5.678111,3.074993
bass_4,s01,152,198,151,2,eye,6.148947,6.745596,4.110071
bass_4,s01,152,198,151,1,lj,4.176915,5.970845,3.373253
bass_4,s01,152,198,151,6,p2,9.321268478623006,4.835429300881959,2.827076180830153
bass_4,s01,152,198,151,6,pm,4.491052,6.878223,3.539408
bass_4,s01,152,198,151,8,quad,6.192018849982914,5.392857279093935,3.57805353134972
bass_4,s01,152,198,151,7,so,6.921188,5.211038,3.687119
bass_4,s01,152,198,151,4,uro,5.637537,5.4552,3.005071
bass_4,s01,153,199,152,3,basi,5.045239,5.678273,3.074991
bass_4,s01,153,199,152,2,eye,6.147988,6.736876,4.110266
bass_4,s01,153,199,152,1,lj,4.167675,5.963168,3.362924
bass_4,s01,153,199,152,6,p2,9.32167109009086,4.83260956391719,2.8252362185745397
bass_4,s01,153,199,152,6,pm,4.48826,6.867116,3.539868
bass_4,s01,153,199,152,8,quad,6.147115905218813,5.443806704326867,3.5743826818217657
bass_4,s01,153,199,152,7,so,6.922129,5.212963,3.681255
bass_4,s01,153,199,152,4,uro,5.642138,5.455051,2.998019
bass_4,s01,154,200,153,3,basi,5.049912,5.670534,3.0754609999999998
bass_4,s01,154,200,153,2,eye,6.14796,6.734693,4.110319
bass_4,s01,154,200,153,1,lj,4.167675,5.963168,3.362924
bass_4,s01,154,200,153,6,p2,9.322102741495762,4.8297351251503295,2.8232740069052404
bass_4,s01,154,200,153,6,pm,4.486398,6.863581,3.526161
bass_4,s01,154,200,153,8,quad,6.199475702590862,5.429254235586755,3.5613626445953885
bass_4,s01,154,200,153,7,so,6.924317,5.209148,3.669887
bass_4,s01,154,200,153,4,uro,5.633732,5.455122,2.983734
bass_4,s01,155,201,154,3,basi,5.054686,5.665397,3.068195
bass_4,s01,155,201,154,2,eye,6.143949,6.726202,4.103865
bass_4,s01,155,201,154,1,lj,4.167919,5.951857,3.358228
bass_4,s01,155,201,154,6,p2,9.322663245189345,4.826798564613329,2.821735940651144
bass_4,s01,155,201,154,6,pm,4.48653,6.852266,3.526589
bass_4,s01,155,201,154,8,quad,6.139381921697808,5.45706342476066,3.558600372334029
bass_4,s01,155,201,154,7,so,6.925151,5.201326,3.658554
bass_4,s01,155,201,154,4,uro,5.627759,5.455309,2.983681
bass_4,s01,156,202,155,3,basi,5.052954,5.652597,3.053623
bass_4,s01,156,202,155,2,eye,6.143514,6.719642,4.104003
bass_4,s01,156,202,155,1,lj,4.1681,5.944328,3.353372
bass_4,s01,156,202,155,6,p2,9.32334210094413,4.823551195331984,2.819697050701792
bass_4,s01,156,202,155,6,pm,4.485983,6.841106,3.52244
bass_4,s01,156,202,155,8,quad,6.164381786059646,5.431310971560652,3.5751156905652883
bass_4,s01,156,202,155,7,so,6.922247,5.195386,3.647027
bass_4,s01,156,202,155,4,uro,5.627739,5.451465,2.98388
bass_4,s01,157,203,156,3,basi,5.051143,5.652804,3.061273
bass_4,s01,157,203,156,2,eye,6.143514,6.719642,4.104003
bass_4,s01,157,203,156,1,lj,4.16519,5.932948,3.348585
bass_4,s01,157,203,156,6,p2,9.324148095121382,4.820326303627676,2.817843239339374
bass_4,s01,157,203,156,6,pm,4.486175,6.83377,3.513557
bass_4,s01,157,203,156,8,quad,6.099736412880843,5.360780531962667,3.583982431790279
bass_4,s01,157,203,156,7,so,6.923928,5.183603,3.638724
bass_4,s01,157,203,156,4,uro,5.629319,5.451487,2.969731
bass_4,s01,158,204,157,3,basi,5.045734,5.658121,3.064777
bass_4,s01,158,204,157,2,eye,6.144876,6.711013,4.097592
bass_4,s01,158,204,157,1,lj,4.166659,5.932827,3.348558
bass_4,s01,158,204,157,6,p2,9.324722333184324,4.816387844668442,2.8159737350991767
bass_4,s01,158,204,157,6,pm,4.4863,6.832091,3.504461
bass_4,s01,158,204,157,8,quad,6.128184104333417,5.403368479375257,3.577920096753891
bass_4,s01,158,204,157,7,so,6.92313,5.173822,3.630334
bass_4,s01,158,204,157,4,uro,5.632266,5.443704,2.970156
bass_4,s01,159,205,158,3,basi,5.044607,5.652907,3.05358
bass_4,s01,159,205,158,2,eye,6.144967,6.704645,4.08891
bass_4,s01,159,205,158,1,lj,4.168385,5.91757,3.349181
bass_4,s01,159,205,158,6,p2,9.325540633413022,4.812935622342644,2.814306413069742
bass_4,s01,159,205,158,6,pm,4.486573,6.826843,3.486345
bass_4,s01,159,205,158,8,quad,6.159972394380692,5.399722841272784,3.549204703508489
bass_4,s01,159,205,158,7,so,6.925372,5.171641,3.618718
bass_4,s01,159,205,158,4,uro,5.632346,5.436001,2.963471
bass_4,s01,160,206,159,3,basi,5.046881,5.650321,3.057556
bass_4,s01,160,206,159,2,eye,6.144123,6.698196,4.084635
bass_4,s01,160,206,159,1,lj,4.165704,5.902677,3.349885
bass_4,s01,160,206,159,6,p2,9.326282176441945,4.809215824083223,2.81263654241996
bass_4,s01,160,206,159,6,pm,4.487326,6.824904,3.486408
bass_4,s01,160,206,159,8,quad,6.0958751489489975,5.380732874537323,3.5664679158737798
bass_4,s01,160,206,159,7,so,6.928129,5.177427,3.604044
bass_4,s01,160,206,159,4,uro,5.632447,5.432142,2.956587
bass_4,s01,161,207,160,3,basi,5.038999,5.658124,3.049432
bass_4,s01,161,207,160,2,eye,6.142427,6.698219,4.084604
bass_4,s01,161,207,160,1,lj,4.165809,5.902746,3.339539
bass_4,s01,161,207,160,6,p2,9.327085022259345,4.805337529066315,2.810853318471869
bass_4,s01,161,207,160,6,pm,4.484485,6.82477,3.490917
bass_4,s01,161,207,160,8,quad,6.082633380872848,5.400967765249001,3.474914603367825
bass_4,s01,161,207,160,7,so,6.928166,5.173503,3.598377
bass_4,s01,161,207,160,4,uro,5.654318,5.427946,2.949953
bass_4,s01,162,208,161,3,basi,5.044807,5.645164,3.042562
bass_4,s01,162,208,161,2,eye,6.142561,6.691892,4.073717
bass_4,s01,162,208,161,1,lj,4.164638,5.891581,3.329713
bass_4,s01,162,208,161,6,p2,9.327593307957788,4.801206126549628,2.809295538915107
bass_4,s01,162,208,161,6,pm,4.48306,6.817223,3.495809
bass_4,s01,162,208,161,8,quad,6.1768935383910035,5.355566641073989,3.5114198301810937
bass_4,s01,162,208,161,7,so,6.928106,5.165688,3.592859
bass_4,s01,162,208,161,4,uro,5.653085,5.424046,2.943046
bass_4,s01,163,209,162,3,basi,5.033667,5.637479,3.035175
bass_4,s01,163,209,162,2,eye,6.137283,6.685653,4.065004
bass_4,s01,163,209,162,1,lj,4.166236,5.88389,3.330015
bass_4,s01,163,209,162,6,p2,9.32798540574679,4.796905392701817,2.8081205823372533
bass_4,s01,163,209,162,6,pm,4.484633,6.807686,3.496154
bass_4,s01,163,209,162,8,quad,6.155036962781304,5.403015309312973,3.5078205060925605
bass_4,s01,163,209,162,7,so,6.929238,5.159698,3.581429
bass_4,s01,163,209,162,4,uro,5.664752,5.41621,2.929433
bass_4,s01,164,210,163,3,basi,5.043006,5.634936,3.03168
bass_4,s01,164,210,163,2,eye,6.13584,6.676785,4.071816
bass_4,s01,164,210,163,1,lj,4.160117,5.87622,3.324984
bass_4,s01,164,210,163,6,p2,9.32855810876186,4.7928357699049045,2.807015650058746
bass_4,s01,164,210,163,6,pm,4.480472,6.80021,3.496389
bass_4,s01,164,210,163,8,quad,6.125364612718775,5.358971761235915,3.516568485669013
bass_4,s01,164,210,163,7,so,6.930626,5.151922,3.578872
bass_4,s01,164,210,163,4,uro,5.686804,5.415768,2.922583
bass_4,s01,165,211,164,3,basi,5.041007,5.632453,3.031812
bass_4,s01,165,211,164,2,eye,6.135927,6.676873,4.067398
bass_4,s01,165,211,164,1,lj,4.158805,5.876438,3.309505
bass_4,s01,165,211,164,6,p2,9.328850413499689,4.788618042716337,2.8059924382549037
bass_4,s01,165,211,164,6,pm,4.480516,6.796437,3.496535
bass_4,s01,165,211,164,8,quad,6.168276870028046,5.375428404886545,3.521959199711845
bass_4,s01,165,211,164,7,so,6.933134,5.155814,3.572992
bass_4,s01,165,211,164,4,uro,5.691411,5.415624,2.915543
bass_4,s01,166,212,165,3,basi,5.043335,5.629873,3.031987
bass_4,s01,166,212,165,2,eye,6.135887,6.670364,4.065355
bass_4,s01,166,212,165,1,lj,4.160469,5.864958,3.309976
bass_4,s01,166,212,165,6,p2,9.328889670103573,4.784237294070667,2.805149350120674
bass_4,s01,166,212,165,6,pm,4.480271,6.789201,3.47383
bass_4,s01,166,212,165,8,quad,6.149254619689919,5.3528093795461915,3.4490050042628
bass_4,s01,166,212,165,7,so,6.938327,5.14782,3.558811
bass_4,s01,166,212,165,4,uro,5.6960750000000004,5.411672,2.894561
bass_4,s01,167,213,166,3,basi,5.040431,5.630043,3.02439
bass_4,s01,167,213,166,2,eye,6.13408,6.66165,4.065545
bass_4,s01,167,213,166,1,lj,4.163603,5.853357,3.310421
bass_4,s01,167,213,166,6,p2,9.3287069345711,4.779485431900944,2.804461597595121
bass_4,s01,167,213,166,6,pm,4.480339,6.783539,3.4740509999999998
bass_4,s01,167,213,166,8,quad,6.157021959657855,5.367939914952218,3.490572900549874
bass_4,s01,167,213,166,7,so,6.938498,5.143854,3.547348
bass_4,s01,167,213,166,4,uro,5.711993,5.399817,2.902429
bass_4,s01,168,214,167,3,basi,5.046102,5.622238,3.02487
bass_4,s01,168,214,167,2,eye,6.131488,6.655338,4.05686
bass_4,s01,168,214,167,1,lj,4.163603,5.853357,3.310421
bass_4,s01,168,214,167,6,p2,9.328340254945568,4.7747694782142585,2.8042786228162244
bass_4,s01,168,214,167,6,pm,4.483332,6.777668,3.474236
bass_4,s01,168,214,167,8,quad,6.212908190362533,5.310535300491618,3.4592593411851875
bass_4,s01,168,214,167,7,so,6.94106,5.139864,3.541714
bass_4,s01,168,214,167,4,uro,5.722241,5.391896,2.902949
bass_4,s01,169,215,168,3,basi,5.046222,5.61966,3.017404
bass_4,s01,169,215,168,2,eye,6.129216,6.64883,4.057002
bass_4,s01,169,215,168,1,lj,4.163603,5.853357,3.310421
bass_4,s01,169,215,168,6,p2,9.327965414159983,4.770138798149738,2.8040261876991788
bass_4,s01,169,215,168,6,pm,4.48269,6.770171,3.47454
bass_4,s01,169,215,168,8,quad,6.139415834318419,5.326862355602534,3.4777304968838942
bass_4,s01,169,215,168,7,so,6.939579,5.135908,3.53601
bass_4,s01,169,215,168,4,uro,5.732461,5.380129,2.903678
bass_4,s01,170,216,169,3,basi,5.051706,5.609161,3.010375
bass_4,s01,170,216,169,2,eye,6.129189,6.646645,4.057057
bass_4,s01,170,216,169,1,lj,4.168429,5.853611,3.310637
bass_4,s01,170,216,169,6,p2,9.327375101879298,4.765610512218785,2.8039141331158204
bass_4,s01,170,216,169,6,pm,4.483497,6.747617,3.480099
bass_4,s01,170,216,169,8,quad,6.192748175829263,5.322742630997028,3.494800772314533
bass_4,s01,170,216,169,7,so,6.935008,5.132223,3.5333039999999998
bass_4,s01,170,216,169,4,uro,5.732534,5.372411,2.897019
bass_4,s01,171,217,170,3,basi,5.046941,5.614316,3.01762
bass_4,s01,171,217,170,2,eye,6.128246,6.635777,4.055114
bass_4,s01,171,217,170,1,lj,4.171642,5.84989,3.310898
bass_4,s01,171,217,170,6,p2,9.32648747653544,4.760616457971705,2.803992933277718
bass_4,s01,171,217,170,6,pm,4.482832,6.742008,3.480329
bass_4,s01,171,217,170,8,quad,6.152142157648409,5.286591916744787,3.4606464378363593
bass_4,s01,171,217,170,7,so,6.936578,5.124363,3.533604
bass_4,s01,171,217,170,4,uro,5.741289,5.372274,2.8900420000000002
bass_4,s01,172,218,171,3,basi,5.052652,5.624646,3.009582
bass_4,s01,172,218,171,2,eye,6.12365,6.629344,4.055257
bass_4,s01,172,218,171,1,lj,4.171642,5.84989,3.310898
bass_4,s01,172,218,171,6,p2,9.325401656297112,4.755448382626017,2.804082736068853
bass_4,s01,172,218,171,6,pm,4.484295,6.741903,3.48031
bass_4,s01,172,218,171,8,quad,6.150132587850647,5.3482762927807945,3.441671644270225
bass_4,s01,172,218,171,7,so,6.937891,5.120268,3.516319
bass_4,s01,172,218,171,4,uro,5.753153,5.364295,2.883513
bass_4,s01,173,219,172,3,basi,5.045644,5.624617,3.01325
bass_4,s01,173,219,172,2,eye,6.123596,6.624975,4.055368
bass_4,s01,173,219,172,1,lj,4.171578,5.853676,3.310732
bass_4,s01,173,219,172,6,p2,9.324017428194372,4.7503785192154595,2.804559789184191
bass_4,s01,173,219,172,6,pm,4.485116,6.734303,3.480595
bass_4,s01,173,219,172,8,quad,6.12359595215855,5.259576162677883,3.4351420609453958
bass_4,s01,173,219,172,7,so,6.940268,5.114365,3.516571
bass_4,s01,173,219,172,4,uro,5.760605,5.360245,2.883804
bass_4,s01,174,220,173,3,basi,5.048675,5.634822,3.008922
bass_4,s01,174,220,173,2,eye,6.123459,6.614051,4.055648
bass_4,s01,174,220,173,1,lj,4.171386,5.865034,3.310233
bass_4,s01,174,220,173,6,p2,9.322602856771049,4.745319616952779,2.8048968996747012
bass_4,s01,174,220,173,6,pm,4.485936,6.726704,3.48088
bass_4,s01,174,220,173,8,quad,6.142112354674226,5.313425930646031,3.452225900168259
bass_4,s01,174,220,173,7,so,6.93447,5.108605,3.499395
bass_4,s01,174,220,173,4,uro,5.757711,5.356453,2.87691
bass_4,s01,175,221,174,3,basi,5.056726,5.639987,3.001187
bass_4,s01,175,221,174,2,eye,6.124333,6.605271,4.055861
bass_4,s01,175,221,174,1,lj,4.17113,5.880179,3.309569
bass_4,s01,175,221,174,6,p2,9.321045620428505,4.740086198976086,2.805334452912122
bass_4,s01,175,221,174,6,pm,4.485294,6.719208,3.481183
bass_4,s01,175,221,174,8,quad,6.202983162928694,5.32763879421707,3.4648298950845264
bass_4,s01,175,221,174,7,so,6.934488,5.106636,3.496574
bass_4,s01,175,221,174,4,uro,5.769331,5.356257,2.877035
bass_4,s01,176,222,175,3,basi,5.058631,5.652825,3.004326
bass_4,s01,176,222,175,2,eye,6.121734,6.600938,4.055927
bass_4,s01,176,222,175,1,lj,4.17428,5.880243,3.309663
bass_4,s01,176,222,175,6,p2,9.31916998650308,4.734537124376336,2.805831294849803
bass_4,s01,176,222,175,6,pm,4.485361,6.713547,3.481403
bass_4,s01,176,222,175,8,quad,6.165998432383163,5.303722750287627,3.4241227146463937
bass_4,s01,176,222,175,7,so,6.938005,5.100607,3.490999
bass_4,s01,176,222,175,4,uro,5.773896,5.356151,2.862943
bass_4,s01,177,223,176,3,basi,5.063938,5.660445,3.003972
bass_4,s01,177,223,176,2,eye,6.121793,6.598836,4.051574
bass_4,s01,177,223,176,1,lj,4.180369,5.880067,3.309703
bass_4,s01,177,223,176,6,p2,9.317092656232116,4.729043187522191,2.806465284008971
bass_4,s01,177,223,176,6,pm,4.486843,6.704343,3.477294
bass_4,s01,177,223,176,8,quad,6.199403668839103,5.281614074236297,3.437006324685334
bass_4,s01,177,223,176,7,so,6.935418,5.092832,3.485497
bass_4,s01,177,223,176,4,uro,5.765269,5.35627,2.862852
bass_4,s01,178,224,177,3,basi,5.062508,5.675916,3.00694
bass_4,s01,178,224,177,2,eye,6.120387,6.590172,4.049583
bass_4,s01,178,224,177,1,lj,4.181987,5.884036,3.309659
bass_4,s01,178,224,177,6,p2,9.314874186133888,4.723727955818167,2.807200313569153
bass_4,s01,178,224,177,6,pm,4.483759,6.716992,3.463147
bass_4,s01,178,224,177,8,quad,6.1592121654105725,5.334843431940395,3.4491343630707343
bass_4,s01,178,224,177,7,so,6.937622,5.088694,3.462466
bass_4,s01,178,224,177,4,uro,5.774022,5.356129,2.855875
bass_4,s01,179,225,178,3,basi,5.072833,5.685864,3.006459
bass_4,s01,179,225,178,2,eye,6.119457,6.583629,4.049737
bass_4,s01,179,225,178,1,lj,4.185137,5.884099,3.309753
bass_4,s01,179,225,178,6,p2,9.312486887667722,4.718222025482462,2.808083472133984
bass_4,s01,179,225,178,6,pm,4.481629,6.719522,3.444818
bass_4,s01,179,225,178,8,quad,6.165603141850454,5.341327280008122,3.4409899680852263
bass_4,s01,179,225,178,7,so,6.936799,5.080842,3.456966
bass_4,s01,179,225,178,4,uro,5.77377,5.356174,2.870012
bass_4,s01,180,226,179,3,basi,5.080501,5.698686,3.002081
bass_4,s01,180,226,179,2,eye,6.118613,6.577168,4.045484
bass_4,s01,180,226,179,1,lj,4.191376,5.888008,3.309776
bass_4,s01,180,226,179,6,p2,9.310105522013608,4.71281209282667,2.808968341178095
bass_4,s01,180,226,179,6,pm,4.481699,6.713554,3.445056
bass_4,s01,180,226,179,8,quad,6.154656615690132,5.287375051518683,3.440674358559748
bass_4,s01,180,226,179,7,so,6.935941,5.07693,3.457101
bass_4,s01,180,226,179,4,uro,5.778133,5.35608,2.87713
bass_4,s01,181,227,180,3,basi,5.082456,5.714123,3.00129
bass_4,s01,181,227,180,2,eye,6.117278,6.570727,4.041236
bass_4,s01,181,227,180,1,lj,4.192721,5.895462,3.309416
bass_4,s01,181,227,180,6,p2,9.3075185639856,4.70737024145047,2.8097045664871207
bass_4,s01,181,227,180,6,pm,4.479138,6.703763,3.436241
bass_4,s01,181,227,180,8,quad,6.174129952190196,5.28331154476331,3.3571566767106864
bass_4,s01,181,227,180,7,so,6.935301,5.070982,3.445732
bass_4,s01,181,227,180,4,uro,5.776579,5.34842,2.877532
bass_4,s01,182,228,181,3,basi,5.077438,5.711795,3.001417
bass_4,s01,182,228,181,2,eye,6.114606,6.564318,4.03698
bass_4,s01,182,228,181,1,lj,4.194129,5.899129,3.309222
bass_4,s01,182,228,181,6,p2,9.304902647686266,4.702229605503458,2.8107662466472823
bass_4,s01,182,228,181,6,pm,4.473845,6.689957,3.427517
bass_4,s01,182,228,181,8,quad,6.177329613592207,5.256419635353902,3.396368311027741
bass_4,s01,182,228,181,7,so,6.935238,5.063138,3.440264
bass_4,s01,182,228,181,4,uro,5.782233,5.344495,2.88487
bass_4,s01,183,229,182,3,basi,5.078397,5.724695,3.000757
bass_4,s01,183,229,182,2,eye,6.113762,6.557854,4.032731
bass_4,s01,183,229,182,1,lj,4.194004,5.906702,3.30889
bass_4,s01,183,229,182,6,p2,9.3021153081832,4.697024147435811,2.8117744553320643
bass_4,s01,183,229,182,6,pm,4.479503,6.686134,3.423259
bass_4,s01,183,229,182,8,quad,6.136101968381359,5.258408227729332,3.3957834568223886
bass_4,s01,183,229,182,7,so,6.931846,5.063237,3.434485
bass_4,s01,183,229,182,4,uro,5.790858,5.34437,2.88496
bass_4,s01,184,230,183,3,basi,5.07335,5.730138,3.00049
bass_4,s01,184,230,183,2,eye,6.111984,6.551323,4.032873
bass_4,s01,184,230,183,1,lj,4.194004,5.906702,3.30889
bass_4,s01,184,230,183,6,p2,9.299083884739124,4.691932125564772,2.8125463943136295
bass_4,s01,184,230,183,6,pm,4.479667,6.672206,3.423821
bass_4,s01,184,230,183,8,quad,6.1964877162477565,5.294034772290939,3.3967763947100442
bass_4,s01,184,230,183,7,so,6.930397,5.055321,3.423181
bass_4,s01,184,230,183,4,uro,5.805433,5.355662,2.891559
bass_4,s01,185,231,184,3,basi,5.081242,5.737867,3.004032
bass_4,s01,185,231,184,2,eye,6.108677,6.546772,4.026386
bass_4,s01,185,231,184,1,lj,4.200034,5.910312,3.308764
bass_4,s01,185,231,184,6,p2,9.296129002969169,4.686862358790491,2.8136266588203593
bass_4,s01,185,231,184,6,pm,4.476964,6.670275,3.419263
bass_4,s01,185,231,184,8,quad,6.171472095983396,5.296731159016825,3.3807410507533207
bass_4,s01,185,231,184,7,so,6.930482,5.053325,3.417475
bass_4,s01,185,231,184,4,uro,5.820076,5.359233,2.891508
bass_4,s01,186,232,185,3,basi,5.080183,5.753463,3.00324
bass_4,s01,186,232,185,2,eye,6.111925,6.538992,4.022205
bass_4,s01,186,232,185,1,lj,4.200034,5.910312,3.308764
bass_4,s01,186,232,185,6,p2,9.292957246705122,4.681717835141156,2.8140957972601908
bass_4,s01,186,232,185,6,pm,4.471652,6.658449,3.410472
bass_4,s01,186,232,185,8,quad,6.2181959557366095,5.306828037150404,3.3684297455936045
bass_4,s01,186,232,185,7,so,6.927879,5.047509,3.414808
bass_4,s01,186,232,185,4,uro,5.833286,5.35512,2.884785
bass_4,s01,187,233,186,3,basi,5.080174,5.756053,3.003108
bass_4,s01,187,233,186,2,eye,6.109885,6.529475,4.013635
bass_4,s01,187,233,186,1,lj,4.199972,5.914098,3.308598
bass_4,s01,187,233,186,6,p2,9.289564954683511,4.676767506908011,2.814851843009071
bass_4,s01,187,233,186,6,pm,4.474501,6.652512,3.410789
bass_4,s01,187,233,186,8,quad,6.141252638886452,5.29393120471444,3.4071176255996476
bass_4,s01,187,233,186,7,so,6.927847,5.043584,3.412079
bass_4,s01,187,233,186,4,uro,5.834828,5.355067,2.891885
bass_4,s01,188,234,187,3,basi,5.073325,5.761282,3.014194
bass_4,s01,188,234,187,2,eye,6.10458,6.529644,4.011393
bass_4,s01,188,234,187,1,lj,4.201442,5.913979,3.308571
bass_4,s01,188,234,187,6,p2,9.286088920412672,4.672011737785789,2.815590016340808
bass_4,s01,188,234,187,6,pm,4.474573,6.646542,3.411032
bass_4,s01,188,234,187,8,quad,6.171186185087485,5.301476902354939,3.351948882500698
bass_4,s01,188,234,187,7,so,6.92609,5.035781,3.403736
bass_4,s01,188,234,187,4,uro,5.83658,5.354985,2.877765
bass_4,s01,189,235,188,3,basi,5.068732,5.761281,3.010296
bass_4,s01,189,235,188,2,eye,6.104508,6.523815,4.011549
bass_4,s01,189,235,188,1,lj,4.204381,5.913742,3.308517
bass_4,s01,189,235,188,6,p2,9.282288737515774,4.667206440219111,2.815850133871276
bass_4,s01,189,235,188,6,pm,4.474644,6.640572,3.411274
bass_4,s01,189,235,188,8,quad,6.173678967875621,5.260221157242369,3.33953454649679
bass_4,s01,189,235,188,7,so,6.922812,5.027952,3.395346
bass_4,s01,189,235,188,4,uro,5.83658,5.354985,2.877765
bass_4,s01,190,236,189,3,basi,5.067717,5.763924,3.010164
bass_4,s01,190,236,189,2,eye,6.103587,6.510225,4.011898
bass_4,s01,190,236,189,1,lj,4.204319,5.917528,3.308351
bass_4,s01,190,236,189,6,p2,9.278680253459267,4.662288828688534,2.8161903381458906
bass_4,s01,190,236,189,6,pm,4.476353,6.626532,3.41182
bass_4,s01,190,236,189,8,quad,6.1877127007704384,5.273008153612098,3.369683894407745
bass_4,s01,190,236,189,7,so,6.923079,5.027855,3.383779
bass_4,s01,190,236,189,4,uro,5.852833,5.346946,2.857144
bass_4,s01,191,237,190,3,basi,5.050228,5.761952,3.010322
bass_4,s01,191,237,190,2,eye,6.103668,6.506451,4.005403
bass_4,s01,191,237,190,1,lj,4.212202,5.917603,3.298164
bass_4,s01,191,237,190,6,p2,9.274841451889657,4.657937052153221,2.816408694517173
bass_4,s01,191,237,190,6,pm,4.482798,6.620659,3.407642
bass_4,s01,191,237,190,8,quad,6.206131879373996,5.249419132489077,3.3553097457339383
bass_4,s01,191,237,190,7,so,6.91893,5.027937,3.377982
bass_4,s01,191,237,190,4,uro,5.862955,5.346774,2.857245
bass_4,s01,192,238,191,3,basi,5.050228,5.761952,3.010322
bass_4,s01,192,238,191,2,eye,6.10362,6.502564,4.005507
bass_4,s01,192,238,191,1,lj,4.212202,5.917603,3.298164
bass_4,s01,192,238,191,6,p2,9.27096062232174,4.653222527656542,2.8165691345534913
bass_4,s01,192,238,191,6,pm,4.481593,6.622593,3.402909
bass_4,s01,192,238,191,8,quad,6.158016143488067,5.253958899266772,3.4033360929227947
bass_4,s01,192,238,191,7,so,6.919703,5.016118,3.375565
bass_4,s01,192,238,191,4,uro,5.862715,5.319821,2.858724
bass_4,s01,193,239,192,3,basi,5.050228,5.761952,3.010322
bass_4,s01,193,239,192,2,eye,6.103597,6.500621,4.005559
bass_4,s01,193,239,192,1,lj,4.212202,5.917603,3.298164
bass_4,s01,193,239,192,6,p2,9.267338479871972,4.649041904548143,2.8167371548842888
bass_4,s01,193,239,192,6,pm,4.485389,6.614867,3.389625
bass_4,s01,193,239,192,8,quad,6.1780830165594915,5.256442049721481,3.3188246411169224
bass_4,s01,193,239,192,7,so,6.921491,5.016043,3.364053
bass_4,s01,193,239,192,4,uro,5.865777,5.327454,2.858339
bass_4,s01,194,240,193,3,basi,5.052553,5.761957,3.010366
bass_4,s01,194,240,193,2,eye,6.10097,6.504712,3.996622
bass_4,s01,194,240,193,1,lj,4.213672,5.917485,3.298137
bass_4,s01,194,240,193,6,p2,9.26344784868214,4.644757033937452,2.8166018673417126
bass_4,s01,194,240,193,6,pm,4.490619,6.602792,3.390161
bass_4,s01,194,240,193,8,quad,6.157523513031394,5.290788594967371,3.3003416730169066
bass_4,s01,194,240,193,7,so,6.918042,5.008274,3.352844
bass_4,s01,194,240,193,4,uro,5.871584,5.32735,2.858399
bass_4,s01,195,241,194,3,basi,5.048491,5.769099,3.010021
bass_4,s01,195,241,194,2,eye,6.100164,6.496986,3.99462
bass_4,s01,195,241,194,1,lj,4.213672,5.917485,3.298137
bass_4,s01,195,241,194,6,p2,9.259995719908554,4.640318420250096,2.8166958853815753
bass_4,s01,195,241,194,6,pm,4.490746,6.60097,3.381131
bass_4,s01,195,241,194,8,quad,6.122028769327835,5.277106530133635,3.353133156888235
bass_4,s01,195,241,194,7,so,6.917945,5.004369,3.353015
bass_4,s01,195,241,194,4,uro,5.888899,5.315485,2.85921
bass_4,s01,196,242,195,3,basi,5.045737,5.786572,3.009147
bass_4,s01,196,242,195,2,eye,6.100154,6.489285,3.990434
bass_4,s01,196,242,195,1,lj,4.215019,5.924941,3.297777
bass_4,s01,196,242,195,6,p2,9.25664204156782,4.636284433517402,2.8168176604221573
bass_4,s01,196,242,195,6,pm,4.48824,6.587169,3.372527
bass_4,s01,196,242,195,8,quad,6.181292344477275,5.223599729253955,3.337840028218797
bass_4,s01,196,242,195,7,so,6.914619,4.994575,3.344731
bass_4,s01,196,242,195,4,uro,5.903315,5.303695,2.874142
bass_4,s01,197,243,196,3,basi,5.045724,5.790038,3.008971
bass_4,s01,197,243,196,2,eye,6.097304,6.485489,3.988305
bass_4,s01,197,243,196,1,lj,4.219582,5.928672,3.297677
bass_4,s01,197,243,196,6,p2,9.253354882115849,4.631958111194303,2.8166770245142487
bass_4,s01,197,243,196,6,pm,4.488357,6.577214,3.372941
bass_4,s01,197,243,196,8,quad,6.168851721090499,5.194319141315975,3.341893907678585
bass_4,s01,197,243,196,7,so,6.914762,4.982685,3.336526
bass_4,s01,197,243,196,4,uro,5.869905,5.315855,2.873155
bass_4,s01,198,244,197,3,basi,5.045741,5.800456,3.004627
bass_4,s01,198,244,197,2,eye,6.096762,6.481695,3.984018
bass_4,s01,198,244,197,1,lj,4.221266,5.92885,3.297796
bass_4,s01,198,244,197,6,p2,9.250432058208094,4.62799047914873,2.8168766266966827
bass_4,s01,198,244,197,6,pm,4.488381,6.575223,3.373024
bass_4,s01,198,244,197,8,quad,6.157029471646055,5.2688015639922305,3.3149251982584826
bass_4,s01,198,244,197,7,so,6.908676,4.98093,3.336603
bass_4,s01,198,244,197,4,uro,5.88882,5.315514,2.873354
bass_4,s01,199,245,198,3,basi,5.046163,5.814217,2.996238
bass_4,s01,199,245,198,2,eye,6.095936,6.475875,3.984164
bass_4,s01,199,245,198,1,lj,4.222736,5.928732,3.29777
bass_4,s01,199,245,198,6,p2,9.247668198850196,4.624093329630091,2.816926297167772
bass_4,s01,199,245,198,6,pm,4.489223,6.569195,3.373262
bass_4,s01,199,245,198,8,quad,6.132514675590329,5.208118897556932,3.3112283576433112
bass_4,s01,199,245,198,7,so,6.91307,4.982729,3.333644
bass_4,s01,199,245,198,4,uro,5.864201,5.327505,2.872465
bass_4,s01,200,246,199,3,basi,5.046163,5.814217,2.996238
bass_4,s01,200,246,199,2,eye,6.09328,6.470179,3.979908
bass_4,s01,200,246,199,1,lj,4.22589,5.928792,3.297863
bass_4,s01,200,246,199,6,p2,9.24508793442014,4.6197429726700445,2.8171964252064527
bass_4,s01,200,246,199,6,pm,4.489223,6.569195,3.373262
bass_4,s01,200,246,199,8,quad,6.2306020565642,5.239135430861877,3.3042698912928747
bass_4,s01,200,246,199,7,so,6.918199,4.976658,3.333887
bass_4,s01,200,246,199,4,uro,5.868451,5.335162,2.879151
bass_4,s01,201,247,200,3,basi,5.04615,5.817685,2.996061
bass_4,s01,201,247,200,2,eye,6.093276,6.466327,3.977818
bass_4,s01,201,247,200,1,lj,4.226132,5.913643,3.298531
bass_4,s01,201,247,200,6,p2,9.242673374604628,4.616042548060182,2.8173812404691185
bass_4,s01,201,247,200,6,pm,4.489434,6.551277,3.374007
bass_4,s01,201,247,200,8,quad,6.168370606672862,5.208471129856955,3.345301581331234
bass_4,s01,201,247,200,7,so,6.916058,4.970963,3.334208
bass_4,s01,201,247,200,4,uro,5.869791,5.346722,2.89268
bass_4,s01,202,248,201,3,basi,5.046095,5.817667,2.999878
bass_4,s01,202,248,201,2,eye,6.092606,6.46641,3.973411
bass_4,s01,202,248,201,1,lj,4.226071,5.91743,3.298364
bass_4,s01,202,248,201,6,p2,9.240509753108231,4.612091490814292,2.817684520272746
bass_4,s01,202,248,201,6,pm,4.502054,6.547233,3.378994
bass_4,s01,202,248,201,8,quad,6.156949671710093,5.218142695783774,3.2980751984173846
bass_4,s01,202,248,201,7,so,6.912149,4.970944,3.328364
bass_4,s01,202,248,201,4,uro,5.861168,5.362271,2.898839
bass_4,s01,203,249,202,3,basi,5.046095,5.817667,2.999878
bass_4,s01,203,249,202,2,eye,6.091111,6.460671,3.969153
bass_4,s01,203,249,202,1,lj,4.226071,5.91743,3.298364
bass_4,s01,203,249,202,6,p2,9.238366815270563,4.6085202835477235,2.818005030584947
bass_4,s01,203,249,202,6,pm,4.500119,6.537115,3.383873
bass_4,s01,203,249,202,8,quad,6.20367787220346,5.218976112880016,3.316982310333566
bass_4,s01,203,249,202,7,so,6.912282,4.97089,3.322591
bass_4,s01,203,249,202,4,uro,5.853895,5.366255,2.898551
bass_4,s01,204,250,203,3,basi,5.046206,5.817703,2.992244
bass_4,s01,204,250,203,2,eye,6.09104,6.454838,3.969315
bass_4,s01,204,250,203,1,lj,4.229285,5.913702,3.298624
bass_4,s01,204,250,203,6,p2,9.23643598210244,4.604867317479499,2.8183264392024463
bass_4,s01,204,250,203,6,pm,4.501029,6.525119,3.384357
bass_4,s01,204,250,203,8,quad,6.175059211118201,5.259811656611296,3.334020293308535
bass_4,s01,204,250,203,7,so,6.909997,4.970855,3.322516
bass_4,s01,204,250,203,4,uro,5.839604,5.374181,2.883829
bass_4,s01,205,251,204,3,basi,5.043878,5.817698,2.9922
bass_4,s01,205,251,204,2,eye,6.091017,6.452894,3.969368
bass_4,s01,205,251,204,1,lj,4.235371,5.917349,3.293323
bass_4,s01,205,251,204,6,p2,9.23448544143113,4.601674333824299,2.818726331858845
bass_4,s01,205,251,204,6,pm,4.502572,6.52501,3.384338
bass_4,s01,205,251,204,8,quad,6.151625299289157,5.263320038214272,3.3251972281757087
bass_4,s01,205,251,204,7,so,6.904812,4.965111,3.322737
bass_4,s01,205,251,204,4,uro,5.844179,5.389496,2.875961
bass_4,s01,206,252,205,3,basi,5.04615,5.817685,2.996061
bass_4,s01,206,252,205,2,eye,6.088278,6.447125,3.969509
bass_4,s01,206,252,205,1,lj,4.236895,5.917267,3.288123
bass_4,s01,206,252,205,6,p2,9.232426559662962,4.598206349218708,2.8191322733115767
bass_4,s01,206,252,205,6,pm,4.506636,6.51921,3.38475
bass_4,s01,206,252,205,8,quad,6.159745809720558,5.213164515683835,3.339183171595666
bass_4,s01,206,252,205,7,so,6.903209,4.9592,3.320062
bass_4,s01,206,252,205,4,uro,5.836869,5.389633,2.875881
bass_4,s01,207,253,206,3,basi,5.04615,5.817685,2.996061
bass_4,s01,207,253,206,2,eye,6.088208,6.441292,3.96967
bass_4,s01,207,253,206,1,lj,4.236835,5.921055,3.287955
bass_4,s01,207,253,206,6,p2,9.230665276553752,4.595225511214768,2.8195939899585247
bass_4,s01,207,253,206,6,pm,4.507401,6.515098,3.389451
bass_4,s01,207,253,206,8,quad,6.118863756706557,5.209978776282092,3.3476444932420537
bass_4,s01,207,253,206,7,so,6.899892,4.959257,3.311416
bass_4,s01,207,253,206,4,uro,5.831024,5.385883,2.876029
bass_4,s01,208,254,207,3,basi,5.04615,5.817685,2.996061
bass_4,s01,208,254,207,2,eye,6.084581,6.43556,3.967587
bass_4,s01,208,254,207,1,lj,4.238245,5.924726,3.287761
bass_4,s01,208,254,207,6,p2,9.228799883760498,4.592212474093028,2.820085746788688
bass_4,s01,208,254,207,6,pm,4.507492,6.507137,3.389779
bass_4,s01,208,254,207,8,quad,6.121634408350403,5.232275904142445,3.346708971831353
bass_4,s01,208,254,207,7,so,6.898963,4.95931,3.308561
bass_4,s01,208,254,207,4,uro,5.838162,5.385789,2.876095
bass_4,s01,209,255,208,3,basi,5.04615,5.817685,2.996061
bass_4,s01,209,255,208,2,eye,6.083248,6.435592,3.967576
bass_4,s01,209,255,208,1,lj,4.241399,5.924785,3.287854
bass_4,s01,209,255,208,6,p2,9.226905875958684,4.589337603638807,2.820713477195719
bass_4,s01,209,255,208,6,pm,4.50756,6.501167,3.390026
bass_4,s01,209,255,208,8,quad,6.122773046435838,5.189981840574377,3.310022133951634
bass_4,s01,209,255,208,7,so,6.895303,4.953586,3.308833
bass_4,s01,209,255,208,4,uro,5.832349,5.385891,2.876034
bass_4,s01,210,256,209,3,basi,5.050696,5.817657,3.003784
bass_4,s01,210,256,209,2,eye,6.08315,6.42396,3.965705
bass_4,s01,210,256,209,1,lj,4.241459,5.920997,3.2880219999999998
bass_4,s01,210,256,209,6,p2,9.224969784341845,4.586488826452501,2.8211573538685024
bass_4,s01,210,256,209,6,pm,4.50756,6.501167,3.390026
bass_4,s01,210,256,209,8,quad,6.17312303651818,5.2303174706276945,3.305622988772355
bass_4,s01,210,256,209,7,so,6.891632,4.941943,3.303601
bass_4,s01,210,256,209,4,uro,5.826536,5.385992,2.875974
bass_4,s01,211,257,210,3,basi,5.052097,5.817605,2.999965
bass_4,s01,211,257,210,2,eye,6.081617,6.422039,3.965734
bass_4,s01,211,257,210,1,lj,4.241459,5.920997,3.2880219999999998
bass_4,s01,211,257,210,6,p2,9.22307329582251,4.583608692505521,2.8217626204075064
bass_4,s01,211,257,210,6,pm,4.502077,6.501181,3.385336
bass_4,s01,211,257,210,8,quad,6.125393574682926,5.195665164113633,3.304579980421738
bass_4,s01,211,257,210,7,so,6.892597,4.937926,3.300863
bass_4,s01,211,257,210,4,uro,5.826536,5.385992,2.875974
bass_4,s01,212,258,211,3,basi,5.052152,5.817623,2.996148
bass_4,s01,212,258,211,2,eye,6.081571,6.418151,3.965842
bass_4,s01,212,258,211,1,lj,4.241459,5.920997,3.2880219999999998
bass_4,s01,212,258,211,6,p2,9.221216426565537,4.580868293409447,2.822498878559915
bass_4,s01,212,258,211,6,pm,4.503713,6.493111,3.385646
bass_4,s01,212,258,211,8,quad,6.1532313011788675,5.224691592571877,3.3119401363695915
bass_4,s01,212,258,211,7,so,6.882932,4.92647,3.304218
bass_4,s01,212,258,211,4,uro,5.826536,5.385992,2.875974
bass_4,s01,213,259,212,3,basi,5.050226,5.807071,2.996586
bass_4,s01,213,259,212,2,eye,6.081571,6.418151,3.965842
bass_4,s01,213,259,212,1,lj,4.241459,5.920997,3.2880219999999998
bass_4,s01,213,259,212,6,p2,9.219378651595042,4.5780107915823205,2.823375507550307
bass_4,s01,213,259,212,6,pm,4.503828,6.48316,3.386057
bass_4,s01,213,259,212,8,quad,6.166887469156177,5.244198945141795,3.2903075209888226
bass_4,s01,213,259,212,7,so,6.882932,4.92647,3.304218
bass_4,s01,213,259,212,4,uro,5.822047,5.386101,2.87592
bass_4,s01,214,260,213,3,basi,5.0539,5.807007,2.996628
bass_4,s01,214,260,213,2,eye,6.08152,6.410407,3.963864
bass_4,s01,214,260,213,1,lj,4.241399,5.924785,3.287854
bass_4,s01,214,260,213,6,p2,9.217345374466458,4.574735255019556,2.8242393756892903
bass_4,s01,214,260,213,6,pm,4.503805,6.485151,3.385975
bass_4,s01,214,260,213,8,quad,6.156272664518346,5.174348304291803,3.284877073829051
bass_4,s01,214,260,213,7,so,6.882836,4.922562,3.304394
bass_4,s01,214,260,213,4,uro,5.822047,5.386101,2.87592
bass_4,s01,215,261,214,3,basi,5.046635,5.800218,2.993082
bass_4,s01,215,261,214,2,eye,6.08152,6.410407,3.963864
bass_4,s01,215,261,214,1,lj,4.241399,5.924785,3.287854
bass_4,s01,215,261,214,6,p2,9.215508353196718,4.571599473452187,2.8252542756607855
bass_4,s01,215,261,214,6,pm,4.503805,6.485151,3.385975
bass_4,s01,215,261,214,8,quad,6.182096028376032,5.198892075007944,3.321264261046666
bass_4,s01,215,261,214,7,so,6.882788,4.920608,3.304482
bass_4,s01,215,261,214,4,uro,5.822047,5.386101,2.87592
bass_4,s01,216,262,215,3,basi,5.048046,5.782809,2.993967
bass_4,s01,216,262,215,2,eye,6.075941,6.404692,3.963968
bass_4,s01,216,262,215,1,lj,4.241399,5.924785,3.287854
bass_4,s01,216,262,215,6,p2,9.213620026211329,4.568061747650602,2.8266182214936437
bass_4,s01,216,262,215,6,pm,4.506617,6.481202,3.386212
bass_4,s01,216,262,215,8,quad,6.152467267815296,5.2096293285314434,3.2859803648248107
bass_4,s01,216,262,215,7,so,6.881265,4.920586,3.304431
bass_4,s01,216,262,215,4,uro,5.826364,5.386035,2.875963
bass_4,s01,217,263,216,3,basi,5.048059,5.779342,2.994144
bass_4,s01,217,263,216,2,eye,6.075895,6.400804,3.964077
bass_4,s01,217,263,216,1,lj,4.242929,5.92088,3.287996
bass_4,s01,217,263,216,6,p2,9.211632350797304,4.564391147240905,2.8279552503529524
bass_4,s01,217,263,216,6,pm,4.503989,6.46923,3.386633
bass_4,s01,217,263,216,8,quad,6.129104518510835,5.20837929549274,3.300599006591227
bass_4,s01,217,263,216,7,so,6.879075,4.924462,3.304181
bass_4,s01,217,263,216,4,uro,5.826173,5.378355,2.883455
bass_4,s01,218,264,217,3,basi,5.042623,5.793493,2.993444
bass_4,s01,218,264,217,2,eye,6.075849,6.396915,3.964185
bass_4,s01,218,264,217,1,lj,4.238638,5.913654,3.288409
bass_4,s01,218,264,217,6,p2,9.209748852757036,4.560064069833007,2.8295294503249218
bass_4,s01,218,264,217,6,pm,4.509416,6.469145,3.395861
bass_4,s01,218,264,217,8,quad,6.175585935110938,5.1892363865399505,3.311919080386915
bass_4,s01,218,264,217,7,so,6.879027,4.922508,3.304269
bass_4,s01,218,264,217,4,uro,5.826173,5.378355,2.883455
bass_4,s01,219,265,218,3,basi,5.045354,5.78295,2.993971
bass_4,s01,219,265,218,2,eye,6.075826,6.394971,3.964239
bass_4,s01,219,265,218,1,lj,4.238757,5.906078,3.288745
bass_4,s01,219,265,218,6,p2,9.207833328075196,4.555621020435336,2.831180262726442
bass_4,s01,219,265,218,6,pm,4.503159,6.465157,3.39589
bass_4,s01,219,265,218,8,quad,6.141573316053922,5.184789245468204,3.2591820127178472
bass_4,s01,219,265,218,7,so,6.879027,4.922508,3.304269
bass_4,s01,219,265,218,4,uro,5.827637,5.374469,2.883681
bass_4,s01,220,266,219,3,basi,5.043083,5.78296,2.990113
bass_4,s01,220,266,219,2,eye,6.075803,6.393026,3.964293
bass_4,s01,220,266,219,1,lj,4.238757,5.906078,3.288745
bass_4,s01,220,266,219,6,p2,9.205986048991116,4.551035509971783,2.8330466115953117
bass_4,s01,220,266,219,6,pm,4.505124,6.46318,3.400595
bass_4,s01,220,266,219,8,quad,6.109920411227777,5.224994989294725,3.301358087094556
bass_4,s01,220,266,219,7,so,6.879027,4.922508,3.304269
bass_4,s01,220,266,219,4,uro,5.827573,5.366771,2.884098
bass_4,s01,221,267,220,3,basi,5.03821,5.782885,3.005279
bass_4,s01,221,267,220,2,eye,6.072868,6.385304,3.964473
bass_4,s01,221,267,220,1,lj,4.238757,5.906078,3.288745
bass_4,s01,221,267,220,6,p2,9.203965187889745,4.545801008747734,2.8350965415120397
bass_4,s01,221,267,220,6,pm,4.50517,6.459201,3.400758
bass_4,s01,221,267,220,8,quad,6.138046684536999,5.1967176662971255,3.274504136724334
bass_4,s01,221,267,220,7,so,6.87757,4.922457,3.301337
bass_4,s01,221,267,220,4,uro,5.831888,5.366703,2.884141
bass_4,s01,222,268,221,3,basi,5.040426,5.782859,3.012951
bass_4,s01,222,268,221,2,eye,6.07149,6.381447,3.96457
bass_4,s01,222,268,221,1,lj,4.238757,5.906078,3.288745
bass_4,s01,222,268,221,6,p2,9.202056543866524,4.5407634269017185,2.836965384980875
bass_4,s01,222,268,221,6,pm,4.505964,6.457157,3.40083
bass_4,s01,222,268,221,8,quad,6.130817420799824,5.188867892016432,3.330539611365262
bass_4,s01,222,268,221,7,so,6.874801,4.910789,3.310435
bass_4,s01,222,268,221,4,uro,5.831888,5.366703,2.884141
bass_4,s01,223,269,222,3,basi,5.038114,5.779387,3.013082
bass_4,s01,223,269,222,2,eye,6.071467,6.379503,3.964625
bass_4,s01,223,269,222,1,lj,4.238757,5.906078,3.288745
bass_4,s01,223,269,222,6,p2,9.200208510551647,4.534855872363931,2.839223485529969
bass_4,s01,223,269,222,6,pm,4.50601,6.453178,3.400993
bass_4,s01,223,269,222,8,quad,6.093444632903816,5.183210840204467,3.2958541777885553
bass_4,s01,223,269,222,7,so,6.872229,4.899034,3.310887
bass_4,s01,223,269,222,4,uro,5.836203,5.366634,2.884184
bass_4,s01,224,270,223,3,basi,5.023118,5.779809,3.009148
bass_4,s01,224,270,223,2,eye,6.072222,6.379491,3.964637
bass_4,s01,224,270,223,1,lj,4.238817,5.902291,3.288913
bass_4,s01,224,270,223,6,p2,9.19828649237354,4.529474719026098,2.8412777023008053
bass_4,s01,224,270,223,6,pm,4.504663,6.445472,3.392262
bass_4,s01,224,270,223,8,quad,6.141918711374711,5.1697874727336135,3.307974123833463
bass_4,s01,224,270,223,7,so,6.874353,4.89519,3.314016
bass_4,s01,224,270,223,4,uro,5.839063,5.351168,2.885054
bass_4,s01,225,271,224,3,basi,5.022952,5.793643,3.016073
bass_4,s01,225,271,224,2,eye,6.072153,6.373658,3.9648
bass_4,s01,225,271,224,1,lj,4.238817,5.902291,3.288913
bass_4,s01,225,271,224,6,p2,9.196531456712243,4.524019607832151,2.8434490010881763
bass_4,s01,225,271,224,6,pm,4.507473,6.441524,3.392498
bass_4,s01,225,271,224,8,quad,6.111901815940715,5.180864302664664,3.3090557751944245
bass_4,s01,225,271,224,7,so,6.870104,4.889396,3.31709
bass_4,s01,225,271,224,4,uro,5.839063,5.351168,2.885054
bass_4,s01,226,272,225,3,basi,5.022952,5.793643,3.016073
bass_4,s01,226,272,225,2,eye,6.069242,6.367881,3.964926
bass_4,s01,226,272,225,1,lj,4.238817,5.902291,3.288913
bass_4,s01,226,272,225,6,p2,9.19480813527254,4.518628797669159,2.84555231751119
bass_4,s01,226,272,225,6,pm,4.507473,6.441524,3.392498
bass_4,s01,226,272,225,8,quad,6.128940507151227,5.171116216481513,3.3398445719689724
bass_4,s01,226,272,225,7,so,6.868325,4.881592,3.32027
bass_4,s01,226,272,225,4,uro,5.828908,5.34749,2.88516
bass_4,s01,227,273,226,3,basi,5.018887,5.80079,3.015731
bass_4,s01,227,273,226,2,eye,6.069105,6.356216,3.96525
bass_4,s01,227,273,226,1,lj,4.238817,5.902291,3.288913
bass_4,s01,227,273,226,6,p2,9.193194256101004,4.513348097259357,2.8476359070374047
bass_4,s01,227,273,226,6,pm,4.506701,6.441578,3.392508
bass_4,s01,227,273,226,8,quad,6.147354408223634,5.132502724975722,3.3475336544160927
bass_4,s01,227,273,226,7,so,6.868926,4.877727,3.323348
bass_4,s01,227,273,226,4,uro,5.838776,5.347366,2.899399
bass_4,s01,228,274,227,3,basi,5.020261,5.793786,3.016079
bass_4,s01,228,274,227,2,eye,6.06835,6.356227,3.965237
bass_4,s01,228,274,227,1,lj,4.238817,5.902291,3.288913
bass_4,s01,228,274,227,6,p2,9.191713839770053,4.508164103286527,2.849731047985141
bass_4,s01,228,274,227,6,pm,4.496884,6.435552,3.397094
bass_4,s01,228,274,227,8,quad,6.133932833300423,5.1516736192623895,3.3417936812001936
bass_4,s01,228,274,227,7,so,6.865737,4.871824,3.323511
bass_4,s01,228,274,227,4,uro,5.840238,5.343483,2.899625
bass_4,s01,229,275,228,3,basi,5.017613,5.783529,3.016612
bass_4,s01,229,275,228,2,eye,6.067774,6.356247,3.965239
bass_4,s01,229,275,228,1,lj,4.238817,5.902291,3.288913
bass_4,s01,229,275,228,6,p2,9.190225184563934,4.503142184375184,2.8516646490526787
bass_4,s01,229,275,228,6,pm,4.498578,6.431606,3.388163
bass_4,s01,229,275,228,8,quad,6.14631458923057,5.120727317495382,3.294270262286209
bass_4,s01,229,275,228,7,so,6.86384,4.866033,3.323776
bass_4,s01,229,275,228,4,uro,5.84014,5.33194,2.900246
bass_4,s01,230,276,229,3,basi,5.017613,5.783529,3.016612
bass_4,s01,230,276,229,2,eye,6.065111,6.356308,3.965218
bass_4,s01,230,276,229,1,lj,4.237526,5.891044,3.289443
bass_4,s01,230,276,229,6,p2,9.18897746110474,4.498575023161415,2.8534759925648734
bass_4,s01,230,276,229,6,pm,4.498578,6.431606,3.388163
bass_4,s01,230,276,229,8,quad,6.118258074927979,5.151857749612884,3.3578306634190467
bass_4,s01,230,276,229,7,so,6.861212,4.86417,3.326722
bass_4,s01,230,276,229,4,uro,5.840041,5.320397,2.900868
bass_4,s01,231,277,230,3,basi,5.019885,5.783518,3.020471
bass_4,s01,231,277,230,2,eye,6.065065,6.35242,3.965326
bass_4,s01,231,277,230,1,lj,4.231223,5.890928,3.289258
bass_4,s01,231,277,230,6,p2,9.188052102045653,4.495010575895691,2.85505930069311
bass_4,s01,231,277,230,6,pm,4.498722,6.423717,3.383956
bass_4,s01,231,277,230,8,quad,6.135012000223919,5.141758422135514,3.303037452431857
bass_4,s01,231,277,230,7,so,6.859547,4.858289,3.326934
bass_4,s01,231,277,230,4,uro,5.845847,5.320293,2.900928
bass_4,s01,232,278,231,3,basi,5.019776,5.783486,3.0281
bass_4,s01,232,278,231,2,eye,6.057585,6.342895,3.963339
bass_4,s01,232,278,231,1,lj,4.231344,5.883353,3.289594
bass_4,s01,232,278,231,6,p2,9.187106517256977,4.491361337784759,2.8567003092368752
bass_4,s01,232,278,231,6,pm,4.497225,6.419846,3.384141
bass_4,s01,232,278,231,8,quad,6.074617855723345,5.14279792505322,3.2927261952813596
bass_4,s01,232,278,231,7,so,6.857716,4.852466,3.324321
bass_4,s01,232,278,231,4,uro,5.84192,5.320281,2.879696
bass_4,s01,233,279,232,3,basi,5.019722,5.78347,3.031914
bass_4,s01,233,279,232,2,eye,6.056875,6.346796,3.963218
bass_4,s01,233,279,232,1,lj,4.231344,5.883353,3.289594
bass_4,s01,233,279,232,6,p2,9.186373013050044,4.487946857115925,2.8580768435992554
bass_4,s01,233,279,232,6,pm,4.501669,6.40783,3.384689
bass_4,s01,233,279,232,8,quad,6.11903733746556,5.1173092488363086,3.34173146030088
bass_4,s01,233,279,232,7,so,6.857804,4.846517,3.324529
bass_4,s01,233,279,232,4,uro,5.841792,5.320308,2.886759
bass_4,s01,234,280,233,3,basi,5.018379,5.769665,3.036427
bass_4,s01,234,280,233,2,eye,6.055275,6.339044,3.963409
bass_4,s01,234,280,233,1,lj,4.231344,5.883353,3.289594
bass_4,s01,234,280,233,6,p2,9.185659032829632,4.484291621674356,2.859303621418097
bass_4,s01,234,280,233,6,pm,4.498606,6.406057,3.384812
bass_4,s01,234,280,233,8,quad,6.130128949116954,5.123534514078914,3.310572783750712
bass_4,s01,234,280,233,7,so,6.853377,4.84277,3.327564
bass_4,s01,234,280,233,4,uro,5.84192,5.320281,2.879696
bass_4,s01,235,281,234,3,basi,5.015999,5.769645,3.040195
bass_4,s01,235,281,234,2,eye,6.055208,6.333211,3.963572
bass_4,s01,235,281,234,1,lj,4.231344,5.883353,3.289594
bass_4,s01,235,281,234,6,p2,9.18518071975041,4.482343449602331,2.8604641689135666
bass_4,s01,235,281,234,6,pm,4.493953,6.402027,3.380287
bass_4,s01,235,281,234,8,quad,6.109919180904997,5.095436349202273,3.337441036874361
bass_4,s01,235,281,234,7,so,6.852474,4.836901,3.327801
bass_4,s01,235,281,234,4,uro,5.841825,5.324156,2.88655
bass_4,s01,236,282,235,3,basi,5.016085,5.748856,3.041235
bass_4,s01,236,282,235,2,eye,6.055253,6.337099,3.963463
bass_4,s01,236,282,235,1,lj,4.228524,5.876012,3.289983
bass_4,s01,236,282,235,6,p2,9.185015520767337,4.481218623725131,2.8611386417498395
bass_4,s01,236,282,235,6,pm,4.491112,6.399868,3.389364
bass_4,s01,236,282,235,8,quad,6.087282196049545,5.140617524931231,3.3115395710346354
bass_4,s01,236,282,235,7,so,6.850502,4.829203,3.339605
bass_4,s01,236,282,235,4,uro,5.841537,5.320362,2.900886
bass_4,s01,237,283,236,3,basi,5.016085,5.748856,3.041235
bass_4,s01,237,283,236,2,eye,6.055185,6.331267,3.963626
bass_4,s01,237,283,236,1,lj,4.231645,5.864416,3.290434
bass_4,s01,237,283,236,6,p2,9.18475732768299,4.479783697254742,2.8615406235450696
bass_4,s01,237,283,236,6,pm,4.491112,6.399868,3.389364
bass_4,s01,237,283,236,8,quad,6.101358292046994,5.137440078518076,3.3319472908028964
bass_4,s01,237,283,236,7,so,6.851122,4.823357,3.339887
bass_4,s01,237,283,236,4,uro,5.841664,5.320335,2.893822
bass_4,s01,238,284,237,3,basi,5.016085,5.748856,3.041235
bass_4,s01,238,284,237,2,eye,6.055185,6.331267,3.963626
bass_4,s01,238,284,237,1,lj,4.228886,5.853288,3.290991
bass_4,s01,238,284,237,6,p2,9.184798449576553,4.478603863575459,2.8620725137737595
bass_4,s01,238,284,237,6,pm,4.490387,6.395943,3.389539
bass_4,s01,238,284,237,8,quad,6.053802947688549,5.104636043308642,3.284539929131053
bass_4,s01,238,284,237,7,so,6.851057,4.823391,3.342763
bass_4,s01,238,284,237,4,uro,5.854978,5.320044,2.872759
bass_4,s01,239,285,238,3,basi,5.016031,5.748843,3.045047
bass_4,s01,239,285,238,2,eye,6.052502,6.329383,3.963658
bass_4,s01,239,285,238,1,lj,4.227047,5.853023,3.306369
bass_4,s01,239,285,238,6,p2,9.184534361640749,4.477296971218853,2.8625663763160416
bass_4,s01,239,285,238,6,pm,4.489615,6.395998,3.389549
bass_4,s01,239,285,238,8,quad,6.1098815799745685,5.1249913583327,3.333081047708365
bass_4,s01,239,285,238,7,so,6.852667,4.817465,3.343018
bass_4,s01,239,285,238,4,uro,5.85797,5.319977,2.872794
bass_4,s02,1,85,0,3,basi,5.893571,6.855391,4.013178
bass_4,s02,1,85,0,2,eye,NA,NA,NA
bass_4,s02,1,85,0,1,lj,5.112881,7.123122,4.319054
bass_4,s02,1,85,0,6,p2,9.712653406846822,5.203608058118693,3.220390733865059
bass_4,s02,1,85,0,6,pm,5.408931,7.55067,4.498449
bass_4,s02,1,85,0,8,quad,6.908771630044839,6.12420486816731,4.101425451485769
bass_4,s02,1,85,0,7,so,7.606578,5.813685,4.054884
bass_4,s02,1,85,0,4,uro,6.696475,6.430376,3.733181
bass_4,s02,2,86,1,3,basi,5.849464,6.859291,4.026744
bass_4,s02,2,86,1,2,eye,7.025037,7.237615,4.909798
bass_4,s02,2,86,1,1,lj,5.079552,7.123141,4.344547
bass_4,s02,2,86,1,6,p2,9.703334281588914,5.204900968355309,3.223324467855903
bass_4,s02,2,86,1,6,pm,5.369298,7.54847,4.498006
bass_4,s02,2,86,1,8,quad,6.870405741171191,6.184023706629653,4.210705946532562
bass_4,s02,2,86,1,7,so,7.551705,5.814186,4.080626
bass_4,s02,2,86,1,4,uro,6.662883,6.430279,3.737927
bass_4,s02,3,87,2,3,basi,5.801407,6.856964,4.02626
bass_4,s02,3,87,2,2,eye,6.986164,7.243984,4.935085
bass_4,s02,3,87,2,1,lj,5.036595,7.124391,4.344214
bass_4,s02,3,87,2,6,p2,9.692003540439998,5.205429202952196,3.225605588945648
bass_4,s02,3,87,2,6,pm,5.327316,7.558561,4.497371
bass_4,s02,3,87,2,8,quad,6.796140150232318,6.182880450928349,4.119066790344881
bass_4,s02,3,87,2,7,so,7.495645,5.815337,4.085362
bass_4,s02,3,87,2,4,uro,6.615316,6.41509,3.758649
bass_4,s02,4,88,3,3,basi,5.750549,6.857707,4.039839
bass_4,s02,4,88,3,2,eye,6.93511,7.241594,4.944761
bass_4,s02,4,88,3,1,lj,4.961459,7.125208,4.356034
bass_4,s02,4,88,3,6,p2,9.679980707568458,5.206221026418094,3.2279932871083
bass_4,s02,4,88,3,6,pm,5.287348,7.568468,4.496706
bass_4,s02,4,88,3,8,quad,6.725944838321802,6.203457244974598,4.229176603808633
bass_4,s02,4,88,3,7,so,7.460582,5.819809,4.09005
bass_4,s02,4,88,3,4,uro,6.612734,6.43134,3.742646
bass_4,s02,5,89,4,3,basi,5.721272,6.858062,4.048945
bass_4,s02,5,89,4,2,eye,6.904189,7.242229,4.944357
bass_4,s02,5,89,4,1,lj,4.936948,7.126121,4.355949
bass_4,s02,5,89,4,6,p2,9.66643619103433,5.206848643869213,3.2302940656785415
bass_4,s02,5,89,4,6,pm,5.23884,7.568965,4.513941
bass_4,s02,5,89,4,8,quad,6.776875347619596,6.201098833848345,4.161407910151384
bass_4,s02,5,89,4,7,so,7.426461,5.820789,4.105923
bass_4,s02,5,89,4,4,uro,6.537645,6.432425,3.757217
bass_4,s02,6,90,5,3,basi,5.666695,6.848886,4.057987
bass_4,s02,6,90,5,2,eye,6.871745,7.245515,4.959347
bass_4,s02,6,90,5,1,lj,4.876849,7.12652,4.374458
bass_4,s02,6,90,5,6,p2,9.64200727403902,5.207989171559486,3.234695487013929
bass_4,s02,6,90,5,6,pm,5.200461,7.563827,4.509098
bass_4,s02,6,90,5,8,quad,6.659648679263476,6.159377515996585,4.185117283257451
bass_4,s02,6,90,5,7,so,7.370407,5.821915,4.110646
bass_4,s02,6,90,5,4,uro,6.506116,6.432799,3.772418
bass_4,s02,7,91,6,3,basi,5.638531,6.829152,4.072316
bass_4,s02,7,91,6,2,eye,6.83061,7.242913,4.969142
bass_4,s02,7,91,6,1,lj,4.848385,7.118691,4.38092
bass_4,s02,7,91,6,6,p2,9.613871300353134,5.209625895485289,3.240188250674952
bass_4,s02,7,91,6,6,pm,5.14623,7.567306,4.526137
bass_4,s02,7,91,6,8,quad,6.653672727334617,6.152518791235752,4.222246849714541
bass_4,s02,7,91,6,7,so,7.342732,5.822265,4.131609
bass_4,s02,7,91,6,4,uro,6.477681,6.433334,3.782579
bass_4,s02,8,92,7,3,basi,5.588926,6.823482,4.071873
bass_4,s02,8,92,7,2,eye,6.795109,7.243345,4.979003
bass_4,s02,8,92,7,1,lj,4.814596,7.118704,4.399829
bass_4,s02,8,92,7,6,p2,9.582812773893949,5.211152905750908,3.2461428824845093
bass_4,s02,8,92,7,6,pm,5.106677,7.570671,4.543447
bass_4,s02,8,92,7,8,quad,6.634081622202753,6.165673264776316,4.217491796696759
bass_4,s02,8,92,7,7,so,7.297847,5.823201,4.136483
bass_4,s02,8,92,7,4,uro,6.408801,6.418728,3.787383
bass_4,s02,9,93,8,3,basi,5.532419,6.834244,4.085106
bass_4,s02,9,93,8,2,eye,6.756702,7.246759,4.988646
bass_4,s02,9,93,8,1,lj,4.76433,7.120065,4.405957
bass_4,s02,9,93,8,6,p2,9.548995578592423,5.212659226930044,3.252538579866492
bass_4,s02,9,93,8,6,pm,5.05848,7.574149,4.551583
bass_4,s02,9,93,8,8,quad,6.597668892377342,6.182518383025601,4.213934065593847
bass_4,s02,9,93,8,7,so,7.245016,5.823902,4.146344
bass_4,s02,9,93,8,4,uro,6.390045,6.450436,3.807006
bass_4,s02,10,94,9,3,basi,5.496549,6.85105,4.107899
bass_4,s02,10,94,9,2,eye,6.714535,7.253994,4.993413
bass_4,s02,10,94,9,1,lj,4.720127,7.120833,4.4119
bass_4,s02,10,94,9,6,p2,9.512609339109703,5.213979484331216,3.2595548428513985
bass_4,s02,10,94,9,6,pm,5.02576,7.578089,4.551222
bass_4,s02,10,94,9,8,quad,6.5405845016676025,6.166895125904217,4.194451187296645
bass_4,s02,10,94,9,7,so,7.206565,5.828262,4.161582
bass_4,s02,10,94,9,4,uro,6.330343,6.435491,3.822291
bass_4,s02,11,95,10,3,basi,5.444601,6.845445,4.11218
bass_4,s02,11,95,10,2,eye,6.659572,7.254255,5.018416
bass_4,s02,11,95,10,1,lj,4.66748,7.121336,4.417495
bass_4,s02,11,95,10,6,p2,9.473787220644809,5.215858315568785,3.2674588582201793
bass_4,s02,11,95,10,6,pm,4.966544,7.581829,4.563753
bass_4,s02,11,95,10,8,quad,6.469634919688716,6.169891343654579,4.225915988054672
bass_4,s02,11,95,10,7,so,7.155665,5.837078,4.16601
bass_4,s02,11,95,10,4,uro,6.270629,6.444183,3.847335
bass_4,s02,12,96,11,3,basi,5.397218,6.842798,4.116355
bass_4,s02,12,96,11,2,eye,6.615702,7.258359,5.017879
bass_4,s02,12,96,11,1,lj,4.630313,7.121346,4.442887
bass_4,s02,12,96,11,6,p2,9.432339352036712,5.217497960415826,3.275371341221887
bass_4,s02,12,96,11,6,pm,4.925339,7.582445,4.567643
bass_4,s02,12,96,11,8,quad,6.334575084464526,6.213496962793737,4.2384620736705765
bass_4,s02,12,96,11,7,so,7.073411,5.84278,4.197155
bass_4,s02,12,96,11,4,uro,6.201845,6.445377,3.856902
bass_4,s02,13,97,12,3,basi,5.347327,6.816789,4.135255
bass_4,s02,13,97,12,2,eye,6.570108,7.264869,5.039335
bass_4,s02,13,97,12,1,lj,4.55662,7.105272,4.455152
bass_4,s02,13,97,12,6,p2,9.38881186305884,5.219022491857652,3.2849626195174007
bass_4,s02,13,97,12,6,pm,4.889534,7.583063,4.571653
bass_4,s02,13,97,12,8,quad,6.367134008550263,6.176014628268534,4.281177737093042
bass_4,s02,13,97,12,7,so,7.043424,5.843047,4.191219
bass_4,s02,13,97,12,4,uro,6.145604,6.446425,3.861442
bass_4,s02,14,98,13,3,basi,5.298003,6.821038,4.139312
bass_4,s02,14,98,13,2,eye,6.515356,7.265529,5.057039
bass_4,s02,14,98,13,1,lj,4.524909,7.097782,4.461701
bass_4,s02,14,98,13,6,p2,9.344488615315615,5.220348252137469,3.2946856399245963
bass_4,s02,14,98,13,6,pm,4.85804,7.586307,4.593626
bass_4,s02,14,98,13,8,quad,6.361478386487594,6.207687931597019,4.265435909923913
bass_4,s02,14,98,13,7,so,7.01413,5.843802,4.20708
bass_4,s02,14,98,13,4,uro,6.108013,6.439202,3.866424
bass_4,s02,15,99,14,3,basi,5.263947,6.798446,4.148932
bass_4,s02,15,99,14,2,eye,6.493417,7.265807,5.058955
bass_4,s02,15,99,14,1,lj,4.458333,7.098693,4.473746
bass_4,s02,15,99,14,6,p2,9.299779955592498,5.221644097570443,3.3041830559042595
bass_4,s02,15,99,14,6,pm,4.803895,7.589904,4.606206
bass_4,s02,15,99,14,8,quad,6.273485958374831,6.1966551968532,4.298126168466867
bass_4,s02,15,99,14,7,so,6.968993,5.844441,4.227813
bass_4,s02,15,99,14,4,uro,6.067272,6.431952,3.876543
bass_4,s02,16,100,15,3,basi,5.196297,6.809361,4.162013
bass_4,s02,16,100,15,2,eye,6.441827,7.272745,5.072041
bass_4,s02,16,100,15,1,lj,4.415476,7.099512,4.487656
bass_4,s02,16,100,15,6,p2,9.25506372094776,5.222896672069917,3.314383503815546
bass_4,s02,16,100,15,6,pm,4.751879,7.593502,4.609783
bass_4,s02,16,100,15,8,quad,6.223435812434125,6.24080436285155,4.344189525759581
bass_4,s02,16,100,15,7,so,6.92115,5.861474,4.237663
bass_4,s02,16,100,15,4,uro,6.023461,6.448456,3.885987
bass_4,s02,17,101,16,3,basi,5.154426,6.799874,4.166344
bass_4,s02,17,101,16,2,eye,6.402363,7.279617,5.078386
bass_4,s02,17,101,16,1,lj,4.360883,7.092199,4.491568
bass_4,s02,17,101,16,6,p2,9.209867809552508,5.223447744652725,3.324717694190111
bass_4,s02,17,101,16,6,pm,4.708915,7.612987,4.60917
bass_4,s02,17,101,16,8,quad,6.155122024491515,6.169898035701841,4.2622469204234195
bass_4,s02,17,101,16,7,so,6.884189,5.862111,4.247893
bass_4,s02,17,101,16,4,uro,5.960748,6.441656,3.895887
bass_4,s02,18,102,17,3,basi,5.116791,6.787473,4.180502
bass_4,s02,18,102,17,2,eye,6.357027,7.277286,5.084749
bass_4,s02,18,102,17,1,lj,4.303329,7.07541,4.495026
bass_4,s02,18,102,17,6,p2,9.165245132358034,5.2238996778395945,3.3355980132237812
bass_4,s02,18,102,17,6,pm,4.662733,7.610838,4.608586
bass_4,s02,18,102,17,8,quad,6.1624524235588085,6.21097309068089,4.360207669127295
bass_4,s02,18,102,17,7,so,6.855173,5.874624,4.268699
bass_4,s02,18,102,17,4,uro,5.907519,6.434595,3.911043
bass_4,s02,19,103,18,3,basi,5.066009,6.785167,4.179952
bass_4,s02,19,103,18,2,eye,6.321266,7.277511,5.100316
bass_4,s02,19,103,18,1,lj,4.244618,7.068297,4.512056
bass_4,s02,19,103,18,6,p2,9.12085083545265,5.223919622036279,3.3461989270878214
bass_4,s02,19,103,18,6,pm,4.618825,7.617651,4.607861
bass_4,s02,19,103,18,8,quad,6.102188100817928,6.226264904744494,4.368615629496313
bass_4,s02,19,103,18,7,so,6.810874,5.895383,4.273013
bass_4,s02,19,103,18,4,uro,5.838542,6.427834,3.92604
bass_4,s02,20,104,19,3,basi,5.024916,6.722824,4.190283
bass_4,s02,20,104,19,2,eye,6.269942,7.287615,5.11109
bass_4,s02,20,104,19,1,lj,4.195136,7.043111,4.51155
bass_4,s02,20,104,19,6,p2,9.076584372264596,5.223510527428044,3.357063037938113
bass_4,s02,20,104,19,6,pm,4.579164,7.621536,4.607324
bass_4,s02,20,104,19,8,quad,6.1164504933160195,6.186690699761291,4.353781736327091
bass_4,s02,20,104,19,7,so,6.772178,5.887815,4.288598
bass_4,s02,20,104,19,4,uro,5.791601,6.412933,3.931127
bass_4,s02,21,105,20,3,basi,4.983598,6.713394,4.204121
bass_4,s02,21,105,20,2,eye,6.223165,7.295616,5.124226
bass_4,s02,21,105,20,1,lj,4.145598,7.044125,4.528403
bass_4,s02,21,105,20,6,p2,9.032692408890892,5.222568155081225,3.367967456279459
bass_4,s02,21,105,20,6,pm,4.55094,7.634047,4.615759
bass_4,s02,21,105,20,8,quad,5.960936144050862,6.225559375901768,4.350153747317925
bass_4,s02,21,105,20,7,so,6.705162,5.909221,4.298187
bass_4,s02,21,105,20,4,uro,5.72573,6.390361,3.946583
bass_4,s02,22,106,21,3,basi,4.926005,6.694348,4.222712
bass_4,s02,22,106,21,2,eye,6.168687,7.2968,5.123566
bass_4,s02,22,106,21,1,lj,4.096036,7.027478,4.527741
bass_4,s02,22,106,21,6,p2,8.988593721187803,5.221167025500531,3.3788409980645597
bass_4,s02,22,106,21,6,pm,4.484204,7.637695,4.637157
bass_4,s02,22,106,21,8,quad,5.959335494813243,6.188792555470419,4.32090345990908
bass_4,s02,22,106,21,7,so,6.665087,5.909835,4.30833
bass_4,s02,22,106,21,4,uro,5.684876,6.375181,3.962095
bass_4,s02,23,107,22,3,basi,4.87194,6.669026,4.241657
bass_4,s02,23,107,22,2,eye,6.144783,7.299569,5.1393
bass_4,s02,23,107,22,1,lj,4.018881,7.016566,4.5447
bass_4,s02,23,107,22,6,p2,8.945193204790574,5.21937781867724,3.3897226773520863
bass_4,s02,23,107,22,6,pm,4.448648,7.650851,4.636684
bass_4,s02,23,107,22,8,quad,5.890773078423183,6.235113613791302,4.348719413103308
bass_4,s02,23,107,22,7,so,6.616364,5.910638,4.339892
bass_4,s02,23,107,22,4,uro,5.625789,6.376365,3.966598
bass_4,s02,24,108,23,3,basi,4.808898,6.659367,4.250137
bass_4,s02,24,108,23,2,eye,6.104453,7.313753,5.157129
bass_4,s02,24,108,23,1,lj,3.967582,6.997043,4.548558
bass_4,s02,24,108,23,6,p2,8.90195144618692,5.216812436215962,3.4002790287089355
bass_4,s02,24,108,23,6,pm,4.401169,7.657898,4.635992
bass_4,s02,24,108,23,8,quad,5.8473572610391376,6.256246458103723,4.431580924178124
bass_4,s02,24,108,23,7,so,6.564913,5.911387,4.36058
bass_4,s02,24,108,23,4,uro,5.58169,6.36896,3.992206
bass_4,s02,25,109,24,3,basi,4.763143,6.650899,4.240541
bass_4,s02,25,109,24,2,eye,6.049123,7.320268,5.163305
bass_4,s02,25,109,24,1,lj,3.910709,6.962807,4.552787
bass_4,s02,25,109,24,6,p2,8.858718763223912,5.2139425097403045,3.411030850947225
bass_4,s02,25,109,24,6,pm,4.350551,7.670777,4.635029
bass_4,s02,25,109,24,8,quad,5.792453740754973,6.237055958826564,4.443231697441945
bass_4,s02,25,109,24,7,so,6.515147,5.912183,4.375976
bass_4,s02,25,109,24,4,uro,5.525527,6.354259,3.997152
bass_4,s02,26,110,25,3,basi,4.707218,6.61876,4.249966
bass_4,s02,26,110,25,2,eye,5.995089,7.3266,5.174081
bass_4,s02,26,110,25,1,lj,3.841303,6.938692,4.556543
bass_4,s02,26,110,25,6,p2,8.81546478753426,5.210773483035325,3.4220675852531697
bass_4,s02,26,110,25,6,pm,4.309555,7.690305,4.625414
bass_4,s02,26,110,25,8,quad,5.759340585494527,6.195115397924408,4.43994130338396
bass_4,s02,26,110,25,7,so,6.475012,5.920742,4.39668
bass_4,s02,26,110,25,4,uro,5.475571,6.331546,4.002373
bass_4,s02,27,111,26,3,basi,4.67704,6.59253,4.264195
bass_4,s02,27,111,26,2,eye,5.95463,7.330157,5.175863
bass_4,s02,27,111,26,1,lj,3.784056,6.899264,4.556403
bass_4,s02,27,111,26,6,p2,8.772621058633282,5.207035980097517,3.4326394351074834
bass_4,s02,27,111,26,6,pm,4.27573,7.709931,4.625102
bass_4,s02,27,111,26,8,quad,5.701050802245248,6.214440331840579,4.407292076800523
bass_4,s02,27,111,26,7,so,6.413676,5.917768,4.422777
bass_4,s02,27,111,26,4,uro,5.422624,6.324664,4.001937
bass_4,s02,28,112,27,3,basi,4.631895,6.56996,4.278175
bass_4,s02,28,112,27,2,eye,5.913672,7.339145,5.182209
bass_4,s02,28,112,27,1,lj,3.732419,6.874392,4.560144
bass_4,s02,28,112,27,6,p2,8.729802757050265,5.2026753364054175,3.443151411422164
bass_4,s02,28,112,27,6,pm,4.22211,7.741194,4.619351
bass_4,s02,28,112,27,8,quad,5.623521844100428,6.157280700619603,4.472679393058937
bass_4,s02,28,112,27,7,so,6.346251,5.906903,4.438152
bass_4,s02,28,112,27,4,uro,5.378786,6.301722,4.02798
bass_4,s02,29,113,28,3,basi,4.572641,6.566391,4.276872
bass_4,s02,29,113,28,2,eye,5.88078,7.350514,5.195565
bass_4,s02,29,113,28,1,lj,3.681881,6.860269,4.559769
bass_4,s02,29,113,28,6,p2,8.687636906242588,5.19826836984316,3.453670917116729
bass_4,s02,29,113,28,6,pm,4.171167,7.760936,4.618692
bass_4,s02,29,113,28,8,quad,5.531325356322301,6.168247240263501,4.529418056071605
bass_4,s02,29,113,28,7,so,6.304472,5.891494,4.45384
bass_4,s02,29,113,28,4,uro,5.347532,6.294312,4.032955
bass_4,s02,30,114,29,3,basi,4.52651,6.544204,4.272064
bass_4,s02,30,114,29,2,eye,5.823996,7.360001,5.19712
bass_4,s02,30,114,29,1,lj,3.603827,6.826327,4.559291
bass_4,s02,30,114,29,6,p2,8.645784250358147,5.193764334637799,3.4649428457306577
bass_4,s02,30,114,29,6,pm,4.127237,7.779932,4.622369
bass_4,s02,30,114,29,8,quad,5.533197034651253,6.12879122432263,4.489702707864461
bass_4,s02,30,114,29,7,so,6.273271,5.89183,4.496241
bass_4,s02,30,114,29,4,uro,5.31,6.286922,4.037815
bass_4,s02,31,115,30,3,basi,4.480339,6.518542,4.276704
bass_4,s02,31,115,30,2,eye,5.783826,7.374532,5.203503
bass_4,s02,31,115,30,1,lj,3.548699,6.78629,4.576166
bass_4,s02,31,115,30,6,p2,8.604267756847602,5.189233838816825,3.475583948110784
bass_4,s02,31,115,30,6,pm,4.059989,7.799411,4.621186
bass_4,s02,31,115,30,8,quad,5.477785173395201,6.115314668084711,4.537439458421706
bass_4,s02,31,115,30,7,so,6.237493,5.896491,4.517255
bass_4,s02,31,115,30,4,uro,5.229232,6.280728,4.047483
bass_4,s02,32,116,31,3,basi,4.414364,6.497154,4.281281
bass_4,s02,32,116,31,2,eye,5.723129,7.389244,5.216516
bass_4,s02,32,116,31,1,lj,3.478457,6.757657,4.575924
bass_4,s02,32,116,31,6,p2,8.563153399270004,5.184072503061684,3.4862151268223087
bass_4,s02,32,116,31,6,pm,3.997766,7.833275,4.619847
bass_4,s02,32,116,31,8,quad,5.388062737497352,6.131679411759765,4.540238940955916
bass_4,s02,32,116,31,7,so,6.170172,5.893613,4.537834
bass_4,s02,32,116,31,4,uro,5.176387,6.273888,4.052249
bass_4,s02,33,117,32,3,basi,4.361588,6.475149,4.281145
bass_4,s02,33,117,32,2,eye,5.687493,7.395597,5.216063
bass_4,s02,33,117,32,1,lj,3.423415,6.722995,4.579889
bass_4,s02,33,117,32,6,p2,8.522698840014016,5.1787681042928115,3.497365871273593
bass_4,s02,33,117,32,6,pm,3.970685,7.861499,4.619484
bass_4,s02,33,117,32,8,quad,5.3678411399267505,6.160991904275571,4.549704994669185
bass_4,s02,33,117,32,7,so,6.139739,5.890111,4.548178
bass_4,s02,33,117,32,4,uro,5.107736,6.259164,4.072474
bass_4,s02,34,118,33,3,basi,4.306911,6.455977,4.285398
bass_4,s02,34,118,33,2,eye,5.651284,7.413059,5.215615
bass_4,s02,34,118,33,1,lj,3.372992,6.688202,4.583881
bass_4,s02,34,118,33,6,p2,8.483194431047924,5.173927785684625,3.507984310650071
bass_4,s02,34,118,33,6,pm,3.916576,7.886489,4.631949
bass_4,s02,34,118,33,8,quad,5.339056759873854,6.094021631550396,4.57023881161004
bass_4,s02,34,118,33,7,so,6.088322,5.902896,4.574126
bass_4,s02,34,118,33,4,uro,5.058308,6.236916,4.077842
bass_4,s02,35,119,34,3,basi,4.269381,6.428464,4.281549
bass_4,s02,35,119,34,2,eye,5.603333,7.42773,5.221904
bass_4,s02,35,119,34,1,lj,3.310937,6.659259,4.557807
bass_4,s02,35,119,34,6,p2,8.444309594119378,5.1690091064874055,3.519398677227313
bass_4,s02,35,119,34,6,pm,3.864799,7.903732,4.631048
bass_4,s02,35,119,34,8,quad,5.340046159659761,6.11179157444889,4.574705145054442
bass_4,s02,35,119,34,7,so,6.036811,5.907694,4.600191
bass_4,s02,35,119,34,4,uro,5.005443,6.22995,4.082537
bass_4,s02,36,120,35,3,basi,4.212267,6.402847,4.29066
bass_4,s02,36,120,35,2,eye,5.566529,7.44192,5.23524
bass_4,s02,36,120,35,1,lj,3.253547,6.645249,4.553037
bass_4,s02,36,120,35,6,p2,8.405835883692593,5.1641773956222234,3.5303359484051064
bass_4,s02,36,120,35,6,pm,3.80035,7.940692,4.616286
bass_4,s02,36,120,35,8,quad,5.1757822313712305,6.1196409731048345,4.570966311318652
bass_4,s02,36,120,35,7,so,5.956571,5.920926,4.636494
bass_4,s02,36,120,35,4,uro,4.949383,6.191239,4.098179
bass_4,s02,37,121,36,3,basi,4.16449,6.3802,4.290319
bass_4,s02,37,121,36,2,eye,5.506827,7.459679,5.241407
bass_4,s02,37,121,36,1,lj,3.190391,6.602085,4.562205
bass_4,s02,37,121,36,6,p2,8.367727893614484,5.158973710368828,3.5414688923637994
bass_4,s02,37,121,36,6,pm,3.743211,7.976619,4.624047
bass_4,s02,37,121,36,8,quad,5.157753810977721,6.115318232019839,4.6645849859735105
bass_4,s02,37,121,36,7,so,5.903583,5.909878,4.652035
bass_4,s02,37,121,36,4,uro,4.868506,6.184695,4.118025
bass_4,s02,38,122,37,3,basi,4.125221,6.367835,4.27604
bass_4,s02,38,122,37,2,eye,5.483923,7.465614,5.24341
bass_4,s02,38,122,37,1,lj,3.127,6.577016,4.561214
bass_4,s02,38,122,37,6,p2,8.330947955643273,5.154184610480642,3.5526194742537154
bass_4,s02,38,122,37,6,pm,3.709777,7.994264,4.619206
bass_4,s02,38,122,37,8,quad,5.103581085252563,6.085173431486456,4.644543985315875
bass_4,s02,38,122,37,7,so,5.872517,5.902249,4.689201
bass_4,s02,38,122,37,4,uro,4.818996,6.154366,4.13898
bass_4,s02,39,123,38,3,basi,4.057414,6.355942,4.289581
bass_4,s02,39,123,38,2,eye,5.438395,7.482986,5.249741
bass_4,s02,39,123,38,1,lj,3.065062,6.547581,4.556449
bass_4,s02,39,123,38,6,p2,8.294461738418544,5.149956116117521,3.563708332056871
bass_4,s02,39,123,38,6,pm,3.645925,8.041784,4.608717
bass_4,s02,39,123,38,8,quad,5.001375921215195,6.1088124281905225,4.664115207309998
bass_4,s02,39,123,38,7,so,5.811834,5.938999,4.725519
bass_4,s02,39,123,38,4,uro,4.732211,6.140126,4.143382
bass_4,s02,40,124,39,3,basi,4.014407,6.337225,4.280198
bass_4,s02,40,124,39,2,eye,5.389999,7.497893,5.25146
bass_4,s02,40,124,39,1,lj,3.023447,6.529127,4.552509
bass_4,s02,40,124,39,6,p2,8.25828707523036,5.145537322140911,3.5751247415385317
bass_4,s02,40,124,39,6,pm,3.593717,8.078658,4.607915
bass_4,s02,40,124,39,8,quad,4.994031819204928,6.086133602752719,4.673051751314217
bass_4,s02,40,124,39,7,so,5.775033,5.935645,4.741168
bass_4,s02,40,124,39,4,uro,4.673273,6.117422,4.163791
bass_4,s02,41,125,40,3,basi,3.946097,6.334948,4.274577
bass_4,s02,41,125,40,2,eye,5.368554,7.517762,5.255146
bass_4,s02,41,125,40,1,lj,2.94864,6.515922,4.552101
bass_4,s02,41,125,40,6,p2,8.222975751151235,5.141741069373471,3.5861343694871137
bass_4,s02,41,125,40,6,pm,3.531381,8.098603,4.606697
bass_4,s02,41,125,40,8,quad,4.983037571120699,6.133958521700032,4.694445433564207
bass_4,s02,41,125,40,7,so,5.731199,5.916356,4.772947
bass_4,s02,41,125,40,4,uro,4.630575,6.10323,4.132933
bass_4,s02,42,126,41,3,basi,3.895107,6.326653,4.2791689999999996
bass_4,s02,42,126,41,2,eye,5.295864,7.536007,5.254241
bass_4,s02,42,126,41,1,lj,2.896122,6.485047,4.5382
bass_4,s02,42,126,41,6,p2,8.187632059458597,5.137943070697329,3.5976879403828637
bass_4,s02,42,126,41,6,pm,3.489244,8.107656,4.601468
bass_4,s02,42,126,41,8,quad,4.870509570892217,6.085849276464326,4.704517343985771
bass_4,s02,42,126,41,7,so,5.682638,5.901133,4.804598
bass_4,s02,42,126,41,4,uro,4.59334,6.079862,4.148295
bass_4,s02,43,127,42,3,basi,3.836378,6.334394,4.273608
bass_4,s02,43,127,42,2,eye,5.266238,7.547555,5.257952
bass_4,s02,43,127,42,1,lj,2.833625,6.460409,4.524687
bass_4,s02,43,127,42,6,p2,8.1534907664649,5.134631241895715,3.60838839415082
bass_4,s02,43,127,42,6,pm,3.4371,8.139582,4.59176
bass_4,s02,43,127,42,8,quad,4.852851051783965,6.080126180451679,4.75525283396896
bass_4,s02,43,127,42,7,so,5.632925,5.909854,4.841403
bass_4,s02,43,127,42,4,uro,4.528279,6.072927,4.152698
bass_4,s02,44,128,43,3,basi,3.79156,6.325211,4.277886
bass_4,s02,44,128,43,2,eye,5.222856,7.559152,5.271788
bass_4,s02,44,128,43,1,lj,2.783848,6.456865,4.520177
bass_4,s02,44,128,43,6,p2,8.119126795691553,5.131807461820207,3.6194461009806527
bass_4,s02,44,128,43,6,pm,3.398845,8.168103,4.582031
bass_4,s02,44,128,43,8,quad,4.780289771236553,6.099941309156656,4.776717265583131
bass_4,s02,44,128,43,7,so,5.560614,5.930774,4.883204
bass_4,s02,44,128,43,4,uro,4.482141,6.058416,4.152654
bass_4,s02,45,129,44,3,basi,3.722942,6.322428,4.281389
bass_4,s02,45,129,44,2,eye,5.170746,7.582244,5.275216
bass_4,s02,45,129,44,1,lj,2.72836,6.452856,4.50673
bass_4,s02,45,129,44,6,p2,8.08505332893217,5.129145930590848,3.630590692207345
bass_4,s02,45,129,44,6,pm,3.35242,8.193456,4.576486
bass_4,s02,45,129,44,8,quad,4.754039093360798,6.099399308424949,4.848771334710671
bass_4,s02,45,129,44,7,so,5.525456,5.959115,4.904044
bass_4,s02,45,129,44,4,uro,4.426812,6.035987,4.147405
bass_4,s02,46,130,45,3,basi,3.673219,6.300436,4.267275
bass_4,s02,46,130,45,2,eye,5.133608,7.596745,5.285106
bass_4,s02,46,130,45,1,lj,2.683125,6.44912,4.506498
bass_4,s02,46,130,45,6,p2,8.0518937139455,5.127037409681675,3.641140501755827
bass_4,s02,46,130,45,6,pm,3.304754,8.202555,4.566506
bass_4,s02,46,130,45,8,quad,4.715238746000863,6.099047858450343,4.831508989746767
bass_4,s02,46,130,45,7,so,5.476867,5.97154,4.957013
bass_4,s02,46,130,45,4,uro,4.371501,6.013972,4.157848
bass_4,s02,47,131,46,3,basi,3.644542,6.310993,4.290211
bass_4,s02,47,131,46,2,eye,5.09482,7.608558,5.288743
bass_4,s02,47,131,46,1,lj,2.633916,6.445544,4.527622
bass_4,s02,47,131,46,6,p2,8.018442184275687,5.12502973552229,3.651743729017158
bass_4,s02,47,131,46,6,pm,3.259571,8.212731,4.561786
bass_4,s02,47,131,46,8,quad,4.67861157521778,6.11760412462587,4.815091001129957
bass_4,s02,47,131,46,7,so,5.418837,5.964152,4.977738
bass_4,s02,47,131,46,4,uro,4.325347,5.99106,4.162866
bass_4,s02,48,132,47,3,basi,3.591582,6.315655,4.280277
bass_4,s02,48,132,47,2,eye,5.060723,7.620405,5.288329
bass_4,s02,48,132,47,1,lj,2.595027,6.434648,4.517897
bass_4,s02,48,132,47,6,p2,7.985788704164877,5.12335993486369,3.661605566498727
bass_4,s02,48,132,47,6,pm,3.209597,8.227268,4.556293
bass_4,s02,48,132,47,8,quad,4.578126706452778,6.122518403348354,4.852303519016307
bass_4,s02,48,132,47,7,so,5.36965,5.949097,5.014771
bass_4,s02,48,132,47,4,uro,4.278931,5.991718,4.162187
bass_4,s02,49,133,48,3,basi,3.555095,6.299506,4.303445
bass_4,s02,49,133,48,2,eye,5.011607,7.628453,5.318415
bass_4,s02,49,133,48,1,lj,2.558715,6.420105,4.517659
bass_4,s02,49,133,48,6,p2,7.95309885374092,5.122340085398296,3.672012333089012
bass_4,s02,49,133,48,6,pm,3.151463,8.247944,4.54629
bass_4,s02,49,133,48,8,quad,4.515375633195029,6.108179392822869,4.901867765657912
bass_4,s02,49,133,48,7,so,5.288446,5.950346,5.045888
bass_4,s02,49,133,48,4,uro,4.229686,5.985313,4.167184
bass_4,s02,50,134,49,3,basi,3.508844,6.286648,4.316924
bass_4,s02,50,134,49,2,eye,4.961314,7.643312,5.324023
bass_4,s02,50,134,49,1,lj,2.502468,6.417009,4.513261
bass_4,s02,50,134,49,6,p2,7.921062565936196,5.121519161341004,3.681781336665657
bass_4,s02,50,134,49,6,pm,3.088934,8.265145,4.545038
bass_4,s02,50,134,49,8,quad,4.474416519709416,6.108702929289346,4.905055981112034
bass_4,s02,50,134,49,7,so,5.248195,5.982857,5.061482
bass_4,s02,50,134,49,4,uro,4.174327,5.970709,4.166895
bass_4,s02,51,135,50,3,basi,3.4762,6.286752,4.317386
bass_4,s02,51,135,50,2,eye,4.915497,7.655217,5.329648
bass_4,s02,51,135,50,1,lj,2.458646,6.412242,4.533809
bass_4,s02,51,135,50,6,p2,7.889085507368764,5.120729039894994,3.6913207082337256
bass_4,s02,51,135,50,6,pm,3.055564,8.2814,4.562494
bass_4,s02,51,135,50,8,quad,4.47529032169504,6.146933728688421,4.980402019055761
bass_4,s02,51,135,50,7,so,5.199952,5.999396,5.120048
bass_4,s02,51,135,50,4,uro,4.153089,5.947911,4.177655
bass_4,s02,52,136,51,3,basi,3.454405,6.290697,4.333833
bass_4,s02,52,136,51,2,eye,4.891379,7.66336,5.343666
bass_4,s02,52,136,51,1,lj,2.411696,6.407201,4.537065
bass_4,s02,52,136,51,6,p2,7.85733970621616,5.120500822697931,3.700744993542365
bass_4,s02,52,136,51,6,pm,3.016463,8.296787,4.548463
bass_4,s02,52,136,51,8,quad,4.435885927570232,6.139356796634466,4.962349124842286
bass_4,s02,52,136,51,7,so,5.169461,6.020574,5.140993
bass_4,s02,52,136,51,4,uro,4.119022,5.940221,4.192596
bass_4,s02,53,137,52,3,basi,3.394511,6.261728,4.333457
bass_4,s02,53,137,52,2,eye,4.870285,7.670394,5.345485
bass_4,s02,53,137,52,1,lj,2.380513,6.408587,4.53711
bass_4,s02,53,137,52,6,p2,7.825961250019543,5.120634376855413,3.709777480024608
bass_4,s02,53,137,52,6,pm,2.964677,8.320968,4.525088
bass_4,s02,53,137,52,8,quad,4.348011494754937,6.1144509843195065,5.031374890799897
bass_4,s02,53,137,52,7,so,5.132169,6.026525,5.178288
bass_4,s02,53,137,52,4,uro,4.085438,5.909031,4.20294
bass_4,s02,54,138,53,3,basi,3.373299,6.239868,4.36321
bass_4,s02,54,138,53,2,eye,4.836685,7.677842,5.363585
bass_4,s02,54,138,53,1,lj,2.341416,6.414238,4.557767
bass_4,s02,54,138,53,6,p2,7.794963938472164,5.120876796025659,3.718845133377768
bass_4,s02,54,138,53,6,pm,2.926971,8.335083,4.524265
bass_4,s02,54,138,53,8,quad,4.343034968441168,6.1940477038344275,5.003694850791904
bass_4,s02,54,138,53,7,so,5.082888,6.042987,5.199131
bass_4,s02,54,138,53,4,uro,4.054801,5.902152,4.202942
bass_4,s02,55,139,54,3,basi,3.31497,6.246883,4.36615
bass_4,s02,55,139,54,2,eye,4.801066,7.685896,5.367284
bass_4,s02,55,139,54,1,lj,2.296627,6.415377,4.595753
bass_4,s02,55,139,54,6,p2,7.764016463507974,5.121593850597915,3.727445877608372
bass_4,s02,55,139,54,6,pm,2.886457,8.358321,4.51916
bass_4,s02,55,139,54,8,quad,4.304436296579758,6.196864726354605,5.012862212743763
bass_4,s02,55,139,54,7,so,5.023464,6.069736,5.241307
bass_4,s02,55,139,54,4,uro,4.021009,5.886365,4.202497
bass_4,s02,56,140,55,3,basi,3.270301,6.257351,4.381908
bass_4,s02,56,140,55,2,eye,4.773383,7.681449,5.371034
bass_4,s02,56,140,55,1,lj,2.249853,6.420499,4.620212
bass_4,s02,56,140,55,6,p2,7.733523290230111,5.122148485607138,3.735794951745424
bass_4,s02,56,140,55,6,pm,2.8548,8.366728,4.518406
bass_4,s02,56,140,55,8,quad,4.2537144240829905,6.17229008240209,5.05509491132944
bass_4,s02,56,140,55,7,so,4.991673,6.070434,5.26798
bass_4,s02,56,140,55,4,uro,4.003016,5.863734,4.208222
bass_4,s02,57,141,56,3,basi,3.23814,6.228437,4.402934
bass_4,s02,57,141,56,2,eye,4.740503,7.699041,5.378872
bass_4,s02,57,141,56,1,lj,2.212068,6.440788,4.653236
bass_4,s02,57,141,56,6,p2,7.703249187430343,5.1234731957351825,3.744111601850867
bass_4,s02,57,141,56,6,pm,2.825531,8.36696,4.541236
bass_4,s02,57,141,56,8,quad,4.170598934439808,6.169870838475277,5.099744506543782
bass_4,s02,57,141,56,7,so,4.933004,6.081898,5.288799
bass_4,s02,57,141,56,4,uro,3.947609,5.85662,4.207556
bass_4,s02,58,142,57,3,basi,3.205502,6.219606,4.402936
bass_4,s02,58,142,57,2,eye,4.708165,7.699814,5.37639
bass_4,s02,58,142,57,1,lj,2.183701,6.466678,4.665404
bass_4,s02,58,142,57,6,p2,7.673381666771177,5.124703701225082,3.752535270876504
bass_4,s02,58,142,57,6,pm,2.784928,8.365001,4.540684
bass_4,s02,58,142,57,8,quad,4.131223631736819,6.205824948403904,5.147346635282377
bass_4,s02,58,142,57,7,so,4.918891,6.087198,5.304758
bass_4,s02,58,142,57,4,uro,3.926329,5.833174,4.223029
bass_4,s02,59,143,58,3,basi,3.170208,6.221786,4.40565
bass_4,s02,59,143,58,2,eye,4.669024,7.700114,5.390276
bass_4,s02,59,143,58,1,lj,2.134518,6.506978,4.694425
bass_4,s02,59,143,58,6,p2,7.644260994817456,5.126004728774693,3.7606000031546913
bass_4,s02,59,143,58,6,pm,2.744777,8.364437,4.56962
bass_4,s02,59,143,58,8,quad,4.099015652447687,6.1827556274982305,5.1459815002459814
bass_4,s02,59,143,58,7,so,4.876929,6.087526,5.331038
bass_4,s02,59,143,58,4,uro,3.908189,5.817761,4.21799
bass_4,s02,60,144,59,3,basi,3.130523,6.196441,4.431245
bass_4,s02,60,144,59,2,eye,4.64482,7.701864,5.418696
bass_4,s02,60,144,59,1,lj,2.100355,6.51499,4.69524
bass_4,s02,60,144,59,6,p2,7.615151594925634,5.127878383312935,3.768603182011257
bass_4,s02,60,144,59,6,pm,2.705801,8.361992,4.579834
bass_4,s02,60,144,59,8,quad,4.111126231864595,6.226632556122111,5.201755751546371
bass_4,s02,60,144,59,7,so,4.863157,6.093136,5.35259
bass_4,s02,60,144,59,4,uro,3.817619,5.883477,4.226442
bass_4,s02,61,145,60,3,basi,3.06999,6.193585,4.434439
bass_4,s02,61,145,60,2,eye,4.607798,7.706876,5.436747
bass_4,s02,61,145,60,1,lj,2.076129,6.539995,4.699918
bass_4,s02,61,145,60,6,p2,7.5865837710921955,5.129611641248919,3.7766130327771927
bass_4,s02,61,145,60,6,pm,2.657859,8.357164,4.59004
bass_4,s02,61,145,60,8,quad,4.021021802242938,6.229924880552727,5.190356437284796
bass_4,s02,61,145,60,7,so,4.810429,6.098798,5.389537
bass_4,s02,61,145,60,4,uro,3.771317,5.875441,4.230612
bass_4,s02,62,146,61,3,basi,3.050949,6.192375,4.435313
bass_4,s02,62,146,61,2,eye,4.576454,7.704228,5.458952
bass_4,s02,62,146,61,1,lj,2.046021,6.565299,4.733238
bass_4,s02,62,146,61,6,p2,7.558570139237458,5.130967933393007,3.7847336321263767
bass_4,s02,62,146,61,6,pm,2.627708,8.345775,4.605613
bass_4,s02,62,146,61,8,quad,4.069577977748476,6.2164978820423995,5.163161103790893
bass_4,s02,62,146,61,7,so,4.830759,6.093371,5.378779
bass_4,s02,62,146,61,4,uro,3.722301,5.860593,4.235434
bass_4,s02,63,147,62,3,basi,3.011335,6.188435,4.455009
bass_4,s02,63,147,62,2,eye,4.55201,7.704036,5.479239
bass_4,s02,63,147,62,1,lj,2.017314,6.591703,4.738655
bass_4,s02,63,147,62,6,p2,7.530684208594006,5.132491481177297,3.79289037767264
bass_4,s02,63,147,62,6,pm,2.601005,8.333357,4.603002
bass_4,s02,63,147,62,8,quad,3.99059100630863,6.242735133937472,5.229540218554585
bass_4,s02,63,147,62,7,so,4.782585,6.099572,5.416721
bass_4,s02,63,147,62,4,uro,3.697415,5.860492,4.255351
bass_4,s02,64,148,63,3,basi,2.976073,6.192739,4.467035
bass_4,s02,64,148,63,2,eye,4.521003,7.699008,5.501473
bass_4,s02,64,148,63,1,lj,1.985198,6.626911,4.754604
bass_4,s02,64,148,63,6,p2,7.503505331214354,5.133949551648485,3.800545607882353
bass_4,s02,64,148,63,6,pm,2.552027,8.331361,4.642566
bass_4,s02,64,148,63,8,quad,3.9762647168521554,6.2481748712811775,5.208221704980469
bass_4,s02,64,148,63,7,so,4.762555,6.105053,5.435686
bass_4,s02,64,148,63,4,uro,3.666438,5.861323,4.285879
bass_4,s02,65,149,64,3,basi,2.937988,6.203687,4.499461
bass_4,s02,65,149,64,2,eye,4.472304,7.689282,5.519149
bass_4,s02,65,149,64,1,lj,1.969477,6.669332,4.760712
bass_4,s02,65,149,64,6,p2,7.476322859867749,5.135123892568255,3.808432462983009
bass_4,s02,65,149,64,6,pm,2.530912,8.313431,4.639572
bass_4,s02,65,149,64,8,quad,3.9923928683657652,6.2630967049462765,5.282311337722657
bass_4,s02,65,149,64,7,so,4.752594,6.115097,5.459395
bass_4,s02,65,149,64,4,uro,3.648335,5.854245,4.265517
bass_4,s02,66,150,65,3,basi,2.907682,6.214624,4.523767
bass_4,s02,66,150,65,2,eye,4.448019,7.681876,5.535262
bass_4,s02,66,150,65,1,lj,1.939054,6.709115,4.782189
bass_4,s02,66,150,65,6,p2,7.449744434021994,5.1360571297930235,3.815553924557931
bass_4,s02,66,150,65,6,pm,2.49565,8.288691,4.655752
bass_4,s02,66,150,65,8,quad,3.9552759945810063,6.282300083196122,5.3377100074082575
bass_4,s02,66,150,65,7,so,4.72288,6.10511,5.473343
bass_4,s02,66,150,65,4,uro,3.633106,5.847412,4.286387
bass_4,s02,67,151,66,3,basi,2.881068,6.208646,4.527567
bass_4,s02,67,151,66,2,eye,4.411427,7.670292,5.536735
bass_4,s02,67,151,66,1,lj,1.920658,6.745004,4.804741
bass_4,s02,67,151,66,6,p2,7.423625165762505,5.136647930472879,3.822690250384899
bass_4,s02,67,151,66,6,pm,2.460662,8.269907,4.671125
bass_4,s02,67,151,66,8,quad,3.9272079207288644,6.264206941366736,5.291010637077614
bass_4,s02,67,151,66,7,so,4.710151,6.078967,5.487326
bass_4,s02,67,151,66,4,uro,3.614741,5.839057,4.275605
bass_4,s02,68,152,67,3,basi,2.853452,6.218447,4.556147
bass_4,s02,68,152,67,2,eye,4.383331,7.658319,5.540305
bass_4,s02,68,152,67,1,lj,1.913101,6.758997,4.83255
bass_4,s02,68,152,67,6,p2,7.397637208640167,5.1371462343508965,3.8295081419505888
bass_4,s02,68,152,67,6,pm,2.441752,8.243109,4.708433
bass_4,s02,68,152,67,8,quad,3.9684837593811677,6.262515105656667,5.3148752840376
bass_4,s02,68,152,67,7,so,4.699046,6.074129,5.496868
bass_4,s02,68,152,67,4,uro,3.583753,5.831171,4.321181
bass_4,s02,69,153,68,3,basi,2.82851,6.229196,4.556198
bass_4,s02,69,153,68,2,eye,4.3703,7.651775,5.526949
bass_4,s02,69,153,68,1,lj,1.903104,6.773984,4.866678
bass_4,s02,69,153,68,6,p2,7.371991536539257,5.137240463883831,3.835436185883965
bass_4,s02,69,153,68,6,pm,2.425856,8.228783,4.721934
bass_4,s02,69,153,68,8,quad,3.923104853498581,6.263314962383557,5.365601335081189
bass_4,s02,69,153,68,7,so,4.692745,6.032042,5.496282
bass_4,s02,69,153,68,4,uro,3.549997,5.832178,4.310708
bass_4,s02,70,154,69,3,basi,2.7962,6.229245,4.563798
bass_4,s02,70,154,69,2,eye,4.339825,7.646872,5.540137
bass_4,s02,70,154,69,1,lj,1.890138,6.809562,4.895113
bass_4,s02,70,154,69,6,p2,7.3468882893705185,5.137492443624487,3.8410759982299583
bass_4,s02,70,154,69,6,pm,2.400798,8.206123,4.753795
bass_4,s02,70,154,69,8,quad,3.85997485997541,6.275469811377538,5.337124601693962
bass_4,s02,70,154,69,7,so,4.655815,6.043175,5.519902
bass_4,s02,70,154,69,4,uro,3.531393,5.832295,4.325734
bass_4,s02,71,155,70,3,basi,2.763643,6.239201,4.563235
bass_4,s02,71,155,70,2,eye,4.326197,7.639456,5.556481
bass_4,s02,71,155,70,1,lj,1.869774,6.845658,4.917962
bass_4,s02,71,155,70,6,p2,7.322561716131945,5.137542997632784,3.84584774694755
bass_4,s02,71,155,70,6,pm,2.384066,8.172964,4.783348
bass_4,s02,71,155,70,8,quad,3.8791014598375897,6.2653326353883685,5.378706384725389
bass_4,s02,71,155,70,7,so,4.634239,6.03792,5.533772
bass_4,s02,71,155,70,4,uro,3.478936,5.833331,4.345617
bass_4,s02,72,156,71,3,basi,2.753632,6.24256,4.604736
bass_4,s02,72,156,71,2,eye,4.295716,7.622637,5.564164
bass_4,s02,72,156,71,1,lj,1.857799,6.870104,4.951777
bass_4,s02,72,156,71,6,p2,7.298296902863993,5.137379875975417,3.8506002243191255
bass_4,s02,72,156,71,6,pm,2.354639,8.150928,4.809888
bass_4,s02,72,156,71,8,quad,3.8051132457362793,6.253217897237357,5.392607865412063
bass_4,s02,72,156,71,7,so,4.615482,6.017493,5.543027
bass_4,s02,72,156,71,4,uro,3.472957,5.834441,4.34095
bass_4,s02,73,157,72,3,basi,2.729542,6.251179,4.649473
bass_4,s02,73,157,72,2,eye,4.273256,7.61298,5.569197
bass_4,s02,73,157,72,1,lj,1.85586,6.909904,4.968593
bass_4,s02,73,157,72,6,p2,7.274657146789737,5.137078043887943,3.8544102889498584
bass_4,s02,73,157,72,6,pm,2.343065,8.128856,4.817694
bass_4,s02,73,157,72,8,quad,3.8153116769339324,6.329752357216238,5.409797238381059
bass_4,s02,73,157,72,7,so,4.579792,6.038918,5.552262
bass_4,s02,73,157,72,4,uro,3.466389,5.850296,4.340614
bass_4,s02,74,158,73,3,basi,2.738249,6.258593,4.675277
bass_4,s02,74,158,73,2,eye,4.244639,7.600937,5.576882
bass_4,s02,74,158,73,1,lj,1.854956,6.929237,4.996986
bass_4,s02,74,158,73,6,p2,7.251287670926195,5.136578111166559,3.8579733319494314
bass_4,s02,74,158,73,6,pm,2.324324,8.096016,4.828134
bass_4,s02,74,158,73,8,quad,3.8077219902239117,6.284144271973586,5.360785551539784
bass_4,s02,74,158,73,7,so,4.575136,6.002325,5.561436
bass_4,s02,74,158,73,4,uro,3.422917,5.849857,4.370179
bass_4,s02,75,159,74,3,basi,2.716457,6.266285,4.698751
bass_4,s02,75,159,74,2,eye,4.23176,7.600707,5.58481
bass_4,s02,75,159,74,1,lj,1.85261,6.938646,5.031309
bass_4,s02,75,159,74,6,p2,7.228876358901089,5.136440009716697,3.860649269262453
bass_4,s02,75,159,74,6,pm,2.310222,8.073757,4.854836
bass_4,s02,75,159,74,8,quad,3.7955544570714443,6.248755613218208,5.415370862272348
bass_4,s02,75,159,74,7,so,4.56087,6.00852,5.561671
bass_4,s02,75,159,74,4,uro,3.400971,5.866057,4.364564
bass_4,s02,76,160,75,3,basi,2.690622,6.260167,4.706615
bass_4,s02,76,160,75,2,eye,4.220386,7.59064,5.598258
bass_4,s02,76,160,75,1,lj,1.836921,6.958906,5.054154
bass_4,s02,76,160,75,6,p2,7.207106835963694,5.13590260356147,3.862977446877805
bass_4,s02,76,160,75,6,pm,2.290422,8.044567,4.88155
bass_4,s02,76,160,75,8,quad,3.7598591849348697,6.2494132475382465,5.427580831803029
bass_4,s02,76,160,75,7,so,4.537652,5.997691,5.575234
bass_4,s02,76,160,75,4,uro,3.389259,5.851749,4.36531
bass_4,s02,77,161,76,3,basi,2.677938,6.26997,4.723157
bass_4,s02,77,161,76,2,eye,4.20662,7.582907,5.611597
bass_4,s02,77,161,76,1,lj,1.824703,6.970509,5.066362
bass_4,s02,77,161,76,6,p2,7.185668732648726,5.1351242365541,3.865122158630111
bass_4,s02,77,161,76,6,pm,2.279132,8.022204,4.902738
bass_4,s02,77,161,76,8,quad,3.774879541862471,6.233921162646842,5.418851495742515
bass_4,s02,77,161,76,7,so,4.529766,5.977337,5.575144
bass_4,s02,77,161,76,4,uro,3.383093,5.852311,4.380869
bass_4,s02,78,162,77,3,basi,2.654216,6.273004,4.751729
bass_4,s02,78,162,77,2,eye,4.19828,7.566296,5.614323
bass_4,s02,78,162,77,1,lj,1.813867,6.979389,5.082793
bass_4,s02,78,162,77,6,p2,7.1649489411093015,5.134293694349667,3.866702300337837
bass_4,s02,78,162,77,6,pm,2.265014,7.996016,4.931877
bass_4,s02,78,162,77,8,quad,3.756007286203276,6.255349403377621,5.442425549641691
bass_4,s02,78,162,77,7,so,4.524733,5.977368,5.584646
bass_4,s02,78,162,77,4,uro,3.377206,5.836329,4.401343
bass_4,s02,79,163,78,3,basi,2.636663,6.27968,4.751507
bass_4,s02,79,163,78,2,eye,4.181014,7.558902,5.622167
bass_4,s02,79,163,78,1,lj,1.807007,7.000255,5.088842
bass_4,s02,79,163,78,6,p2,7.14482525329793,5.133525683828289,3.868231239531617
bass_4,s02,79,163,78,6,pm,2.253837,7.966352,4.950245
bass_4,s02,79,163,78,8,quad,3.7605775122629295,6.26053168138949,5.443256024762631
bass_4,s02,79,163,78,7,so,4.516051,5.977268,5.584385
bass_4,s02,79,163,78,4,uro,3.368026,5.82808,4.41642
bass_4,s02,80,164,79,3,basi,2.623974,6.289412,4.772213
bass_4,s02,80,164,79,2,eye,4.156983,7.551981,5.618947
bass_4,s02,80,164,79,1,lj,1.801646,6.999842,5.105914
bass_4,s02,80,164,79,6,p2,7.125612220106807,5.132645359245937,3.869509367169116
bass_4,s02,80,164,79,6,pm,2.238029,7.947943,4.971413
bass_4,s02,80,164,79,8,quad,3.7511668844779824,6.277058959885294,5.440087867556835
bass_4,s02,80,164,79,7,so,4.502561,5.972079,5.579233
bass_4,s02,80,164,79,4,uro,3.361757,5.827785,4.426373
bass_4,s02,81,165,80,3,basi,2.611599,6.285849,4.788397
bass_4,s02,81,165,80,2,eye,4.141471,7.542355,5.621354
bass_4,s02,81,165,80,1,lj,1.789175,6.994647,5.128778
bass_4,s02,81,165,80,6,p2,7.106802697066763,5.131385080288211,3.870615280364726
bass_4,s02,81,165,80,6,pm,2.221208,7.926464,4.992841
bass_4,s02,81,165,80,8,quad,3.7211030795882185,6.2451285420764044,5.462013978209104
bass_4,s02,81,165,80,7,so,4.479914,5.957328,5.574245
bass_4,s02,81,165,80,4,uro,3.343151,5.827859,4.446503
bass_4,s02,82,166,81,3,basi,2.595703,6.283369,4.796751
bass_4,s02,82,166,81,2,eye,4.123187,7.528055,5.623769
bass_4,s02,82,166,81,1,lj,1.784321,6.984202,5.14588
bass_4,s02,82,166,81,6,p2,7.089181562740271,5.130322813300647,3.8718992671330255
bass_4,s02,82,166,81,6,pm,2.205592,7.904272,5.019294
bass_4,s02,82,166,81,8,quad,3.6939617397034423,6.228609729730915,5.4556511814206186
bass_4,s02,82,166,81,7,so,4.471291,5.957254,5.569201
bass_4,s02,82,166,81,4,uro,3.333878,5.827997,4.439646
bass_4,s02,83,167,82,3,basi,2.588161,6.282903,4.800488
bass_4,s02,83,167,82,2,eye,4.106692,7.520969,5.62622
bass_4,s02,83,167,82,1,lj,1.773518,6.984047,5.157147
bass_4,s02,83,167,82,6,p2,7.071852012503709,5.129048610069102,3.873489077842069
bass_4,s02,83,167,82,6,pm,2.187677,7.892919,5.034818
bass_4,s02,83,167,82,8,quad,3.741326854141335,6.203178029743082,5.476685948829296
bass_4,s02,83,167,82,7,so,4.4647,5.93666,5.559426
bass_4,s02,83,167,82,4,uro,3.293761,5.83591,4.466021
bass_4,s02,84,168,83,3,basi,2.580915,6.280135,4.813058
bass_4,s02,84,168,83,2,eye,4.09526,7.518401,5.636985
bass_4,s02,84,168,83,1,lj,1.762005,6.959302,5.162904
bass_4,s02,84,168,83,6,p2,7.055522340875245,5.127777549672729,3.875354063086733
bass_4,s02,84,168,83,6,pm,2.174576,7.882079,5.04532
bass_4,s02,84,168,83,8,quad,3.674383129516222,6.239769185615678,5.454350281753424
bass_4,s02,84,168,83,7,so,4.460756,5.931755,5.554666
bass_4,s02,84,168,83,4,uro,3.279313,5.836149,4.484062
bass_4,s02,85,169,84,3,basi,2.560902,6.279389,4.82052
bass_4,s02,85,169,84,2,eye,4.082236,7.510794,5.650369
bass_4,s02,85,169,84,1,lj,1.744572,6.944682,5.168547
bass_4,s02,85,169,84,6,p2,7.040351661521109,5.1263346963440934,3.877776136455626
bass_4,s02,85,169,84,6,pm,2.171371,7.881778,5.04778
bass_4,s02,85,169,84,8,quad,3.6990115902801093,6.218720287998606,5.462173446078178
bass_4,s02,85,169,84,7,so,4.460883,5.921294,5.554571
bass_4,s02,85,169,84,4,uro,3.253607,5.836457,4.492767
bass_4,s02,86,170,85,3,basi,2.556249,6.280998,4.821308
bass_4,s02,86,170,85,2,eye,4.069203,7.508394,5.655614
bass_4,s02,86,170,85,1,lj,1.741703,6.925103,5.174594
bass_4,s02,86,170,85,6,p2,7.025837681028629,5.124914255793522,3.880427979221212
bass_4,s02,86,170,85,6,pm,2.161516,7.875469,5.0480409999999996
bass_4,s02,86,170,85,8,quad,3.6905167967155768,6.1705213946331,5.432523711733948
bass_4,s02,86,170,85,7,so,4.441527,5.915945,5.55879
bass_4,s02,86,170,85,4,uro,3.224582,5.84485,4.51055
bass_4,s02,87,171,86,3,basi,2.551651,6.275327,4.829907
bass_4,s02,87,171,86,2,eye,4.053609,7.503589,5.660793
bass_4,s02,87,171,86,1,lj,1.740585,6.909906,5.191898
bass_4,s02,87,171,86,6,p2,7.012515065121309,5.1235492488700585,3.88373204694705
bass_4,s02,87,171,86,6,pm,2.147009,7.850105,5.04757
bass_4,s02,87,171,86,8,quad,3.6665648628966374,6.206059741862709,5.470262336256598
bass_4,s02,87,171,86,7,so,4.441593,5.910715,5.558742
bass_4,s02,87,171,86,4,uro,3.215487,5.845901,4.510911
bass_4,s02,88,172,87,3,basi,2.549249,6.271899,4.842216
bass_4,s02,88,172,87,2,eye,4.044967,7.493806,5.666051
bass_4,s02,88,172,87,1,lj,1.727434,6.889027,5.220073
bass_4,s02,88,172,87,6,p2,6.999794064554596,5.121962757709955,3.887961382379901
bass_4,s02,88,172,87,6,pm,2.136954,7.843385,5.0503
bass_4,s02,88,172,87,8,quad,3.6757295061173636,6.208467117849046,5.4503311018019565
bass_4,s02,88,172,87,7,so,4.441659,5.905485,5.558694
bass_4,s02,88,172,87,4,uro,3.204352,5.845324,4.528594
bass_4,s02,89,173,88,3,basi,2.54219,6.262711,4.838022
bass_4,s02,89,173,88,2,eye,4.035565,7.488918,5.668553
bass_4,s02,89,173,88,1,lj,1.717641,6.877847,5.236516
bass_4,s02,89,173,88,6,p2,6.988135241588723,5.1202040586593265,3.89255964897157
bass_4,s02,89,173,88,6,pm,2.123713,7.836136,5.060773
bass_4,s02,89,173,88,8,quad,3.675086866879135,6.169058700495014,5.446735045939384
bass_4,s02,89,173,88,7,so,4.441856,5.889795,5.55855
bass_4,s02,89,173,88,4,uro,3.19526,5.846381,4.52896
bass_4,s02,90,174,89,3,basi,2.536468,6.250248,4.833792
bass_4,s02,90,174,89,2,eye,4.025188,7.484014,5.673803
bass_4,s02,90,174,89,1,lj,1.712807,6.858782,5.236971
bass_4,s02,90,174,89,6,p2,6.977499681767003,5.118583801692112,3.897925388483249
bass_4,s02,90,174,89,6,pm,2.105822,7.825148,5.06833
bass_4,s02,90,174,89,8,quad,3.691856249263015,6.137304647956949,5.4530802193911425
bass_4,s02,90,174,89,7,so,4.437901,5.890152,5.549075
bass_4,s02,90,174,89,4,uro,3.187468,5.830451,4.528833
bass_4,s02,91,175,90,3,basi,2.535733,6.237634,4.858786
bass_4,s02,91,175,90,2,eye,4.017627,7.481317,5.679014
bass_4,s02,91,175,90,1,lj,1.697655,6.83872,5.248141
bass_4,s02,91,175,90,6,p2,6.967511873923354,5.116923843858912,3.903630996063244
bass_4,s02,91,175,90,6,pm,2.095999,7.813831,5.094855
bass_4,s02,91,175,90,8,quad,3.684390652829939,6.159554837663681,5.508606755004003
bass_4,s02,91,175,90,7,so,4.429531,5.879659,5.534409
bass_4,s02,91,175,90,4,uro,3.168085,5.829542,4.541586
bass_4,s02,92,176,91,3,basi,2.530248,6.21873,4.871142
bass_4,s02,92,176,91,2,eye,4.01058,7.476577,5.681654
bass_4,s02,92,176,91,1,lj,1.680988,6.818257,5.253225
bass_4,s02,92,176,91,6,p2,6.9581654551757275,5.114983922745066,3.9100770489834455
bass_4,s02,92,176,91,6,pm,2.089262,7.815918,5.112782
bass_4,s02,92,176,91,8,quad,3.652831197787565,6.18558031283488,5.493477629668293
bass_4,s02,92,176,91,7,so,4.429506,5.869107,5.548618
bass_4,s02,92,176,91,4,uro,3.156483,5.829989,4.546122
bass_4,s02,93,177,92,3,basi,2.513413,6.202667,4.874714
bass_4,s02,93,177,92,2,eye,4.004234,7.46931,5.689803
bass_4,s02,93,177,92,1,lj,1.670693,6.808424,5.253064
bass_4,s02,93,177,92,6,p2,6.9494210603237665,5.113008989730142,3.917004984624486
bass_4,s02,93,177,92,6,pm,2.081705,7.815477,5.125882
bass_4,s02,93,177,92,8,quad,3.636468796479325,6.1438102455506485,5.4487750883754895
bass_4,s02,93,177,92,7,so,4.426913,5.858688,5.534138
bass_4,s02,93,177,92,4,uro,3.144773,5.82301,4.569203
bass_4,s02,94,178,93,3,basi,2.499087,6.186622,4.886681
bass_4,s02,94,178,93,2,eye,3.992214,7.464377,5.694989
bass_4,s02,94,178,93,1,lj,1.661614,6.804305,5.247584
bass_4,s02,94,178,93,6,p2,6.941287347245833,5.111099583903378,3.924294186958597
bass_4,s02,94,178,93,6,pm,2.079597,7.80127,5.134019
bass_4,s02,94,178,93,8,quad,3.682563202833457,6.114062694835702,5.405434799378379
bass_4,s02,94,178,93,7,so,4.418923,5.84882,5.534177
bass_4,s02,94,178,93,4,uro,3.137513,5.82293,4.569022
bass_4,s02,95,179,94,3,basi,2.482982,6.18295,4.877684
bass_4,s02,95,179,94,2,eye,3.984244,7.457176,5.700349
bass_4,s02,95,179,94,1,lj,1.661069,6.779021,5.27052
bass_4,s02,95,179,94,6,p2,6.9337735326955805,5.109154330781629,3.931330730579705
bass_4,s02,95,179,94,6,pm,2.067988,7.794019,5.147209
bass_4,s02,95,179,94,8,quad,3.63569645626147,6.077350608314277,5.462199485417458
bass_4,s02,95,179,94,7,so,4.406516,5.833351,5.524313
bass_4,s02,95,179,94,4,uro,3.128828,5.820387,4.578275
bass_4,s02,96,180,95,3,basi,2.479953,6.171428,4.886514
bass_4,s02,96,180,95,2,eye,3.975484,7.454767,5.705683
bass_4,s02,96,180,95,1,lj,1.653171,6.754172,5.293499
bass_4,s02,96,180,95,6,p2,6.926525570197459,5.107248293593967,3.9389154345683943
bass_4,s02,96,180,95,6,pm,2.060929,7.782877,5.160325
bass_4,s02,96,180,95,8,quad,3.6176300471004366,6.0885265113838685,5.464334903941335
bass_4,s02,96,180,95,7,so,4.406516,5.833351,5.524313
bass_4,s02,96,180,95,4,uro,3.122092,5.820261,4.582613
bass_4,s02,97,181,96,3,basi,2.474585,6.153026,4.899109
bass_4,s02,97,181,96,2,eye,3.962568,7.444825,5.716281
bass_4,s02,97,181,96,1,lj,1.64361,6.738462,5.292798
bass_4,s02,97,181,96,6,p2,6.919876873981046,5.105312434898581,3.9464541627411034
bass_4,s02,97,181,96,6,pm,2.055686,7.772144,5.173715
bass_4,s02,97,181,96,8,quad,3.6140764942220622,6.090196195093353,5.43305021845563
bass_4,s02,97,181,96,7,so,4.400646,5.833214,5.533654
bass_4,s02,97,181,96,4,uro,3.112534,5.808667,4.587509
bass_4,s02,98,182,97,3,basi,2.449,6.14403,4.890426
bass_4,s02,98,182,97,2,eye,3.948587,7.442423,5.724264
bass_4,s02,98,182,97,1,lj,1.632157,6.72279,5.303616
bass_4,s02,98,182,97,6,p2,6.913517509525077,5.103498288247442,3.9536508078010457
bass_4,s02,98,182,97,6,pm,2.045274,7.764275,5.189263
bass_4,s02,98,182,97,8,quad,3.618594609599495,6.106828781125105,5.437335953699941
bass_4,s02,98,182,97,7,so,4.38776,5.834003,5.519448
bass_4,s02,98,182,97,4,uro,3.109734,5.808492,4.596465
bass_4,s02,99,183,98,3,basi,2.438005,6.141121,4.881983
bass_4,s02,99,183,98,2,eye,3.943149,7.4298400000000004,5.726567
bass_4,s02,99,183,98,1,lj,1.629835,6.693453,5.303903
bass_4,s02,99,183,98,6,p2,6.90743173574391,5.101632018531303,3.960679972189356
bass_4,s02,99,183,98,6,pm,2.036096,7.759648,5.207355
bass_4,s02,99,183,98,8,quad,3.617007893000456,6.040552031452066,5.495613063564611
bass_4,s02,99,183,98,7,so,4.387051,5.807548,5.538141
bass_4,s02,99,183,98,4,uro,3.10125,5.787052,4.614829
bass_4,s02,100,184,99,3,basi,2.433186,6.142028,4.865751
bass_4,s02,100,184,99,2,eye,3.9321,7.422183,5.737136
bass_4,s02,100,184,99,1,lj,1.619767,6.687733,5.3032
bass_4,s02,100,184,99,6,p2,6.902030502541335,5.100094862815028,3.967494824491292
bass_4,s02,100,184,99,6,pm,2.035053,7.752506,5.212729
bass_4,s02,100,184,99,8,quad,3.5671095659786447,6.017523053021921,5.463394995607673
bass_4,s02,100,184,99,7,so,4.387051,5.807548,5.538141
bass_4,s02,100,184,99,4,uro,3.095674,5.786731,4.628192
bass_4,s02,101,185,100,3,basi,2.44324,6.138958,4.870186
bass_4,s02,101,185,100,2,eye,3.925956,7.41709,5.74792
bass_4,s02,101,185,100,1,lj,1.604006,6.652164,5.313901
bass_4,s02,101,185,100,6,p2,6.896728008592259,5.098563228735371,3.974151314725359
bass_4,s02,101,185,100,6,pm,2.03117,7.742138,5.212817
bass_4,s02,101,185,100,8,quad,3.6112633432178067,6.024575158045568,5.470269473652277
bass_4,s02,101,185,100,7,so,4.38955,5.791815,5.514185
bass_4,s02,101,185,100,4,uro,3.095611,5.786651,4.641814
bass_4,s02,102,186,101,3,basi,2.447523,6.122984,4.865991
bass_4,s02,102,186,101,2,eye,3.920555,7.412308,5.753339
bass_4,s02,102,186,101,1,lj,1.603919,6.617518,5.314029
bass_4,s02,102,186,101,6,p2,6.892044457891908,5.097331558190313,3.9802265976738846
bass_4,s02,102,186,101,6,pm,2.011841,7.738611,5.225863
bass_4,s02,102,186,101,8,quad,3.6129216669511304,6.090734025215864,5.446416995896327
bass_4,s02,102,186,101,7,so,4.386721,5.791795,5.509337
bass_4,s02,102,186,101,4,uro,3.097008,5.780363,4.641845
bass_4,s02,103,187,102,3,basi,2.445406,6.11343,4.874178
bass_4,s02,103,187,102,2,eye,3.914694,7.404465,5.766701
bass_4,s02,103,187,102,1,lj,1.590824,6.597202,5.324951
bass_4,s02,103,187,102,6,p2,6.887382129516533,5.096162267522148,3.98625108797217
bass_4,s02,103,187,102,6,pm,2.008604,7.734428,5.228124
bass_4,s02,103,187,102,8,quad,3.647299333726849,5.996034159037038,5.464831269801998
bass_4,s02,103,187,102,7,so,4.377958,5.796871,5.513861
bass_4,s02,103,187,102,4,uro,3.090279,5.780236,4.646178
bass_4,s02,104,188,103,3,basi,2.443555,6.097727,4.878291
bass_4,s02,104,188,103,2,eye,3.910198,7.402051,5.772126
bass_4,s02,104,188,103,1,lj,1.591894,6.577221,5.324933
bass_4,s02,104,188,103,6,p2,6.883279938879269,5.0950596304417655,3.992013748181776
bass_4,s02,104,188,103,6,pm,2.006363,7.72815,5.225852
bass_4,s02,104,188,103,8,quad,3.5414787477871705,5.997017585481388,5.472877880941682
bass_4,s02,104,188,103,7,so,4.37383,5.786621,5.532869
bass_4,s02,104,188,103,4,uro,3.08566,5.774618,4.655542
bass_4,s02,105,189,104,3,basi,2.449995,6.095431,4.862317
bass_4,s02,105,189,104,2,eye,3.910327,7.391974,5.780164
bass_4,s02,105,189,104,1,lj,1.581752,6.558197,5.330951
bass_4,s02,105,189,104,6,p2,6.879653169061946,5.094233937414432,3.9975768135370737
bass_4,s02,105,189,104,6,pm,1.99704,7.73596,5.217904
bass_4,s02,105,189,104,8,quad,3.602371977404675,5.963620490058827,5.504901461810243
bass_4,s02,105,189,104,7,so,4.37383,5.786621,5.532869
bass_4,s02,105,189,104,4,uro,3.084525,5.77164,4.664712
bass_4,s02,106,190,105,3,basi,2.445632,6.079435,4.878653
bass_4,s02,106,190,105,2,eye,3.910327,7.391974,5.780164
bass_4,s02,106,190,105,1,lj,1.575406,6.512851,5.341904
bass_4,s02,106,190,105,6,p2,6.876291912355972,5.093552073153742,4.002729134914393
bass_4,s02,106,190,105,6,pm,1.986589,7.728879,5.21496
bass_4,s02,106,190,105,8,quad,3.591621304275139,5.945892762263836,5.449883928961014
bass_4,s02,106,190,105,7,so,4.37383,5.786621,5.532869
bass_4,s02,106,190,105,4,uro,3.082541,5.759645,4.664972
bass_4,s02,107,191,106,3,basi,2.44681,6.051525,4.878885
bass_4,s02,107,191,106,2,eye,3.89329,7.377168,5.790562
bass_4,s02,107,191,106,1,lj,1.572246,6.507612,5.341662
bass_4,s02,107,191,106,6,p2,6.87331359164272,5.092844908481687,4.008206512999484
bass_4,s02,107,191,106,6,pm,1.980393,7.728909,5.212117
bass_4,s02,107,191,106,8,quad,3.6070341362217606,5.975271579509892,5.506157027587089
bass_4,s02,107,191,106,7,so,4.373901,5.781389,5.532824
bass_4,s02,107,191,106,4,uro,3.08248,5.759572,4.678588
bass_4,s02,108,192,107,3,basi,2.445733,6.048596,4.878979
bass_4,s02,108,192,107,2,eye,3.89174,7.372232,5.790431
bass_4,s02,108,192,107,1,lj,1.573591,6.482648,5.341631
bass_4,s02,108,192,107,6,p2,6.870567306599646,5.092225209799165,4.013411545608637
bass_4,s02,108,192,107,6,pm,1.981081,7.714429,5.217406
bass_4,s02,108,192,107,8,quad,3.5614844062618625,5.933660431157623,5.476160038021953
bass_4,s02,108,192,107,7,so,4.363551,5.76575,5.522939
bass_4,s02,108,192,107,4,uro,3.084848,5.75926,4.683024
bass_4,s02,109,193,108,3,basi,2.443619,6.039056,4.88715
bass_4,s02,109,193,108,2,eye,3.887178,7.37218,5.798609
bass_4,s02,109,193,108,1,lj,1.554301,6.477666,5.341139
bass_4,s02,109,193,108,6,p2,6.86841283968607,5.091565006548561,4.0184380952535355
bass_4,s02,109,193,108,6,pm,1.974861,7.710357,5.219654
bass_4,s02,109,193,108,8,quad,3.580627216813894,5.986840234542385,5.4748362393075505
bass_4,s02,109,193,108,7,so,4.36352,5.760478,5.532402
bass_4,s02,109,193,108,4,uro,3.084807,5.759211,4.692102
bass_4,s02,110,194,109,3,basi,2.441503,6.029473,4.899432
bass_4,s02,110,194,109,2,eye,3.878518,7.364795,5.806582
bass_4,s02,110,194,109,1,lj,1.543061,6.473287,5.346678
bass_4,s02,110,194,109,6,p2,6.86645218226801,5.090995227164064,4.023680955018207
bass_4,s02,110,194,109,6,pm,1.972572,7.700316,5.214567
bass_4,s02,110,194,109,8,quad,3.549156405901239,5.940886486228019,5.504465380118973
bass_4,s02,110,194,109,7,so,4.363592,5.755246,5.532357
bass_4,s02,110,194,109,4,uro,3.092664,5.759119,4.701337
bass_4,s02,111,195,110,3,basi,2.440553,6.023401,4.903664
bass_4,s02,111,195,110,2,eye,3.875977,7.359766,5.811918
bass_4,s02,111,195,110,1,lj,1.549276,6.443643,5.352435
bass_4,s02,111,195,110,6,p2,6.864905810039376,5.090348153344243,4.028510642948165
bass_4,s02,111,195,110,6,pm,1.962424,7.696877,5.22518
bass_4,s02,111,195,110,8,quad,3.577678161520751,5.933637055329296,5.490937504896793
bass_4,s02,111,195,110,7,so,4.363685,5.744765,5.53702
bass_4,s02,111,195,110,4,uro,3.089867,5.758949,4.710286
bass_4,s02,112,196,111,3,basi,2.435679,6.019876,4.915752
bass_4,s02,112,196,111,2,eye,3.867603,7.349632,5.822458
bass_4,s02,112,196,111,1,lj,1.536989,6.437489,5.346249
bass_4,s02,112,196,111,6,p2,6.863627954547479,5.089544697717337,4.033809515090845
bass_4,s02,112,196,111,6,pm,1.956216,7.692695,5.230061
bass_4,s02,112,196,111,8,quad,3.567224204855083,5.9366244653933595,5.4970021873103
bass_4,s02,112,196,111,7,so,4.363685,5.744765,5.53702
bass_4,s02,112,196,111,4,uro,3.087091,5.758802,4.714696
bass_4,s02,113,197,112,3,basi,2.435261,6.001457,4.91596
bass_4,s02,113,197,112,2,eye,3.86177,7.344527,5.827663
bass_4,s02,113,197,112,1,lj,1.536479,6.425857,5.346325
bass_4,s02,113,197,112,6,p2,6.862628947215502,5.088510870800157,4.038853174713612
bass_4,s02,113,197,112,6,pm,1.953904,7.682983,5.21707
bass_4,s02,113,197,112,8,quad,3.5309030941538224,5.95566731033976,5.509063298032706
bass_4,s02,113,197,112,7,so,4.35693,5.744411,5.550964
bass_4,s02,113,197,112,4,uro,3.087028,5.758729,4.728316
bass_4,s02,114,198,113,3,basi,2.434053,6.00163,4.916028
bass_4,s02,114,198,113,2,eye,3.854604,7.335139,5.830328
bass_4,s02,114,198,113,1,lj,1.537447,6.40811,5.346302
bass_4,s02,114,198,113,6,p2,6.861881058543816,5.087211587527821,4.0438943829261245
bass_4,s02,114,198,113,6,pm,1.944683,7.674927,5.22439
bass_4,s02,114,198,113,8,quad,3.5771861194184122,5.874123638588915,5.4741362636332775
bass_4,s02,114,198,113,7,so,4.35119,5.734487,5.53197
bass_4,s02,114,198,113,4,uro,3.087579,5.752981,4.733157
bass_4,s02,115,199,114,3,basi,2.434053,6.00163,4.916028
bass_4,s02,115,199,114,2,eye,3.850632,7.329679,5.840919
bass_4,s02,115,199,114,1,lj,1.538253,6.393321,5.346283
bass_4,s02,115,199,114,6,p2,6.861377128148828,5.085927386301381,4.049092225195243
bass_4,s02,115,199,114,6,pm,1.943948,7.661214,5.216587
bass_4,s02,115,199,114,8,quad,3.5862975930230707,5.942766302101646,5.457284199886722
bass_4,s02,115,199,114,7,so,4.343015,5.735087,5.536863
bass_4,s02,115,199,114,4,uro,3.085697,5.737934,4.733432
bass_4,s02,116,200,115,3,basi,2.434053,6.00163,4.916028
bass_4,s02,116,200,115,2,eye,3.849743,7.324695,5.84631
bass_4,s02,116,200,115,1,lj,1.531979,6.383624,5.362719
bass_4,s02,116,200,115,6,p2,6.861205368556105,5.084387764098903,4.0542932394837
bass_4,s02,116,200,115,6,pm,1.944666,7.65084,5.216786
bass_4,s02,116,200,115,8,quad,3.5604605525829176,5.912336986965833,5.507925826409488
bass_4,s02,116,200,115,7,so,4.342964,5.735069,5.541614
bass_4,s02,116,200,115,4,uro,3.08031,5.734645,4.728668
bass_4,s02,117,201,116,3,basi,2.434447,5.992334,4.916098
bass_4,s02,117,201,116,2,eye,3.846631,7.314741,5.848753
bass_4,s02,117,201,116,1,lj,1.53362,6.374554,5.362613
bass_4,s02,117,201,116,6,p2,6.8611016483128715,5.082323454675474,4.059405073287548
bass_4,s02,117,201,116,6,pm,1.941822,7.643404,5.219228
bass_4,s02,117,201,116,8,quad,3.568586190527863,5.897331442457024,5.494338164850884
bass_4,s02,117,201,116,7,so,4.34108,5.724763,5.541559
bass_4,s02,117,201,116,4,uro,3.08031,5.734645,4.728668
bass_4,s02,118,202,117,3,basi,2.432558,5.980286,4.916328
bass_4,s02,118,202,117,2,eye,3.844833,7.310027,5.84873
bass_4,s02,118,202,117,1,lj,1.533273,6.359971,5.36268
bass_4,s02,118,202,117,6,p2,6.861265082823647,5.080199006948523,4.064521022843284
bass_4,s02,118,202,117,6,pm,1.942163,7.636277,5.219234
bass_4,s02,118,202,117,8,quad,3.527852654628441,5.855323220604051,5.493468093104347
bass_4,s02,118,202,117,7,so,4.341153,5.719532,5.541513
bass_4,s02,118,202,117,4,uro,3.081605,5.731434,4.728651
bass_4,s02,119,203,118,3,basi,2.432821,5.974089,4.916374
bass_4,s02,119,203,118,2,eye,3.830676,7.305331,5.859481
bass_4,s02,119,203,118,1,lj,1.530478,6.347996,5.356786
bass_4,s02,119,203,118,6,p2,6.861361839515758,5.0779754990409645,4.070006664136002
bass_4,s02,119,203,118,6,pm,1.939555,7.633147,5.219418
bass_4,s02,119,203,118,8,quad,3.5715635191751316,5.901956260321549,5.510325894314718
bass_4,s02,119,203,118,7,so,4.339122,5.719687,5.54155
bass_4,s02,119,203,118,4,uro,3.081605,5.731434,4.728651
bass_4,s02,120,204,119,3,basi,2.432821,5.974089,4.916374
bass_4,s02,120,204,119,2,eye,3.820766,7.292903,5.864458
bass_4,s02,120,204,119,1,lj,1.531606,6.329643,5.390565
bass_4,s02,120,204,119,6,p2,6.861716991098828,5.075927369314125,4.074733192198628
bass_4,s02,120,204,119,6,pm,1.93251,7.622483,5.221944
bass_4,s02,120,204,119,8,quad,3.5943019277006254,5.9088249288979044,5.500256744581874
bass_4,s02,120,204,119,7,so,4.338972,5.719637,5.555797
bass_4,s02,120,204,119,4,uro,3.085617,5.741024,4.728859
bass_4,s02,121,205,120,3,basi,2.456717,5.957155,4.928625
bass_4,s02,121,205,120,2,eye,3.816506,7.292823,5.867072
bass_4,s02,121,205,120,1,lj,1.528301,6.326639,5.379051
bass_4,s02,121,205,120,6,p2,6.862091743996517,5.073500260230118,4.079544099653978
bass_4,s02,121,205,120,6,pm,1.927723,7.622181,5.221647
bass_4,s02,121,205,120,8,quad,3.563887035896502,5.8741575488927715,5.5368392588173725
bass_4,s02,121,205,120,7,so,4.338945,5.714376,5.565248
bass_4,s02,121,205,120,4,uro,3.089986,5.72558,4.747258
bass_4,s02,122,206,121,3,basi,2.434029,5.942338,4.945083
bass_4,s02,122,206,121,2,eye,3.815715,7.28025,5.880495
bass_4,s02,122,206,121,1,lj,1.527632,6.317972,5.379125
bass_4,s02,122,206,121,6,p2,6.862774318395853,5.071259615930731,4.084129311409066
bass_4,s02,122,206,121,6,pm,1.930138,7.600584,5.221574
bass_4,s02,122,206,121,8,quad,3.5327400300161873,5.945844230728869,5.523525729587707
bass_4,s02,122,206,121,7,so,4.338049,5.714159,5.569866
bass_4,s02,122,206,121,4,uro,3.097779,5.728601,4.747382
bass_4,s02,123,207,122,3,basi,2.433085,5.936317,4.945194
bass_4,s02,123,207,122,2,eye,3.814778,7.277721,5.885918
bass_4,s02,123,207,122,1,lj,1.528469,6.303096,5.384726
bass_4,s02,123,207,122,6,p2,6.863367281279952,5.069176761099561,4.088111021049822
bass_4,s02,123,207,122,6,pm,1.93048,7.593458,5.22158
bass_4,s02,123,207,122,8,quad,3.5740201721764735,5.903435538828463,5.500339843044835
bass_4,s02,123,207,122,7,so,4.338049,5.714159,5.569866
bass_4,s02,123,207,122,4,uro,3.101073,5.734215,4.765314
bass_4,s02,124,208,123,3,basi,2.436324,5.949047,4.957785
bass_4,s02,124,208,123,2,eye,3.813964,7.270391,5.888543
bass_4,s02,124,208,123,1,lj,1.528657,6.300042,5.39035
bass_4,s02,124,208,123,6,p2,6.863927486655183,5.067120214581034,4.092046410551212
bass_4,s02,124,208,123,6,pm,1.932211,7.586114,5.221495
bass_4,s02,124,208,123,8,quad,3.52654793293086,5.863381667744468,5.51691091370567
bass_4,s02,124,208,123,7,so,4.335022,5.714064,5.58402
bass_4,s02,124,208,123,4,uro,3.080754,5.716076,4.765163
bass_4,s02,125,209,124,3,basi,2.433421,5.958028,4.974024
bass_4,s02,125,209,124,2,eye,3.810486,7.265468,5.893886
bass_4,s02,125,209,124,1,lj,1.528845,6.296988,5.395973
bass_4,s02,125,209,124,6,p2,6.864454893897653,5.065123984796466,4.095741077613668
bass_4,s02,125,209,124,6,pm,1.931711,7.572398,5.221787
bass_4,s02,125,209,124,8,quad,3.595755717097642,5.859870082661524,5.514121629300377
bass_4,s02,125,209,124,7,so,4.331482,5.67779,5.583737
bass_4,s02,125,209,124,4,uro,3.092268,5.725185,4.769841
bass_4,s02,126,210,125,3,basi,2.434496,5.96095,4.973936
bass_4,s02,126,210,125,2,eye,3.803102,7.245978,5.896169
bass_4,s02,126,210,125,1,lj,1.524466,6.294537,5.413225
bass_4,s02,126,210,125,6,p2,6.864902339922823,5.0639791833796846,4.097783003490568
bass_4,s02,126,210,125,6,pm,1.933655,7.56527,5.22452
bass_4,s02,126,210,125,8,quad,3.5419996045653384,5.824986121930034,5.566221125660483
bass_4,s02,126,210,125,7,so,4.339747,5.666717,5.583487
bass_4,s02,126,210,125,4,uro,3.103374,5.709898,4.779359
bass_4,s02,127,211,126,3,basi,2.433962,5.973248,4.982083
bass_4,s02,127,211,126,2,eye,3.796469,7.245553,5.904055
bass_4,s02,127,211,126,1,lj,1.524466,6.294537,5.413225
bass_4,s02,127,211,126,6,p2,6.866334670694382,5.062602803833593,4.100315701766048
bass_4,s02,127,211,126,6,pm,1.927862,7.557647,5.234832
bass_4,s02,127,211,126,8,quad,3.5203717263559504,5.828248903755377,5.494434684928314
bass_4,s02,127,211,126,7,so,4.335688,5.667027,5.58356
bass_4,s02,127,211,126,4,uro,3.105166,5.69137,4.779493
bass_4,s02,128,212,127,3,basi,2.433699,5.979438,4.982046
bass_4,s02,128,212,127,2,eye,3.796469,7.245553,5.904055
bass_4,s02,128,212,127,1,lj,1.534756,6.295094,5.425203
bass_4,s02,128,212,127,6,p2,6.866554793777066,5.061886451199595,4.101375871129726
bass_4,s02,128,212,127,6,pm,1.926816,7.550741,5.234927
bass_4,s02,128,212,127,8,quad,3.528979857773151,5.84953120331235,5.568884909222632
bass_4,s02,128,212,127,7,so,4.337815,5.656409,5.588164
bass_4,s02,128,212,127,4,uro,3.114026,5.697292,4.784072
bass_4,s02,129,213,128,3,basi,2.43356,5.982448,4.990254
bass_4,s02,129,213,128,2,eye,3.801556,7.238349,5.90413
bass_4,s02,129,213,128,1,lj,1.52839,6.285831,5.419069
bass_4,s02,129,213,128,6,p2,6.866559580599585,5.0610520562332715,4.1030321508069285
bass_4,s02,129,213,128,6,pm,1.927158,7.543617,5.23493
bass_4,s02,129,213,128,8,quad,3.5461744987346773,5.789834195818919,5.530439667646555
bass_4,s02,129,213,128,7,so,4.342242,5.629971,5.587834
bass_4,s02,129,213,128,4,uro,3.122716,5.69668,4.788483
bass_4,s02,130,214,129,3,basi,2.431053,5.982174,5.002452
bass_4,s02,130,214,129,2,eye,3.801712,7.23102,5.904009
bass_4,s02,130,214,129,1,lj,1.529868,6.279726,5.418959
bass_4,s02,130,214,129,6,p2,6.866801449494201,5.06021260218222,4.104199492785104
bass_4,s02,130,214,129,6,pm,1.927671,7.532932,5.234936
bass_4,s02,130,214,129,8,quad,3.5682303100481647,5.836983053218824,5.550117842666318
bass_4,s02,130,214,129,7,so,4.34239,5.619521,5.58773
bass_4,s02,130,214,129,4,uro,3.123843,5.696481,4.802039
bass_4,s02,131,215,130,3,basi,2.430917,5.985225,5.006549
bass_4,s02,131,215,130,2,eye,NA,NA,NA
bass_4,s02,131,215,130,1,lj,NA,NA,NA
bass_4,s02,131,215,130,6,p2,6.867333109548654,5.061948312011385,4.101488565327181
bass_4,s02,131,215,130,6,pm,NA,NA,NA
bass_4,s02,131,215,130,8,quad,NA,NA,NA
bass_4,s02,131,215,130,7,so,4.333306,5.645479,5.597193
bass_4,s02,131,215,130,4,uro,3.126701,5.680863,4.806618
bass_4,s03,1,149,0,3,basi,NA,NA,NA
bass_4,s03,1,149,0,2,eye,8.451187,7.027035,4.210643
bass_4,s03,1,149,0,1,lj,6.69755,6.337427,3.417391
bass_4,s03,1,149,0,6,p2,11.7507328114713,6.190233692031725,2.77428848885599
bass_4,s03,1,149,0,6,pm,6.802038,6.876082,3.452219
bass_4,s03,1,149,0,8,quad,8.553571927743377,6.08475292485429,3.224883162668796
bass_4,s03,1,149,0,7,so,9.371514,6.053432,3.124647
bass_4,s03,1,149,0,4,uro,8.200553,6.218249,2.956118
bass_4,s03,2,150,1,3,basi,7.639239,6.244612,3.130176
bass_4,s03,2,150,1,2,eye,8.435166,7.017872,4.207486
bass_4,s03,2,150,1,1,lj,6.67078,6.320238,3.423906
bass_4,s03,2,150,1,6,p2,11.74466650847242,6.186345571043712,2.7743124755918305
bass_4,s03,2,150,1,6,pm,6.786378,6.862453,3.452655
bass_4,s03,2,150,1,8,quad,8.564689587190024,6.127647843223255,3.2138407074020914
bass_4,s03,2,150,1,7,so,9.306785,6.034343,3.139921
bass_4,s03,2,150,1,4,uro,8.16156,6.177864,2.962629
bass_4,s03,3,151,2,3,basi,7.610173,6.23864,3.134134
bass_4,s03,3,151,2,2,eye,8.397978,6.996978,4.207529
bass_4,s03,3,151,2,1,lj,6.639528,6.303094,3.424361
bass_4,s03,3,151,2,6,p2,11.738610479768829,6.1827960391080765,2.775910299579065
bass_4,s03,3,151,2,6,pm,6.757225,6.845261,3.459108
bass_4,s03,3,151,2,8,quad,8.5311532060868,6.125149533644808,3.149900091603393
bass_4,s03,3,151,2,7,so,9.295577,6.025259,3.138823
bass_4,s03,3,151,2,4,uro,8.146329,6.167779,2.96771
bass_4,s03,4,152,3,3,basi,7.566538,6.215287,3.134999
bass_4,s03,4,152,3,2,eye,8.363407,6.982318,4.210564
bass_4,s03,4,152,3,1,lj,6.618978,6.279612,3.425068
bass_4,s03,4,152,3,6,p2,11.732396242644477,6.180065962136063,2.7765437424067345
bass_4,s03,4,152,3,6,pm,6.711572,6.821596,3.465797
bass_4,s03,4,152,3,8,quad,8.571118365342523,6.073361362767043,3.236274871469069
bass_4,s03,4,152,3,7,so,9.282686,5.996637,3.139684
bass_4,s03,4,152,3,4,uro,8.09859,6.152622,2.9676
bass_4,s03,5,153,4,3,basi,7.536266,6.1946,3.135485
bass_4,s03,5,153,4,2,eye,8.339052,6.970471,4.219681
bass_4,s03,5,153,4,1,lj,6.57746,6.268604,3.419172
bass_4,s03,5,153,4,6,p2,11.725347675858318,6.17530608528188,2.7776123780917867
bass_4,s03,5,153,4,6,pm,6.6934380000000004,6.811592,3.459836
bass_4,s03,5,153,4,8,quad,8.541247468440064,6.0535817697480425,3.2287243052437575
bass_4,s03,5,153,4,7,so,9.255702,5.984385,3.145659
bass_4,s03,5,153,4,4,uro,8.079778,6.122242,2.969078
bass_4,s03,6,154,5,3,basi,7.50524,6.174306,3.136201
bass_4,s03,6,154,5,2,eye,8.311744,6.955287,4.222562
bass_4,s03,6,154,5,1,lj,6.545114,6.245361,3.419755
bass_4,s03,6,154,5,6,p2,11.713157561184152,6.169156738272422,2.7789818798902344
bass_4,s03,6,154,5,6,pm,6.652946,6.780915,3.460665
bass_4,s03,6,154,5,8,quad,8.486352755681517,6.032324971189091,3.220637057128004
bass_4,s03,6,154,5,7,so,9.220709,5.970343,3.150412
bass_4,s03,6,154,5,4,uro,8.057614,6.107632,2.979385
bass_4,s03,7,155,6,3,basi,7.478992,6.157157,3.14468
bass_4,s03,7,155,6,2,eye,8.282412,6.937069,4.228531
bass_4,s03,7,155,6,1,lj,6.521126,6.227961,3.42022
bass_4,s03,7,155,6,6,p2,11.698225353037117,6.160515122647198,2.7810573631188387
bass_4,s03,7,155,6,6,pm,6.634621,6.774137,3.466897
bass_4,s03,7,155,6,8,quad,8.425510347148279,6.032598397913212,3.2483687150024583
bass_4,s03,7,155,6,7,so,9.191197,5.955685,3.164543
bass_4,s03,7,155,6,4,uro,8.031236,6.087123,2.979895
bass_4,s03,8,156,7,3,basi,7.449591,6.143889,3.145116
bass_4,s03,8,156,7,2,eye,8.247997,6.922482,4.228566
bass_4,s03,8,156,7,1,lj,6.48508,6.210658,3.43237
bass_4,s03,8,156,7,6,p2,11.682000826971798,6.151330021286442,2.7832588076224116
bass_4,s03,8,156,7,6,pm,6.609778,6.753875,3.448845
bass_4,s03,8,156,7,8,quad,8.413555371128027,6.077365125825182,3.2447782337874655
bass_4,s03,8,156,7,7,so,9.170021,5.942336,3.174796
bass_4,s03,8,156,7,4,uro,8.001728,6.057139,2.986104
bass_4,s03,9,157,8,3,basi,7.410628,6.116606,3.141964
bass_4,s03,9,157,8,2,eye,8.220168,6.91051,4.234462
bass_4,s03,9,157,8,1,lj,6.457509,6.199261,3.438485
bass_4,s03,9,157,8,6,p2,11.66485151302422,6.142447114220398,2.784865497616516
bass_4,s03,9,157,8,6,pm,6.574999,6.73369,3.449416
bass_4,s03,9,157,8,8,quad,8.356912477620307,5.998853113539381,3.2446027281180454
bass_4,s03,9,157,8,7,so,9.137732,5.929612,3.175553
bass_4,s03,9,157,8,4,uro,7.980226,6.057376,2.985759
bass_4,s03,10,158,9,3,basi,7.399786,6.102675,3.146428
bass_4,s03,10,158,9,2,eye,8.186512,6.898813,4.234318
bass_4,s03,10,158,9,1,lj,6.43232,6.169854,3.439328
bass_4,s03,10,158,9,6,p2,11.646247168395988,6.131265163627882,2.786731126288547
bass_4,s03,10,158,9,6,pm,6.539624,6.720005,3.468055
bass_4,s03,10,158,9,8,quad,8.37016278751049,5.973307363397416,3.2065291391382913
bass_4,s03,10,158,9,7,so,9.111847,5.915471,3.16603
bass_4,s03,10,158,9,4,uro,7.949336,6.016794,2.987529
bass_4,s03,11,159,10,3,basi,7.376497,6.075415,3.147675
bass_4,s03,11,159,10,2,eye,8.163348,6.880121,4.237099
bass_4,s03,11,159,10,1,lj,6.3942310000000004,6.164808,3.439253
bass_4,s03,11,159,10,6,p2,11.626718340036696,6.120798241375627,2.789786062369107
bass_4,s03,11,159,10,6,pm,6.509851,6.703207,3.462256
bass_4,s03,11,159,10,8,quad,8.340218174155096,5.993684936804264,3.230111982000921
bass_4,s03,11,159,10,7,so,9.091003,5.901667,3.171218
bass_4,s03,11,159,10,4,uro,7.920849,6.007384,2.987947
bass_4,s03,12,160,11,3,basi,7.332973,6.055351,3.144235
bass_4,s03,12,160,11,2,eye,8.136602,6.862562,4.24049
bass_4,s03,12,160,11,1,lj,6.372508,6.147331,3.44566
bass_4,s03,12,160,11,6,p2,11.60509949019407,6.108670198134217,2.7919870753733207
bass_4,s03,12,160,11,6,pm,6.473885,6.696873,3.468364
bass_4,s03,12,160,11,8,quad,8.312155115469169,5.944664483289941,3.2336127836279847
bass_4,s03,12,160,11,7,so,9.061025,5.880527,3.18596
bass_4,s03,12,160,11,4,uro,7.901368,6.007716,2.987706
bass_4,s03,13,161,12,3,basi,7.313014,6.031112,3.145089
bass_4,s03,13,161,12,2,eye,8.11196,6.853624,4.246344
bass_4,s03,13,161,12,1,lj,6.338927,6.118236,3.446509
bass_4,s03,13,161,12,6,p2,11.582587811595424,6.096183033434415,2.7944972549032876
bass_4,s03,13,161,12,6,pm,6.438023,6.680254,3.46258
bass_4,s03,13,161,12,8,quad,8.261322192818351,5.936523719676936,3.2448094186551675
bass_4,s03,13,161,12,7,so,9.025664,5.861045,3.182357
bass_4,s03,13,161,12,4,uro,7.874011,5.982363,2.988636
bass_4,s03,14,162,13,3,basi,7.295896,6.010439,3.145888
bass_4,s03,14,162,13,2,eye,8.086174,6.841688,4.246243
bass_4,s03,14,162,13,1,lj,6.315783,6.088926,3.453413
bass_4,s03,14,162,13,6,p2,11.559522776914504,6.083473570722947,2.7978916363442585
bass_4,s03,14,162,13,6,pm,6.421619,6.662797,3.46908
bass_4,s03,14,162,13,8,quad,8.257941527658371,5.906422450461139,3.2850085644198623
bass_4,s03,14,162,13,7,so,9.001878,5.845929,3.2010710000000002
bass_4,s03,14,162,13,4,uro,7.840489,5.952139,2.999313
bass_4,s03,15,163,14,3,basi,7.277321,5.98624,3.1468
bass_4,s03,15,163,14,2,eye,8.050301,6.833376,4.246156
bass_4,s03,15,163,14,1,lj,6.282143,6.059764,3.460137
bass_4,s03,15,163,14,6,p2,11.535742794376834,6.07030050268647,2.8008916695654253
bass_4,s03,15,163,14,6,pm,6.392934,6.663181,3.47483
bass_4,s03,15,163,14,8,quad,8.203540538119384,5.89894046950456,3.2339923621622586
bass_4,s03,15,163,14,7,so,8.975823,5.83919,3.205793
bass_4,s03,15,163,14,4,uro,7.800914,5.932303,2.995195
bass_4,s03,16,164,15,3,basi,7.252462,5.958743,3.14786
bass_4,s03,16,164,15,2,eye,8.020054,6.821222,4.254873
bass_4,s03,16,164,15,1,lj,6.240534,6.036746,3.460616
bass_4,s03,16,164,15,6,p2,11.512071584804945,6.057314873430082,2.804618444592099
bass_4,s03,16,164,15,6,pm,6.366883,6.649654,3.475054
bass_4,s03,16,164,15,8,quad,8.223037135370099,5.898205570208836,3.3367293779036036
bass_4,s03,16,164,15,7,so,8.957853,5.826661,3.202177
bass_4,s03,16,164,15,4,uro,7.770103,5.912509,2.996032
bass_4,s03,17,165,16,3,basi,7.230549,5.948602,3.148071
bass_4,s03,17,165,16,2,eye,7.993367,6.803219,4.257974
bass_4,s03,17,165,16,1,lj,6.214301,5.995642,3.450211
bass_4,s03,17,165,16,6,p2,11.487847197086234,6.044438483207023,2.80786295313265
bass_4,s03,17,165,16,6,pm,6.330994,6.650483,3.468494
bass_4,s03,17,165,16,8,quad,8.161084688210257,5.844305324861827,3.25967188913792
bass_4,s03,17,165,16,7,so,8.920539,5.820463,3.202174
bass_4,s03,17,165,16,4,uro,7.731809,5.882371,3.006624
bass_4,s03,18,166,17,3,basi,7.195655,5.910953,3.141644
bass_4,s03,18,166,17,2,eye,7.962518,6.788234,4.263873
bass_4,s03,18,166,17,1,lj,6.188301,5.978307,3.444743
bass_4,s03,18,166,17,6,p2,11.463396513967911,6.031111953928889,2.811311890284483
bass_4,s03,18,166,17,6,pm,6.301276,6.640555,3.468568
bass_4,s03,18,166,17,8,quad,8.138414659986486,5.835663345642775,3.3089647746086595
bass_4,s03,18,166,17,7,so,8.899807,5.798751,3.202388
bass_4,s03,18,166,17,4,uro,7.698263,5.872441,3.006605
bass_4,s03,19,167,18,3,basi,7.163116,5.887025,3.154351
bass_4,s03,19,167,18,2,eye,7.927605,6.776736,4.269848
bass_4,s03,19,167,18,1,lj,6.166586,5.943002,3.445961
bass_4,s03,19,167,18,6,p2,11.438578582157046,6.018246819075112,2.815019380747753
bass_4,s03,19,167,18,6,pm,6.266728,6.630965,3.456314
bass_4,s03,19,167,18,8,quad,8.07612478251637,5.806897863378951,3.2812360879564837
bass_4,s03,19,167,18,7,so,8.866905,5.777879,3.221924
bass_4,s03,19,167,18,4,uro,7.668422,5.857506,3.01173
bass_4,s03,20,168,19,3,basi,7.135542,5.85607,3.167461
bass_4,s03,20,168,19,2,eye,7.902748,6.773826,4.272424
bass_4,s03,20,168,19,1,lj,6.143044,5.943458,3.445694
bass_4,s03,20,168,19,6,p2,11.413497161766086,6.004911738431174,2.8176134296445925
bass_4,s03,20,168,19,6,pm,6.231982,6.624639,3.456201
bass_4,s03,20,168,19,8,quad,8.08511107162614,5.829003701741597,3.3022531612227017
bass_4,s03,20,168,19,7,so,8.809198,5.766358,3.218018
bass_4,s03,20,168,19,4,uro,7.653112,5.837219,3.012606
bass_4,s03,21,169,20,3,basi,7.10082,5.839161,3.167839
bass_4,s03,21,169,20,2,eye,7.878064,6.761815,4.278324
bass_4,s03,21,169,20,1,lj,6.092141,5.91471,3.440472
bass_4,s03,21,169,20,6,p2,11.389065121748995,5.991948557865509,2.8216439476367445
bass_4,s03,21,169,20,6,pm,6.215939,6.610982,3.450333
bass_4,s03,21,169,20,8,quad,8.033599464177023,5.851761817744312,3.285866233497889
bass_4,s03,21,169,20,7,so,8.788225,5.759471,3.241841
bass_4,s03,21,169,20,4,uro,7.613897,5.809007,3.018334
bass_4,s03,22,170,21,3,basi,7.076184,5.811692,3.164934
bass_4,s03,22,170,21,2,eye,7.855478,6.752916,4.278191
bass_4,s03,22,170,21,1,lj,6.04732,5.879947,3.42385
bass_4,s03,22,170,21,6,p2,11.364010286902982,5.97848711911625,2.8240021871978036
bass_4,s03,22,170,21,6,pm,6.182688,6.604971,3.433349
bass_4,s03,22,170,21,8,quad,8.015524362274686,5.755195460543197,3.298377454622997
bass_4,s03,22,170,21,7,so,8.753055,5.746381,3.251838
bass_4,s03,22,170,21,4,uro,7.573936,5.773764,3.015021
bass_4,s03,23,171,22,3,basi,7.056597,5.787618,3.169856
bass_4,s03,23,171,22,2,eye,7.827809,6.740967,4.28405
bass_4,s03,23,171,22,1,lj,6.023468,5.85061,3.4248
bass_4,s03,23,171,22,6,p2,11.338661422839426,5.964954242181875,2.8263699780126315
bass_4,s03,23,171,22,6,pm,6.141676,6.602381,3.426887
bass_4,s03,23,171,22,8,quad,8.044892522362115,5.788274839555807,3.331938241422193
bass_4,s03,23,171,22,7,so,8.741167,5.73194,3.252015
bass_4,s03,23,171,22,4,uro,7.537628,5.759363,3.02031
bass_4,s03,24,172,23,3,basi,7.031998,5.760145,3.166955
bass_4,s03,24,172,23,2,eye,7.799839,6.732401,4.28399
bass_4,s03,24,172,23,1,lj,5.989308,5.82746,3.419519
bass_4,s03,24,172,23,6,p2,11.313539738917866,5.951810195892547,2.828603077845306
bass_4,s03,24,172,23,6,pm,6.105905,6.582152,3.421238
bass_4,s03,24,172,23,8,quad,7.90491951179818,5.750658671328785,3.3114847665258176
bass_4,s03,24,172,23,7,so,8.7125,5.731975,3.265704
bass_4,s03,24,172,23,4,uro,7.497713,5.734314,3.030498
bass_4,s03,25,173,24,3,basi,7.005014,5.732767,3.164069
bass_4,s03,25,173,24,2,eye,7.767586,6.7237730000000004,4.286797
bass_4,s03,25,173,24,1,lj,5.964367,5.792188,3.420684
bass_4,s03,25,173,24,6,p2,11.287879365274632,5.936716505093706,2.829915483621815
bass_4,s03,25,173,24,6,pm,6.083514,6.575663,3.415049
bass_4,s03,25,173,24,8,quad,7.951004063032522,5.68326295023336,3.3190077735440693
bass_4,s03,25,173,24,7,so,8.673918,5.705105,3.271655
bass_4,s03,25,173,24,4,uro,7.472909,5.714215,3.026575
bass_4,s03,26,174,25,3,basi,6.957478,5.702119,3.161018
bass_4,s03,26,174,25,2,eye,7.743782,6.718143,4.292702
bass_4,s03,26,174,25,1,lj,5.937081,5.768886,3.421368
bass_4,s03,26,174,25,6,p2,11.262601452907631,5.92254993393398,2.8306668105888244
bass_4,s03,26,174,25,6,pm,6.055344,6.555051,3.421759
bass_4,s03,26,174,25,8,quad,7.917752942708004,5.706777670194435,3.312499574111343
bass_4,s03,26,174,25,7,so,8.644623,5.692461,3.272492
bass_4,s03,26,174,25,4,uro,7.43647,5.699334,3.026865
bass_4,s03,27,175,26,3,basi,6.929006,5.671208,3.162203
bass_4,s03,27,175,26,2,eye,7.720319,6.702808,4.295519
bass_4,s03,27,175,26,1,lj,5.895598,5.727985,3.422623
bass_4,s03,27,175,26,6,p2,11.23670446425979,5.908009225176778,2.830506374619124
bass_4,s03,27,175,26,6,pm,6.019924,6.56319,3.396552
bass_4,s03,27,175,26,8,quad,7.806736508235191,5.6744491969819535,3.317738697225159
bass_4,s03,27,175,26,7,so,8.60711,5.68574,3.286445
bass_4,s03,27,175,26,4,uro,7.394239,5.684729,3.031876
bass_4,s03,28,176,27,3,basi,6.9057,5.654078,3.162712
bass_4,s03,28,176,27,2,eye,7.685413,6.690873,4.304195
bass_4,s03,28,176,27,1,lj,5.868365,5.704676,3.423304
bass_4,s03,28,176,27,6,p2,11.21099371865976,5.893154277383289,2.830066750771034
bass_4,s03,28,176,27,6,pm,5.990276,6.563644,3.402332
bass_4,s03,28,176,27,8,quad,7.794830215070629,5.695847970471906,3.3607344326461717
bass_4,s03,28,176,27,7,so,8.578299,5.679243,3.2912
bass_4,s03,28,176,27,4,uro,7.36131,5.64945,3.028711
bass_4,s03,29,177,28,3,basi,6.872043,5.640945,3.155256
bass_4,s03,29,177,28,2,eye,7.661082,6.682089,4.304084
bass_4,s03,29,177,28,1,lj,5.83879,5.675461,3.4242
bass_4,s03,29,177,28,6,p2,11.18517864817639,5.877867481230144,2.8282678108343697
bass_4,s03,29,177,28,6,pm,5.9513,6.561018,3.395843
bass_4,s03,29,177,28,8,quad,7.753030252989831,5.637591549891687,3.311986834354737
bass_4,s03,29,177,28,7,so,8.54831,5.651661,3.301652
bass_4,s03,29,177,28,4,uro,7.335809,5.618617,3.029705
bass_4,s03,30,178,29,3,basi,6.849782,5.613345,3.160246
bass_4,s03,30,178,29,2,eye,7.630081,6.673508,4.30694
bass_4,s03,30,178,29,1,lj,5.789417,5.628794,3.41397
bass_4,s03,30,178,29,6,p2,11.159845186878671,5.862125599655811,2.826093805850495
bass_4,s03,30,178,29,6,pm,5.91979,6.557924,3.407839
bass_4,s03,30,178,29,8,quad,7.7471486501555376,5.683223734740737,3.337661370397528
bass_4,s03,30,178,29,7,so,8.512782,5.631517,3.316639
bass_4,s03,30,178,29,4,uro,7.320649,5.598338,3.030579
bass_4,s03,31,179,30,3,basi,6.806212,5.579236,3.165377
bass_4,s03,31,179,30,2,eye,7.6037,6.661613,4.312836
bass_4,s03,31,179,30,1,lj,5.763405,5.593567,3.415165
bass_4,s03,31,179,30,6,p2,11.134025739117329,5.847211611972168,2.8225803299520624
bass_4,s03,31,179,30,6,pm,5.880265,6.565817,3.400979
bass_4,s03,31,179,30,8,quad,7.700160327137018,5.61532666357273,3.3270224113142803
bass_4,s03,31,179,30,7,so,8.475839,5.632281,3.321016
bass_4,s03,31,179,30,4,uro,7.29182,5.578121,3.031185
bass_4,s03,32,180,31,3,basi,6.767801,5.545065,3.170581
bass_4,s03,32,180,31,2,eye,7.58113,6.655688,4.318566
bass_4,s03,32,180,31,1,lj,5.743313,5.564186,3.41618
bass_4,s03,32,180,31,6,p2,11.108283322887296,5.832257852657421,2.8183457718337537
bass_4,s03,32,180,31,6,pm,5.850359,6.566801,3.382228
bass_4,s03,32,180,31,8,quad,7.691734879948037,5.587469591972877,3.3379183927197675
bass_4,s03,32,180,31,7,so,8.443449,5.604153,3.326296
bass_4,s03,32,180,31,4,uro,7.262693,5.547643,3.032319
bass_4,s03,33,181,32,3,basi,6.730827,5.507305,3.156283
bass_4,s03,33,181,32,2,eye,7.552465,6.646799,4.324282
bass_4,s03,33,181,32,1,lj,5.718487,5.517066,3.417895
bass_4,s03,33,181,32,6,p2,11.083479117155548,5.818918046521372,2.811679574489951
bass_4,s03,33,181,32,6,pm,5.818022,6.570857,3.387837
bass_4,s03,33,181,32,8,quad,7.653918306440373,5.629062965845766,3.3305370460362305
bass_4,s03,33,181,32,7,so,8.417621,5.604438,3.340129
bass_4,s03,33,181,32,4,uro,7.226941,5.512502,3.033848
bass_4,s03,34,182,33,3,basi,6.718552,5.479487,3.161342
bass_4,s03,34,182,33,2,eye,7.514388,6.641059,4.326735
bass_4,s03,34,182,33,1,lj,5.675003,5.487946,3.407016
bass_4,s03,34,182,33,6,p2,11.05861877748113,5.804642674348398,2.8051547408268864
bass_4,s03,34,182,33,6,pm,5.803923,6.578288,3.38126
bass_4,s03,34,182,33,8,quad,7.658531779664907,5.545853674693571,3.3350630740578
bass_4,s03,34,182,33,7,so,8.398522,5.569794,3.355788
bass_4,s03,34,182,33,4,uro,7.19383,5.497931,3.034402
bass_4,s03,35,183,34,3,basi,6.690345,5.433589,3.163332
bass_4,s03,35,183,34,2,eye,7.475756,6.636089,4.329658
bass_4,s03,35,183,34,1,lj,5.631577,5.453058,3.40803
bass_4,s03,35,183,34,6,p2,11.034256252328362,5.791713360876059,2.7972107735631107
bass_4,s03,35,183,34,6,pm,5.773625,6.568067,3.399724
bass_4,s03,35,183,34,8,quad,7.571353907531982,5.556168238890189,3.3435254977700866
bass_4,s03,35,183,34,7,so,8.366741,5.556512,3.356154
bass_4,s03,35,183,34,4,uro,7.167657,5.45747,3.036297
bass_4,s03,36,184,35,3,basi,6.670534,5.399805,3.160842
bass_4,s03,36,184,35,2,eye,7.451398,6.627245,4.332501
bass_4,s03,36,184,35,1,lj,5.604473,5.411852,3.409462
bass_4,s03,36,184,35,6,p2,11.00964830803196,5.778860789384825,2.7879978073657603
bass_4,s03,36,184,35,6,pm,5.746154,6.575715,3.399135
bass_4,s03,36,184,35,8,quad,7.547682966552287,5.509618039956343,3.3507863312008443
bass_4,s03,36,184,35,7,so,8.343598,5.542609,3.356343
bass_4,s03,36,184,35,4,uro,7.140799,5.411495,3.047479
bass_4,s03,37,185,36,3,basi,6.631478,5.357058,3.15469
bass_4,s03,37,185,36,2,eye,7.42713,6.621186,4.335092
bass_4,s03,37,185,36,1,lj,5.580997,5.364634,3.405408
bass_4,s03,37,185,36,6,p2,10.98620326661376,5.768233155527589,2.7787904424898144
bass_4,s03,37,185,36,6,pm,5.705687,6.573922,3.411045
bass_4,s03,37,185,36,8,quad,7.554459292507156,5.5699679895304355,3.4386894629783935
bass_4,s03,37,185,36,7,so,8.31177,5.543302,3.379732
bass_4,s03,37,185,36,4,uro,7.102257,5.376478,3.053637
bass_4,s03,38,186,37,3,basi,6.604633,5.335667,3.155329
bass_4,s03,38,186,37,2,eye,7.393846,6.618873,4.343811
bass_4,s03,38,186,37,1,lj,5.542325,5.329602,3.406467
bass_4,s03,38,186,37,6,p2,10.963014225937425,5.759178785499245,2.764610689879423
bass_4,s03,38,186,37,6,pm,5.678381,6.568715,3.435451
bass_4,s03,38,186,37,8,quad,7.538424339683975,5.4468141509403845,3.375371612239905
bass_4,s03,38,186,37,7,so,8.282459,5.529407,3.398722
bass_4,s03,38,186,37,4,uro,7.072444,5.341057,3.050485
bass_4,s03,39,187,38,3,basi,6.570315,5.292953,3.157131
bass_4,s03,39,187,38,2,eye,7.374364,6.623589,4.35232
bass_4,s03,39,187,38,1,lj,5.506066,5.282548,3.402269
bass_4,s03,39,187,38,6,p2,10.94005702786372,5.748303074067676,2.754890194563489
bass_4,s03,39,187,38,6,pm,5.66018,6.569092,3.44141
bass_4,s03,39,187,38,8,quad,7.443571994623429,5.4615720089931665,3.427755027901387
bass_4,s03,39,187,38,7,so,8.244245,5.509494,3.413658
bass_4,s03,39,187,38,4,uro,7.053427,5.315971,3.06096
bass_4,s03,40,188,39,3,basi,6.533424,5.250184,3.1666
bass_4,s03,40,188,39,2,eye,7.344037,6.621602,4.358097
bass_4,s03,40,188,39,1,lj,5.480334,5.247338,3.403496
bass_4,s03,40,188,39,6,p2,10.916914907173016,5.73821012539962,2.7446898465174594
bass_4,s03,40,188,39,6,pm,5.610626,6.570527,3.416354
bass_4,s03,40,188,39,8,quad,7.4541321588443,5.425678587140516,3.449793486337837
bass_4,s03,40,188,39,7,so,8.214932,5.488263,3.427987
bass_4,s03,40,188,39,4,uro,7.025421,5.275471,3.062758
bass_4,s03,41,189,40,3,basi,6.505604,5.228945,3.163435
bass_4,s03,41,189,40,2,eye,7.316872,6.611169,4.357973
bass_4,s03,41,189,40,1,lj,5.439491,5.218336,3.404296
bass_4,s03,41,189,40,6,p2,10.894593645404589,5.728827038310914,2.734079788465851
bass_4,s03,41,189,40,6,pm,5.563695,6.587522,3.415253
bass_4,s03,41,189,40,8,quad,7.3654099168524745,5.425658778064738,3.4616823303415365
bass_4,s03,41,189,40,7,so,8.185405,5.474407,3.456397
bass_4,s03,41,189,40,4,uro,6.995039,5.250476,3.063789
bass_4,s03,42,190,41,3,basi,6.484678,5.192043,3.161089
bass_4,s03,42,190,41,2,eye,7.284983,6.60083,4.360789
bass_4,s03,42,190,41,1,lj,5.41871,5.1768980000000004,3.388547
bass_4,s03,42,190,41,6,p2,10.872613614430104,5.719570128658383,2.7245745562438586
bass_4,s03,42,190,41,6,pm,5.527869,6.577744,3.402975
bass_4,s03,42,190,41,8,quad,7.381273931282459,5.337073395875449,3.4365345245433296
bass_4,s03,42,190,41,7,so,8.142129,5.468563,3.475321
bass_4,s03,42,190,41,4,uro,6.966965,5.214746,3.060493
bass_4,s03,43,191,42,3,basi,6.452292,5.174016,3.153886
bass_4,s03,43,191,42,2,eye,7.2548,6.601169,4.366242
bass_4,s03,43,191,42,1,lj,5.377902,5.124066,3.390372
bass_4,s03,43,191,42,6,p2,10.850595982684446,5.710118984102403,2.715047382994923
bass_4,s03,43,191,42,6,pm,5.481256,6.584074,3.402275
bass_4,s03,43,191,42,8,quad,7.340827129026885,5.353449777307414,3.4558727667690867
bass_4,s03,43,191,42,7,so,8.104552,5.447981,3.480341
bass_4,s03,43,191,42,4,uro,6.939261,5.211126,3.074372
bass_4,s03,44,192,43,3,basi,6.425257,5.137233,3.159235
bass_4,s03,44,192,43,2,eye,7.224077,6.596282,4.371955
bass_4,s03,44,192,43,1,lj,5.357207,5.10046,3.373919
bass_4,s03,44,192,43,6,p2,10.828393253667494,5.699660817718092,2.708788197714748
bass_4,s03,44,192,43,6,pm,5.440039,6.59041,3.401694
bass_4,s03,44,192,43,8,quad,7.312835858300047,5.338047108180929,3.4773417022498894
bass_4,s03,44,192,43,7,so,8.075661,5.441178,3.498999
bass_4,s03,44,192,43,4,uro,6.910982,5.193712,3.075181
bass_4,s03,45,193,44,3,basi,6.379644,5.106966,3.148595
bass_4,s03,45,193,44,2,eye,7.202824,6.593894,4.374698
bass_4,s03,45,193,44,1,lj,5.333935,5.071115,3.374939
bass_4,s03,45,193,44,6,p2,10.806515436868056,5.688776838592622,2.70257274408962
bass_4,s03,45,193,44,6,pm,5.401334,6.591388,3.395176
bass_4,s03,45,193,44,8,quad,7.271327272360263,5.3055842380730915,3.5169023344577512
bass_4,s03,45,193,44,7,so,8.051859,5.435023,3.527592
bass_4,s03,45,193,44,4,uro,6.865904,5.16273,3.085556
bass_4,s03,46,194,45,3,basi,6.357841,5.091759,3.14904
bass_4,s03,46,194,45,2,eye,7.165739,6.59466,4.383251
bass_4,s03,46,194,45,1,lj,5.302561,5.036021,3.376148
bass_4,s03,46,194,45,6,p2,10.7848697831811,5.677911520613008,2.6979188391329227
bass_4,s03,46,194,45,6,pm,5.371676,6.596954,3.419196
bass_4,s03,46,194,45,8,quad,7.200516928131054,5.284702038436291,3.5057504351554174
bass_4,s03,46,194,45,7,so,8.013808,5.414811,3.546936
bass_4,s03,46,194,45,4,uro,6.826628,5.163455,3.075947
bass_4,s03,47,195,46,3,basi,6.332159,5.070647,3.165355
bass_4,s03,47,195,46,2,eye,7.144566,6.595013,4.385942
bass_4,s03,47,195,46,1,lj,5.272446,5.000695,3.371585
bass_4,s03,47,195,46,6,p2,10.763091352941744,5.6666132660114235,2.694394129493766
bass_4,s03,47,195,46,6,pm,5.319934,6.608371,3.424257
bass_4,s03,47,195,46,8,quad,7.268834679853615,5.2812041479814695,3.516307506620963
bass_4,s03,47,195,46,7,so,7.981672,5.400908,3.57514
bass_4,s03,47,195,46,4,uro,6.798485,5.132018,3.072642
bass_4,s03,48,196,47,3,basi,6.309444,5.043061,3.150991
bass_4,s03,48,196,47,2,eye,7.120212,6.586734,4.394435
bass_4,s03,48,196,47,1,lj,5.243436,4.989329,3.3717800000000002
bass_4,s03,48,196,47,6,p2,10.741221313155046,5.654607607625077,2.69180162254891
bass_4,s03,48,196,47,6,pm,5.283197,6.635643,3.422801
bass_4,s03,48,196,47,8,quad,7.204041942342502,5.258467032829709,3.538431543067329
bass_4,s03,48,196,47,7,so,7.947093,5.386879,3.593766
bass_4,s03,48,196,47,4,uro,6.779372,5.104506,3.059736
bass_4,s03,49,197,48,3,basi,6.268832,5.025132,3.143719
bass_4,s03,49,197,48,2,eye,7.091795,6.590053,4.403031
bass_4,s03,49,197,48,1,lj,5.220361,4.94206,3.367863
bass_4,s03,49,197,48,6,p2,10.719278014457409,5.641999820557029,2.6900514449224846
bass_4,s03,49,197,48,6,pm,5.227201,6.647703,3.409528
bass_4,s03,49,197,48,8,quad,7.166705292962574,5.249840584297653,3.52558316631924
bass_4,s03,49,197,48,7,so,7.931669,5.373531,3.617908
bass_4,s03,49,197,48,4,uro,6.751032,5.095731,3.055201
bass_4,s03,50,198,49,3,basi,6.218435,5.004281,3.144189
bass_4,s03,50,198,49,2,eye,7.048929,6.593329,4.40524
bass_4,s03,50,198,49,1,lj,5.17529,4.942605,3.355868
bass_4,s03,50,198,49,6,p2,10.69712739879254,5.628928157586827,2.689757165184217
bass_4,s03,50,198,49,6,pm,5.202181,6.648497,3.397008
bass_4,s03,50,198,49,8,quad,7.163367424450167,5.261156619069435,3.5754531420154634
bass_4,s03,50,198,49,7,so,7.896202,5.360841,3.651396
bass_4,s03,50,198,49,4,uro,6.725051,5.078132,3.037655
bass_4,s03,51,199,50,3,basi,6.201187,4.979787,3.152905
bass_4,s03,51,199,50,2,eye,7.026361,6.588413,4.414126
bass_4,s03,51,199,50,1,lj,5.143975,4.907577,3.362815
bass_4,s03,51,199,50,6,p2,10.675263648543982,5.615832921507294,2.6898775006563245
bass_4,s03,51,199,50,6,pm,5.160262,6.664844,3.40188
bass_4,s03,51,199,50,8,quad,7.0612326600670805,5.233367302114461,3.556292646598569
bass_4,s03,51,199,50,7,so,7.864836,5.368889,3.669916
bass_4,s03,51,199,50,4,uro,6.703805,5.060084,3.038239
bass_4,s03,52,200,51,3,basi,6.170292,4.967829,3.141566
bass_4,s03,52,200,51,2,eye,6.999264,6.586044,4.422721
bass_4,s03,52,200,51,1,lj,5.108053,4.902159,3.362627
bass_4,s03,52,200,51,6,p2,10.653189342994912,5.602082037753787,2.69040172755026
bass_4,s03,52,200,51,6,pm,5.117682,6.671037,3.4012
bass_4,s03,52,200,51,8,quad,7.075276225453182,5.231579913374723,3.6257447948048767
bass_4,s03,52,200,51,7,so,7.828866,5.349209,3.713055
bass_4,s03,52,200,51,4,uro,6.687512,5.041674,3.034144
bass_4,s03,53,201,52,3,basi,6.122406,4.950135,3.14584
bass_4,s03,53,201,52,2,eye,6.968041,6.591774,4.433983
bass_4,s03,53,201,52,1,lj,5.081491,4.872804,3.363598
bass_4,s03,53,201,52,6,p2,10.630739629635436,5.587999294376069,2.6911965958045077
bass_4,s03,53,201,52,6,pm,5.082953,6.671715,3.400797
bass_4,s03,53,201,52,8,quad,7.035184578909386,5.202611980824433,3.6250520149206276
bass_4,s03,53,201,52,7,so,7.797376,5.33567,3.717804
bass_4,s03,53,201,52,4,uro,6.66117,5.019602,3.030625
bass_4,s03,54,202,53,3,basi,6.087973,4.938233,3.134476
bass_4,s03,54,202,53,2,eye,6.939224,6.592228,4.442539
bass_4,s03,54,202,53,1,lj,5.042058,4.870341,3.357585
bass_4,s03,54,202,53,6,p2,10.607876943895295,5.573409147385508,2.692220063946776
bass_4,s03,54,202,53,6,pm,5.053707,6.677898,3.394199
bass_4,s03,54,202,53,8,quad,6.987107580439849,5.181599762840503,3.6109831331743156
bass_4,s03,54,202,53,7,so,7.756016,5.315763,3.760605
bass_4,s03,54,202,53,4,uro,6.618002,5.001938,3.035538
bass_4,s03,55,203,54,3,basi,6.063948,4.932538,3.142244
bass_4,s03,55,203,54,2,eye,6.907147,6.5899,4.451032
bass_4,s03,55,203,54,1,lj,5.004837,4.865765,3.351745
bass_4,s03,55,203,54,6,p2,10.585683125548629,5.5592101968240515,2.693496006432672
bass_4,s03,55,203,54,6,pm,5.020822,6.678918,3.381615
bass_4,s03,55,203,54,8,quad,6.955321481422583,5.216477730376406,3.664788135671607
bass_4,s03,55,203,54,7,so,7.713385,5.316607,3.778975
bass_4,s03,55,203,54,4,uro,6.593929,4.988755,3.031458
bass_4,s03,56,204,55,3,basi,6.030689,4.923806,3.138501
bass_4,s03,56,204,55,2,eye,6.875432,6.585338,4.453916
bass_4,s03,56,204,55,1,lj,4.973902,4.8555,3.34042
bass_4,s03,56,204,55,6,p2,10.563092538991087,5.544573199680026,2.694564690561384
bass_4,s03,56,204,55,6,pm,4.97579,6.685443,3.381053
bass_4,s03,56,204,55,8,quad,6.898412878807377,5.155822715734087,3.709724033321508
bass_4,s03,56,204,55,7,so,7.663996,5.304414,3.807645
bass_4,s03,56,204,55,4,uro,6.565737,4.984565,3.026741
bass_4,s03,57,205,56,3,basi,5.968724,4.900006,3.131315
bass_4,s03,57,205,56,2,eye,6.845026,6.585692,4.456367
bass_4,s03,57,205,56,1,lj,4.940866,4.84011,3.33504
bass_4,s03,57,205,56,6,p2,10.540177937306668,5.529655389527187,2.6955424543456803
bass_4,s03,57,205,56,6,pm,4.945091,6.701821,3.379972
bass_4,s03,57,205,56,8,quad,6.84363423459781,5.140131654499812,3.705638257400341
bass_4,s03,57,205,56,7,so,7.607291,5.277028,3.802871
bass_4,s03,57,205,56,4,uro,6.532544,4.966939,3.018223
bass_4,s03,58,206,57,3,basi,5.926838,4.885285,3.135467
bass_4,s03,58,206,57,2,eye,6.820428,6.580764,4.462189
bass_4,s03,58,206,57,1,lj,4.909196,4.835445,3.32928
bass_4,s03,58,206,57,6,p2,10.517426525670412,5.514831081920213,2.6964830536171465
bass_4,s03,58,206,57,6,pm,4.908505,6.70829,3.360956
bass_4,s03,58,206,57,8,quad,6.811392802660117,5.136603739823915,3.7150598034261937
bass_4,s03,58,206,57,7,so,7.581038,5.255795,3.830965
bass_4,s03,58,206,57,4,uro,6.493369,4.949149,3.004934
bass_4,s03,59,207,58,3,basi,5.899236,4.873455,3.14349
bass_4,s03,59,207,58,2,eye,6.796151,6.581155,4.461823
bass_4,s03,59,207,58,1,lj,4.856018,4.846734,3.316771
bass_4,s03,59,207,58,6,p2,10.49522493156378,5.500112213331794,2.6974250696960462
bass_4,s03,59,207,58,6,pm,4.858276,6.708943,3.372604
bass_4,s03,59,207,58,8,quad,6.774672573946097,5.176555930612175,3.703527898536072
bass_4,s03,59,207,58,7,so,7.554494,5.242618,3.85946
bass_4,s03,59,207,58,4,uro,6.470676,4.949448,3.00918
bass_4,s03,60,208,59,3,basi,5.873036,4.864551,3.135933
bass_4,s03,60,208,59,2,eye,6.765962,6.581818,4.467483
bass_4,s03,60,208,59,1,lj,4.826331,4.842028,3.316702
bass_4,s03,60,208,59,6,p2,10.472643384430071,5.48530109447628,2.6982550689183777
bass_4,s03,60,208,59,6,pm,4.827695,6.725539,3.359229
bass_4,s03,60,208,59,8,quad,6.723226295880502,5.108085717869231,3.715309324702684
bass_4,s03,60,208,59,7,so,7.499442,5.216524,3.878954
bass_4,s03,60,208,59,4,uro,6.435712,4.945647,3.013666
bass_4,s03,61,209,60,3,basi,5.857624,4.861718,3.135925
bass_4,s03,61,209,60,2,eye,6.737971,6.579558,4.470124
bass_4,s03,61,209,60,1,lj,4.789668,4.832035,3.322405
bass_4,s03,61,209,60,6,p2,10.450403587230127,5.470831624447248,2.699452303869839
bass_4,s03,61,209,60,6,pm,4.798281,6.736959,3.358563
bass_4,s03,61,209,60,8,quad,6.698174685851794,5.083163450714884,3.714365239201011
bass_4,s03,61,209,60,7,so,7.465532,5.209713,3.892558
bass_4,s03,61,209,60,4,uro,6.414821,4.936744,3.009279
bass_4,s03,62,210,61,3,basi,5.820832,4.856155,3.135839
bass_4,s03,62,210,61,2,eye,6.719884,6.579833,4.478835
bass_4,s03,62,210,61,1,lj,4.752316,4.838148,3.321818
bass_4,s03,62,210,61,6,p2,10.428449598613025,5.456253215456381,2.700459174392717
bass_4,s03,62,210,61,6,pm,4.768936,6.748515,3.351764
bass_4,s03,62,210,61,8,quad,6.666761357373118,5.105628579509723,3.732866079804913
bass_4,s03,62,210,61,7,so,7.439089,5.189333,3.916361
bass_4,s03,62,210,61,4,uro,6.373297,4.923978,3.005087
bass_4,s03,63,211,62,3,basi,5.805515,4.847005,3.128422
bass_4,s03,63,211,62,2,eye,6.694346,6.580063,4.487318
bass_4,s03,63,211,62,1,lj,4.715651,4.838677,3.321352
bass_4,s03,63,211,62,6,p2,10.406851373508546,5.441638118364331,2.701216570074875
bass_4,s03,63,211,62,6,pm,4.73648,6.753972,3.357124
bass_4,s03,63,211,62,8,quad,6.629888834068736,5.039698224853893,3.723398529488893
bass_4,s03,63,211,62,7,so,7.390831,5.176327,3.925613
bass_4,s03,63,211,62,4,uro,6.349626,4.915171,3.0007
bass_4,s03,64,212,63,3,basi,5.755401,4.844938,3.139589
bass_4,s03,64,212,63,2,eye,6.672688,6.574822,4.492999
bass_4,s03,64,212,63,1,lj,4.689379,4.849844,3.314968
bass_4,s03,64,212,63,6,p2,10.385614274062778,5.427792973219804,2.7023388370209673
bass_4,s03,64,212,63,6,pm,4.690117,6.754847,3.356569
bass_4,s03,64,212,63,8,quad,6.654430359461647,5.101287394096269,3.715892820326712
bass_4,s03,64,212,63,7,so,7.356989,5.184184,3.939236
bass_4,s03,64,212,63,4,uro,6.330597,4.911346,3.010059
bass_4,s03,65,213,64,3,basi,5.716414,4.848627,3.131301
bass_4,s03,65,213,64,2,eye,6.634293,6.570357,4.492776
bass_4,s03,65,213,64,1,lj,4.659355,4.866479,3.325352
bass_4,s03,65,213,64,6,p2,10.364511525249512,5.414014527449697,2.7035625776096155
bass_4,s03,65,213,64,6,pm,4.664859,6.766159,3.349727
bass_4,s03,65,213,64,8,quad,6.516663488963912,5.063117698629785,3.7733012989492662
bass_4,s03,65,213,64,7,so,7.311313,5.178491,3.957925
bass_4,s03,65,213,64,4,uro,6.319478,4.89322,3.006305
bass_4,s03,66,214,65,3,basi,5.693656,4.84916,3.138763
bass_4,s03,66,214,65,2,eye,6.618154,6.567986,4.492651
bass_4,s03,66,214,65,1,lj,4.621923,4.877915,3.324543
bass_4,s03,66,214,65,6,p2,10.34441360610261,5.400281930645003,2.7046468213063117
bass_4,s03,66,214,65,6,pm,4.631992,6.766415,3.361567
bass_4,s03,66,214,65,8,quad,6.555477582425425,5.0957432242864495,3.744596511842972
bass_4,s03,66,214,65,7,so,7.277076,5.172227,3.976513
bass_4,s03,66,214,65,4,uro,6.288899,4.884808,3.006562
bass_4,s03,67,215,66,3,basi,5.665087,4.843483,3.138757
bass_4,s03,67,215,66,2,eye,6.585767,6.557509,4.4953
bass_4,s03,67,215,66,1,lj,4.599615,4.894193,3.323582
bass_4,s03,67,215,66,6,p2,10.324416044122025,5.386969967086026,2.705545495287807
bass_4,s03,67,215,66,6,pm,4.60156,6.750995,3.355622
bass_4,s03,67,215,66,8,quad,6.52974870930666,5.075224701922477,3.8122016797317104
bass_4,s03,67,215,66,7,so,7.254363,5.165576,3.985747
bass_4,s03,67,215,66,4,uro,6.270433,4.876023,2.997784
bass_4,s03,68,216,67,3,basi,5.625982,4.837896,3.134774
bass_4,s03,68,216,67,2,eye,6.574521,6.546667,4.495258
bass_4,s03,68,216,67,1,lj,4.5551450000000004,4.910851,3.322363
bass_4,s03,68,216,67,6,p2,10.30507327266173,5.373955359018287,2.7063591941491065
bass_4,s03,68,216,67,6,pm,4.578381,6.751419,3.355337
bass_4,s03,68,216,67,8,quad,6.484862534167663,5.092480895480305,3.809026819099828
bass_4,s03,68,216,67,7,so,7.22,5.145189,3.999894
bass_4,s03,68,216,67,4,uro,6.261704,4.87644,3.016022
bass_4,s03,69,217,68,3,basi,5.5941,4.838589,3.142635
bass_4,s03,69,217,68,2,eye,6.5515,6.538694,4.497951
bass_4,s03,69,217,68,1,lj,4.515998,4.938072,3.326441
bass_4,s03,69,217,68,6,p2,10.286249656270266,5.36120314206552,2.7070849408698385
bass_4,s03,69,217,68,6,pm,4.563079,6.735419,3.368038
bass_4,s03,69,217,68,8,quad,6.4102868748092146,5.101072007709898,3.797091894031949
bass_4,s03,69,217,68,7,so,7.169118,5.13981,3.99522
bass_4,s03,69,217,68,4,uro,6.259179,4.853376,2.998842
bass_4,s03,70,218,69,3,basi,5.566676,4.848325,3.135033
bass_4,s03,70,218,69,2,eye,6.532337,6.533547,4.503747
bass_4,s03,70,218,69,1,lj,4.493583,4.964895,3.319298
bass_4,s03,70,218,69,6,p2,10.26806926505945,5.349046020194592,2.707517241884995
bass_4,s03,70,218,69,6,pm,4.530496,6.725292,3.368024
bass_4,s03,70,218,69,8,quad,6.403861678290677,5.080965827639314,3.8684050588944796
bass_4,s03,70,218,69,7,so,7.1603579999999996,5.132606,4.01845
bass_4,s03,70,218,69,4,uro,6.225941,4.8449159999999996,2.99451
bass_4,s03,71,219,70,3,basi,5.540221,4.858187,3.141137
bass_4,s03,71,219,70,2,eye,6.50708,6.525723,4.509468
bass_4,s03,71,219,70,1,lj,4.4651,4.976315,3.318654
bass_4,s03,71,219,70,6,p2,10.25024174267817,5.337124597840141,2.707719047703027
bass_4,s03,71,219,70,6,pm,4.509436,6.714824,3.374284
bass_4,s03,71,219,70,8,quad,6.419242991215801,5.097718628601198,3.8362724212790154
bass_4,s03,71,219,70,7,so,7.154542,5.118574,4.018625
bass_4,s03,71,219,70,4,uro,6.211048,4.831511,2.995098
bass_4,s03,72,220,71,3,basi,5.524718,4.870884,3.136944
bass_4,s03,72,220,71,2,eye,6.471039,6.515749,4.512356
bass_4,s03,72,220,71,1,lj,4.44252,4.998008,3.328881
bass_4,s03,72,220,71,6,p2,10.23253887941149,5.3253800767186785,2.707170415002204
bass_4,s03,72,220,71,6,pm,4.482411,6.694306,3.374925
bass_4,s03,72,220,71,8,quad,6.360193760490386,5.076899159920712,3.812860825480447
bass_4,s03,72,220,71,7,so,7.102799,5.099712,4.023948
bass_4,s03,72,220,71,4,uro,6.198537,4.817787,2.977398
bass_4,s03,73,221,72,3,basi,5.502524,4.885908,3.139429
bass_4,s03,73,221,72,2,eye,6.44946,6.505169,4.512216
bass_4,s03,73,221,72,1,lj,4.417873,5.014594,3.3451
bass_4,s03,73,221,72,6,p2,10.215604968555006,5.314633853853621,2.7062054801526516
bass_4,s03,73,221,72,6,pm,4.452134,6.693188,3.410916
bass_4,s03,73,221,72,8,quad,6.325911806383469,5.070643023253186,3.842813766174396
bass_4,s03,73,221,72,7,so,7.079936,5.078864,4.037996
bass_4,s03,73,221,72,4,uro,6.170748,4.804638,2.977895
bass_4,s03,74,222,73,3,basi,5.49193,4.877804,3.143129
bass_4,s03,74,222,73,2,eye,6.423672,6.500239,4.512001
bass_4,s03,74,222,73,1,lj,4.399396,5.030717,3.361238
bass_4,s03,74,222,73,6,p2,10.19868159396736,5.303946536715752,2.7051795284649844
bass_4,s03,74,222,73,6,pm,4.457736,6.67211,3.418129
bass_4,s03,74,222,73,8,quad,6.3169668254125355,5.095958739690494,3.8740870218097587
bass_4,s03,74,222,73,7,so,7.074011,5.079186,4.047407
bass_4,s03,74,222,73,4,uro,6.155021,4.805073,2.991391
bass_4,s03,75,223,74,3,basi,5.466673,4.878211,3.136007
bass_4,s03,75,223,74,2,eye,6.399925,6.489823,4.51192
bass_4,s03,75,223,74,1,lj,4.358134,5.058023,3.359662
bass_4,s03,75,223,74,6,p2,10.18188567614466,5.293765102896368,2.703175914550044
bass_4,s03,75,223,74,6,pm,4.44777,6.666966,3.430576
bass_4,s03,75,223,74,8,quad,6.264315606528766,5.06793652663577,3.821462876286484
bass_4,s03,75,223,74,7,so,7.020015,5.066666,4.061413
bass_4,s03,75,223,74,4,uro,6.130153,4.805467,2.982124
bass_4,s03,76,224,75,3,basi,5.438116,4.892624,3.135051
bass_4,s03,76,224,75,2,eye,6.381123,6.476592,4.511963
bass_4,s03,76,224,75,1,lj,4.345247,5.07398,3.370159
bass_4,s03,76,224,75,6,p2,10.165334187251355,5.284818374374857,2.7010181328604688
bass_4,s03,76,224,75,6,pm,4.420725,6.635521,3.449985
bass_4,s03,76,224,75,8,quad,6.263185857434145,5.045606216350618,3.8790589484311044
bass_4,s03,76,224,75,7,so,7.019043,5.052725,4.099064
bass_4,s03,76,224,75,4,uro,6.129049,4.800666,2.968518
bass_4,s03,77,225,76,3,basi,5.4254810000000004,4.903884,3.134369
bass_4,s03,77,225,76,2,eye,6.362842,6.463362,4.506044
bass_4,s03,77,225,76,1,lj,4.335269,5.09558,3.369244
bass_4,s03,77,225,76,6,p2,10.148659821768913,5.275756104371077,2.698426015112512
bass_4,s03,77,225,76,6,pm,4.405306,6.61379,3.487303
bass_4,s03,77,225,76,8,quad,6.21667481663342,5.095109634083508,3.8612445483985227
bass_4,s03,77,225,76,7,so,6.988256,5.03937,4.085046
bass_4,s03,77,225,76,4,uro,6.093936,4.796956,2.986629
bass_4,s03,78,226,77,3,basi,5.397964,4.909918,3.140639
bass_4,s03,78,226,77,2,eye,6.368595,6.459688,4.500338
bass_4,s03,78,226,77,1,lj,4.319734,5.117278,3.368266
bass_4,s03,78,226,77,6,p2,10.132320983584991,5.267812960586049,2.695545865671785
bass_4,s03,78,226,77,6,pm,4.38525,6.587656,3.463382
bass_4,s03,78,226,77,8,quad,6.199963863692586,5.028008245249164,3.8668788913718606
bass_4,s03,78,226,77,7,so,6.976542,5.025835,4.090029
bass_4,s03,78,226,77,4,uro,6.086714,4.792409,2.977685
bass_4,s03,79,227,78,3,basi,5.381364,4.929333,3.125766
bass_4,s03,79,227,78,2,eye,6.358021,6.445188,4.497368
bass_4,s03,79,227,78,1,lj,4.309747,5.138886,3.367355
bass_4,s03,79,227,78,6,p2,10.115777944688768,5.259851057087877,2.692745270092756
bass_4,s03,79,227,78,6,pm,4.385194,6.571326,3.488467
bass_4,s03,79,227,78,8,quad,6.2322373102318,5.023868276108791,3.8973207009975477
bass_4,s03,79,227,78,7,so,6.967643,5.005075,4.095069
bass_4,s03,79,227,78,4,uro,6.063841,4.77905,2.973602
bass_4,s03,80,228,79,3,basi,5.370685,4.932443,3.125568
bass_4,s03,80,228,79,2,eye,6.344325,6.42863,4.485691
bass_4,s03,80,228,79,1,lj,4.293165,5.149611,3.400946
bass_4,s03,80,228,79,6,p2,10.099268085964034,5.2529695852468805,2.6897701492963537
bass_4,s03,80,228,79,6,pm,4.368156,6.555849,3.482749
bass_4,s03,80,228,79,8,quad,6.179139870793766,5.029638285098522,3.9372488248457445
bass_4,s03,80,228,79,7,so,6.945271,5.005642,4.090253
bass_4,s03,80,228,79,4,uro,6.034657,4.779458,2.964211
bass_4,s03,81,229,80,3,basi,5.349538,4.935526,3.132018
bass_4,s03,81,229,80,2,eye,6.336688,6.416593,4.479819
bass_4,s03,81,229,80,1,lj,4.272547,5.171081,3.411226
bass_4,s03,81,229,80,6,p2,10.082749088755351,5.2467261474217555,2.6871124143480944
bass_4,s03,81,229,80,6,pm,4.36243,6.529956,3.477762
bass_4,s03,81,229,80,8,quad,6.188480196818403,5.04150435201703,3.9310322379840477
bass_4,s03,81,229,80,7,so,6.936995,4.991657,4.076385
bass_4,s03,81,229,80,4,uro,6.023446,4.779714,2.968687
bass_4,s03,82,230,81,3,basi,5.327316,4.936013,3.128387
bass_4,s03,82,230,81,2,eye,6.327374,6.402212,4.476994
bass_4,s03,82,230,81,1,lj,4.252101,5.192442,3.404287
bass_4,s03,82,230,81,6,p2,10.06647564088406,5.240187431934218,2.68465946062745
bass_4,s03,82,230,81,6,pm,4.347259,6.514004,3.490344
bass_4,s03,82,230,81,8,quad,6.206561748555062,5.076369480899324,3.845638031918801
bass_4,s03,82,230,81,7,so,6.92277,4.985014,4.081085
bass_4,s03,82,230,81,4,uro,5.992493,4.789321,2.963329
bass_4,s03,83,231,82,3,basi,5.3125,4.936355,3.124836
bass_4,s03,83,231,82,2,eye,6.313764,6.390512,4.465261
bass_4,s03,83,231,82,1,lj,4.238645,5.213949,3.397548
bass_4,s03,83,231,82,6,p2,10.050354929213157,5.234327668532379,2.6829526090209392
bass_4,s03,83,231,82,6,pm,4.321882,6.492911,3.459927
bass_4,s03,83,231,82,8,quad,6.165372107407031,5.03321300815786,3.8807297614769505
bass_4,s03,83,231,82,7,so,6.903525,4.985139,4.076051
bass_4,s03,83,231,82,4,uro,5.990028,4.789316,2.958703
bass_4,s03,84,232,83,3,basi,5.299939,4.936449,3.12123
bass_4,s03,84,232,83,2,eye,6.302793,6.381045,4.465329
bass_4,s03,84,232,83,1,lj,4.227143,5.230086,3.408235
bass_4,s03,84,232,83,6,p2,10.034261997270349,5.228581916771621,2.6813779634057657
bass_4,s03,84,232,83,6,pm,4.3147,6.471498,3.466657
bass_4,s03,84,232,83,8,quad,6.151881969370939,5.056062570479071,3.889423234138143
bass_4,s03,84,232,83,7,so,6.905871,4.957279,4.062847
bass_4,s03,84,232,83,4,uro,5.98742,4.789244,2.949569
bass_4,s03,85,233,84,3,basi,5.298866,4.939256,3.121092
bass_4,s03,85,233,84,2,eye,6.297061,6.366553,4.462532
bass_4,s03,85,233,84,1,lj,4.215966,5.24081,3.396155
bass_4,s03,85,233,84,6,p2,10.01849397852622,5.2234459742305726,2.6804032894620975
bass_4,s03,85,233,84,6,pm,4.316793,6.456142,3.449129
bass_4,s03,85,233,84,8,quad,6.1435457918536756,5.036392371043234,3.86290990430684
bass_4,s03,85,233,84,7,so,6.892149,4.957444,4.053331
bass_4,s03,85,233,84,4,uro,5.968484,4.780321,2.940708
bass_4,s03,86,234,85,3,basi,5.277714,4.936947,3.117608
bass_4,s03,86,234,85,2,eye,6.283259,6.357104,4.462538
bass_4,s03,86,234,85,1,lj,4.211762,5.24644,3.396006
bass_4,s03,86,234,85,6,p2,10.003222068765725,5.218192605680647,2.679949720449857
bass_4,s03,86,234,85,6,pm,4.29099,6.439668,3.455125
bass_4,s03,86,234,85,8,quad,6.196471069509877,4.990804478987791,3.906191758966991
bass_4,s03,86,234,85,7,so,6.889355,4.950521,4.044175
bass_4,s03,86,234,85,4,uro,5.961269,4.775755,2.931772
bass_4,s03,87,235,86,3,basi,5.261127,4.936887,3.107035
bass_4,s03,87,235,86,2,eye,6.277676,6.345085,4.459735
bass_4,s03,87,235,86,1,lj,4.202082,5.246867,3.396018
bass_4,s03,87,235,86,6,p2,9.988359904968458,5.212476421672493,2.6802013044869204
bass_4,s03,87,235,86,6,pm,4.30383,6.445606,3.443173
bass_4,s03,87,235,86,8,quad,6.104676301690525,4.994863911897834,3.843005977567003
bass_4,s03,87,235,86,7,so,6.869067,4.923215,4.044781
bass_4,s03,87,235,86,4,uro,5.941994,4.767076,2.941137
bass_4,s03,88,236,87,3,basi,5.249368,4.937312,3.106989
bass_4,s03,88,236,87,2,eye,6.256014,6.338403,4.45082
bass_4,s03,88,236,87,1,lj,4.188896,5.247224,3.3959259999999998
bass_4,s03,88,236,87,6,p2,9.974060941189014,5.207280971283967,2.680904279874216
bass_4,s03,88,236,87,6,pm,4.2907,6.424962,3.431719
bass_4,s03,88,236,87,8,quad,6.104816178014454,4.999760860505121,3.8352599346627905
bass_4,s03,88,236,87,7,so,6.86116,4.922998,4.03516
bass_4,s03,88,236,87,4,uro,5.93357,4.767268,2.945621
bass_4,s03,89,237,88,3,basi,5.234763,4.937418,3.096517
bass_4,s03,89,237,88,2,eye,6.246856,6.328923,4.44499
bass_4,s03,89,237,88,1,lj,4.181886,5.247079,3.395713
bass_4,s03,89,237,88,6,p2,9.960333189855197,5.2026201595556,2.68163255544133
bass_4,s03,89,237,88,6,pm,4.283771,6.393043,3.432792
bass_4,s03,89,237,88,8,quad,6.109567588161235,5.016978311190096,3.8514517712906415
bass_4,s03,89,237,88,7,so,6.858616,4.955104,4.025023
bass_4,s03,89,237,88,4,uro,5.928267,4.767171,2.931916
bass_4,s03,90,238,89,3,basi,5.222146,4.937589,3.09294
bass_4,s03,90,238,89,2,eye,6.241496,6.324237,4.442101
bass_4,s03,90,238,89,1,lj,4.181886,5.247079,3.395713
bass_4,s03,90,238,89,6,p2,9.947239659024952,5.197576577916123,2.683001663346237
bass_4,s03,90,238,89,6,pm,4.293251,6.387635,3.439272
bass_4,s03,90,238,89,8,quad,6.153033731325664,5.056915138117604,3.885705796979965
bass_4,s03,90,238,89,7,so,6.858689,4.944542,4.01129
bass_4,s03,90,238,89,4,uro,5.922708,4.767253,2.931869
bass_4,s03,91,239,90,3,basi,5.210599,4.937769,3.085971
bass_4,s03,91,239,90,2,eye,6.236819,6.31221,4.436359
bass_4,s03,91,239,90,1,lj,4.179392,5.247573,3.378693
bass_4,s03,91,239,90,6,p2,9.934408825724384,5.192352544236016,2.684621492997328
bass_4,s03,91,239,90,6,pm,4.295357,6.392952,3.426859
bass_4,s03,91,239,90,8,quad,6.1347929790638025,4.994000929581401,3.8512737788970055
bass_4,s03,91,239,90,7,so,6.848228,4.939536,4.002041
bass_4,s03,91,239,90,4,uro,5.902654,4.753827,2.927826
bass_4,s03,92,240,91,3,basi,5.210599,4.937769,3.085971
bass_4,s03,92,240,91,2,eye,6.2222,6.302788,4.436377
bass_4,s03,92,240,91,1,lj,4.164082,5.258649,3.366691
bass_4,s03,92,240,91,6,p2,9.922639338734818,5.187526514072841,2.686285697085732
bass_4,s03,92,240,91,6,pm,4.288078,6.366903,3.415723
bass_4,s03,92,240,91,8,quad,6.084809330927129,5.049934606809443,3.7783663679302677
bass_4,s03,92,240,91,7,so,6.831882,4.929413,4.002657
bass_4,s03,92,240,91,4,uro,5.893793,4.753798,2.914072
bass_4,s03,93,241,92,3,basi,5.200279,4.943265,3.071828
bass_4,s03,93,241,92,2,eye,6.214653,6.28835,4.430624
bass_4,s03,93,241,92,1,lj,4.154456,5.259057,3.360962
bass_4,s03,93,241,92,6,p2,9.911238982432437,5.182569683098551,2.687956654318059
bass_4,s03,93,241,92,6,pm,4.28821,6.367081,3.40356
bass_4,s03,93,241,92,8,quad,6.087097045208908,5.007651976163335,3.8057856905880447
bass_4,s03,93,241,92,7,so,6.824874,4.913844,3.99516
bass_4,s03,93,241,92,4,uro,5.887709,4.753731,2.900344
bass_4,s03,94,242,93,3,basi,5.196021,4.954426,3.071235
bass_4,s03,94,242,93,2,eye,6.202746,6.281266,4.433568
bass_4,s03,94,242,93,1,lj,4.149073,5.248552,3.361357
bass_4,s03,94,242,93,6,p2,9.90044716441384,5.178005729759947,2.689986339947263
bass_4,s03,94,242,93,6,pm,4.280543,6.362126,3.397653
bass_4,s03,94,242,93,8,quad,6.048625529826537,4.970943492058686,3.8047984100166636
bass_4,s03,94,242,93,7,so,6.816018,4.913922,3.979348
bass_4,s03,94,242,93,4,uro,5.883985,4.735513,2.901291
bass_4,s03,95,243,94,3,basi,5.188696,4.968274,3.066997
bass_4,s03,95,243,94,2,eye,6.195466,6.269368,4.421937
bass_4,s03,95,243,94,1,lj,4.14913,5.248525,3.355609
bass_4,s03,95,243,94,6,p2,9.89009104357432,5.173337976240279,2.69185803977889
bass_4,s03,95,243,94,6,pm,4.267219,6.346578,3.398188
bass_4,s03,95,243,94,8,quad,6.081087232719944,5.03979273856237,3.80937234356264
bass_4,s03,95,243,94,7,so,6.815956,4.903406,3.971772
bass_4,s03,95,243,94,4,uro,5.863061,4.745016,2.900565
bass_4,s03,96,244,95,3,basi,5.185661,4.982054,3.055966
bass_4,s03,96,244,95,2,eye,6.188193,6.26704,4.427799
bass_4,s03,96,244,95,1,lj,4.142271,5.243052,3.349876
bass_4,s03,96,244,95,6,p2,9.879848538941191,5.168714825954412,2.6937632160192835
bass_4,s03,96,244,95,6,pm,4.267431,6.341452,3.386254
bass_4,s03,96,244,95,8,quad,6.020336799888413,5.009025598621856,3.789041589218951
bass_4,s03,96,244,95,7,so,6.801331,4.89803,3.951907
bass_4,s03,96,244,95,4,uro,5.863061,4.745016,2.900565
bass_4,s03,97,245,96,3,basi,5.177312,4.990456,3.045173
bass_4,s03,97,245,96,2,eye,6.182877,6.264777,4.4248710000000004
bass_4,s03,97,245,96,1,lj,4.143466,5.216068,3.339353
bass_4,s03,97,245,96,6,p2,9.87023944194886,5.164416469397769,2.6955954834099645
bass_4,s03,97,245,96,6,pm,4.267743,6.325638,3.380841
bass_4,s03,97,245,96,8,quad,6.034145965111827,4.935443019602287,3.757997262398208
bass_4,s03,97,245,96,7,so,6.78766,4.877246,3.93273
bass_4,s03,97,245,96,4,uro,5.850265,4.740744,2.905214
bass_4,s03,98,246,97,3,basi,5.170957,4.996159,3.041422
bass_4,s03,98,246,97,2,eye,6.17813,6.255157,4.419076
bass_4,s03,98,246,97,1,lj,4.143466,5.216068,3.339353
bass_4,s03,98,246,97,6,p2,9.860961961068387,5.16027732546504,2.6975624699418908
bass_4,s03,98,246,97,6,pm,4.262153,6.31513,3.381208
bass_4,s03,98,246,97,8,quad,6.067945596102413,4.944765611307487,3.7645145989259525
bass_4,s03,98,246,97,7,so,6.786191,4.86651,3.928903
bass_4,s03,98,246,97,4,uro,5.839164,4.731681,2.901062
bass_4,s03,99,247,98,3,basi,5.160568,5.001702,3.03069
bass_4,s03,99,247,98,2,eye,6.176135,6.243077,4.410428
bass_4,s03,99,247,98,1,lj,4.141683,5.20033,3.340094
bass_4,s03,99,247,98,6,p2,9.851931209720364,5.156028400698045,2.6996090853194454
bass_4,s03,99,247,98,6,pm,4.260557,6.294258,3.369986
bass_4,s03,99,247,98,8,quad,6.051665114930957,4.922971271209423,3.7182653270837713
bass_4,s03,99,247,98,7,so,6.785652,4.850874,3.921578
bass_4,s03,99,247,98,4,uro,5.824451,4.731714,2.891838
bass_4,s03,100,248,99,3,basi,5.151084,5.010196,3.023325
bass_4,s03,100,248,99,2,eye,6.164159,6.238404,4.413303
bass_4,s03,100,248,99,1,lj,4.133018,5.184377,3.329144
bass_4,s03,100,248,99,6,p2,9.842961917758704,5.151821808088426,2.7017011755217135
bass_4,s03,100,248,99,6,pm,4.265767,6.284513,3.358714
bass_4,s03,100,248,99,8,quad,6.020459129942117,4.966143912221708,3.739526036897003
bass_4,s03,100,248,99,7,so,6.783852,4.845445,3.905947
bass_4,s03,100,248,99,4,uro,5.819304,4.750336,2.899836
bass_4,s03,101,249,100,3,basi,5.151084,5.010196,3.023325
bass_4,s03,101,249,100,2,eye,6.151348,6.228925,4.413336
bass_4,s03,101,249,100,1,lj,4.129577,5.184267,3.323298
bass_4,s03,101,249,100,6,p2,9.834098573731469,5.1479197753185675,2.703895827237539
bass_4,s03,101,249,100,6,pm,4.260115,6.273926,3.365154
bass_4,s03,101,249,100,8,quad,6.0388652974316255,4.93904292568782,3.741107040578902
bass_4,s03,101,249,100,7,so,6.781697,4.840199,3.906041
bass_4,s03,101,249,100,4,uro,5.810971,4.750438,2.899756
bass_4,s03,102,250,101,3,basi,5.149993,5.015852,3.019648
bass_4,s03,102,250,101,2,eye,6.135873,6.219536,4.410407
bass_4,s03,102,250,101,1,lj,4.126325,5.173549,3.317925
bass_4,s03,102,250,101,6,p2,9.82561064614334,5.1443537489889275,2.7059485580435036
bass_4,s03,102,250,101,6,pm,4.252663,6.263817,3.347371
bass_4,s03,102,250,101,8,quad,6.0080830373595955,4.92672601577731,3.7343090384888273
bass_4,s03,102,250,101,7,so,6.788068,4.840133,3.894448
bass_4,s03,102,250,101,4,uro,5.802637,4.750536,2.899675
bass_4,s03,103,251,102,3,basi,5.146866,5.018641,3.016034
bass_4,s03,103,251,102,2,eye,6.130442,6.207512,4.407652
bass_4,s03,103,251,102,1,lj,4.126478,5.16821,3.312426
bass_4,s03,103,251,102,6,p2,9.817131261555453,5.140239259254378,2.708159511604438
bass_4,s03,103,251,102,6,pm,4.25246,6.285188,3.334336
bass_4,s03,103,251,102,8,quad,6.017047490296389,4.950183885187808,3.7299302443220372
bass_4,s03,103,251,102,7,so,6.779157,4.829722,3.886788
bass_4,s03,103,251,102,4,uro,5.802672,4.75511,2.899425
bass_4,s03,104,252,103,3,basi,5.146866,5.018641,3.016034
bass_4,s03,104,252,103,2,eye,6.127802,6.205199,4.401805
bass_4,s03,104,252,103,1,lj,4.124851,5.147127,3.307684
bass_4,s03,104,252,103,6,p2,9.80894640645423,5.13621454993953,2.7104054822325216
bass_4,s03,104,252,103,6,pm,4.254261,6.2748100000000004,3.334932
bass_4,s03,104,252,103,8,quad,6.031697000425124,4.928200211842473,3.7835522775570802
bass_4,s03,104,252,103,7,so,6.783581,4.829658,3.88685
bass_4,s03,104,252,103,4,uro,5.800892,4.755156,2.899401
bass_4,s03,105,253,104,3,basi,5.146871,5.015873,3.016177
bass_4,s03,105,253,104,2,eye,6.116607,6.195618,4.404758
bass_4,s03,105,253,104,1,lj,4.121603,5.136402,3.302321
bass_4,s03,105,253,104,6,p2,9.801134892036368,5.132344218916676,2.712883030739054
bass_4,s03,105,253,104,6,pm,4.254387,6.274967,3.322804
bass_4,s03,105,253,104,8,quad,6.06705979901048,4.9269835203004435,3.716410366144652
bass_4,s03,105,253,104,7,so,6.771696,4.824777,3.879174
bass_4,s03,105,253,104,4,uro,5.774544,4.755637,2.899098
bass_4,s03,106,254,105,3,basi,5.146888,5.007567,3.016605
bass_4,s03,106,254,105,2,eye,6.111242,6.193359,4.398882
bass_4,s03,106,254,105,1,lj,4.121851,5.125753,3.297069
bass_4,s03,106,254,105,6,p2,9.793500601563087,5.128725372548457,2.7148681415902396
bass_4,s03,106,254,105,6,pm,4.256527,6.2695,3.322998
bass_4,s03,106,254,105,8,quad,6.030597787683036,4.873024241389971,3.6826182103130596
bass_4,s03,106,254,105,7,so,6.779626,4.818893,3.855695
bass_4,s03,106,254,105,4,uro,5.774626,4.755575,2.894549
bass_4,s03,107,255,106,3,basi,5.140715,5.001969,3.009909
bass_4,s03,107,255,106,2,eye,6.104844,6.183746,4.398997
bass_4,s03,107,255,106,1,lj,4.120573,5.120157,3.29143
bass_4,s03,107,255,106,6,p2,9.786010442386962,5.124674163607069,2.716970410377693
bass_4,s03,107,255,106,6,pm,4.260365,6.264338,3.317272
bass_4,s03,107,255,106,8,quad,6.027063876826656,4.907746748500842,3.73115815448002
bass_4,s03,107,255,106,7,so,6.781424,4.808465,3.856093
bass_4,s03,107,255,106,4,uro,5.769385,4.769442,2.89373
bass_4,s03,108,256,107,3,basi,5.140733,4.993663,3.010339
bass_4,s03,108,256,107,2,eye,6.100338,6.179051,4.390235
bass_4,s03,108,256,107,1,lj,4.122788,5.114639,3.285902
bass_4,s03,108,256,107,6,p2,9.779177124621,5.120188504502029,2.7190555578958957
bass_4,s03,108,256,107,6,pm,4.253333,6.253826,3.299336
bass_4,s03,108,256,107,8,quad,6.081708127757206,4.834388267932464,3.732210538922307
bass_4,s03,108,256,107,7,so,6.781539,4.797816,3.840727
bass_4,s03,108,256,107,4,uro,5.765293,4.755647,2.89446
bass_4,s03,109,257,108,3,basi,5.140733,4.993663,3.010339
bass_4,s03,109,257,108,2,eye,6.09285,6.171841,4.393196
bass_4,s03,109,257,108,1,lj,4.119604,5.103865,3.274827
bass_4,s03,109,257,108,6,p2,9.772909359200554,5.116154950414111,2.7212430765297664
bass_4,s03,109,257,108,6,pm,4.260862,6.248727,3.293722
bass_4,s03,109,257,108,8,quad,6.030527848693294,4.9325596624207435,3.6623729497642548
bass_4,s03,109,257,108,7,so,6.776972,4.80317,3.836642
bass_4,s03,109,257,108,4,uro,5.765242,4.760283,2.89876
bass_4,s03,110,258,109,3,basi,5.142879,4.99363,3.006945
bass_4,s03,110,258,109,2,eye,6.091013,6.16216,4.390431
bass_4,s03,110,258,109,1,lj,4.121858,5.093077,3.275269
bass_4,s03,110,258,109,6,p2,9.76704173560841,5.111731272128482,2.7232410820086392
bass_4,s03,110,258,109,6,pm,4.274236,6.232834,3.294705
bass_4,s03,110,258,109,8,quad,6.032183048084667,4.903724761856389,3.6581699567638633
bass_4,s03,110,258,109,7,so,6.777322,4.803059,3.836572
bass_4,s03,110,258,109,4,uro,5.74882,4.765116,2.898326
bass_4,s03,111,259,110,3,basi,5.145972,4.98527,3.017666
bass_4,s03,111,259,110,2,eye,6.087282,6.152507,4.387633
bass_4,s03,111,259,110,1,lj,4.115071,5.082299,3.275538
bass_4,s03,111,259,110,6,p2,9.761434896170652,5.107582027974859,2.725051885135185
bass_4,s03,111,259,110,6,pm,4.274316,6.227527,3.294938
bass_4,s03,111,259,110,8,quad,6.0636551379058545,4.897575266292107,3.6674093009680586
bass_4,s03,111,259,110,7,so,6.779859,4.79751,3.809341
bass_4,s03,111,259,110,4,uro,5.736901,4.774506,2.902246
bass_4,s03,112,260,111,3,basi,5.141782,4.98527,3.01759
bass_4,s03,112,260,111,2,eye,6.081664,6.142831,4.390671
bass_4,s03,112,260,111,1,lj,4.117423,5.066205,3.276222
bass_4,s03,112,260,111,6,p2,9.756312676343178,5.102852100123311,2.727210802943523
bass_4,s03,112,260,111,6,pm,4.278165,6.216975,3.295509
bass_4,s03,112,260,111,8,quad,6.041140594645675,4.903413241780524,3.6850611408825236
bass_4,s03,112,260,111,7,so,6.782017,4.802764,3.809235
bass_4,s03,112,260,111,4,uro,5.740009,4.737702,2.904305
bass_4,s03,113,261,112,3,basi,5.142819,4.979716,3.021306
bass_4,s03,113,261,112,2,eye,6.081635,6.140392,4.390715
bass_4,s03,113,261,112,1,lj,4.117364,5.066249,3.281941
bass_4,s03,113,261,112,6,p2,9.75171616635946,5.097915599203094,2.729000608936102
bass_4,s03,113,261,112,6,pm,4.280366,6.21158,3.289653
bass_4,s03,113,261,112,8,quad,6.081341146643983,4.879797805836584,3.678333501408012
bass_4,s03,113,261,112,7,so,6.78429,4.79736,3.793781
bass_4,s03,113,261,112,4,uro,5.734786,4.756154,2.903234
bass_4,s03,114,262,113,3,basi,5.144977,4.976845,3.021447
bass_4,s03,114,262,113,2,eye,6.085041,6.132962,4.393799
bass_4,s03,114,262,113,1,lj,4.122759,5.071508,3.287486
bass_4,s03,114,262,113,6,p2,9.747605498291932,5.093145728025748,2.731082592588591
bass_4,s03,114,262,113,6,pm,4.2826,6.195428,3.29637
bass_4,s03,114,262,113,8,quad,6.036652731086065,4.907174993733231,3.671087182406519
bass_4,s03,114,262,113,7,so,6.788685,4.792016,3.790095
bass_4,s03,114,262,113,4,uro,5.734621,4.756277,2.912333
bass_4,s03,115,263,114,3,basi,5.144977,4.976845,3.021447
bass_4,s03,115,263,114,2,eye,6.080514,6.125774,4.390962
bass_4,s03,115,263,114,1,lj,4.128155,5.076766,3.293033
bass_4,s03,115,263,114,6,p2,9.743735971597278,5.088562086101301,2.733180505327058
bass_4,s03,115,263,114,6,pm,4.286604,6.174264,3.297406
bass_4,s03,115,263,114,8,quad,6.066405954942388,4.8731397572999215,3.642429159460088
bass_4,s03,115,263,114,7,so,6.793465,4.791755,3.77447
bass_4,s03,115,263,114,4,uro,5.740066,4.751716,2.917188
bass_4,s03,116,264,115,3,basi,5.143901,4.976896,3.021448
bass_4,s03,116,264,115,2,eye,6.079507,6.116064,4.388198
bass_4,s03,116,264,115,1,lj,4.134956,5.077059,3.310411
bass_4,s03,116,264,115,6,p2,9.740001357382615,5.083848628907118,2.735289515394681
bass_4,s03,116,264,115,6,pm,4.29839,6.158215,3.2922
bass_4,s03,116,264,115,8,quad,6.007782884433526,4.8787127845464795,3.643163910156588
bass_4,s03,116,264,115,7,so,6.79798,4.791642,3.770611
bass_4,s03,116,264,115,4,uro,5.727092,4.751925,2.921599
bass_4,s03,117,265,116,3,basi,5.143735,4.982532,3.031458
bass_4,s03,117,265,116,2,eye,6.075929,6.10886,4.385379
bass_4,s03,117,265,116,1,lj,4.136923,5.08219,3.310133
bass_4,s03,117,265,116,6,p2,9.73698519728733,5.078791542558342,2.7374507777508437
bass_4,s03,117,265,116,6,pm,4.300555,6.142008,3.304954
bass_4,s03,117,265,116,8,quad,6.029934385900119,4.858587001730684,3.6100882170359694
bass_4,s03,117,265,116,7,so,6.795981,4.770471,3.763341
bass_4,s03,117,265,116,4,uro,5.727177,4.765646,2.920857
bass_4,s03,118,266,117,3,basi,5.145773,4.985333,3.034786
bass_4,s03,118,266,117,2,eye,6.073947,6.096723,4.382645
bass_4,s03,118,266,117,1,lj,4.140353,5.082314,3.315963
bass_4,s03,118,266,117,6,p2,9.733901336157684,5.073748463910479,2.7399016535620357
bass_4,s03,118,266,117,6,pm,4.307843,6.147433,3.304932
bass_4,s03,118,266,117,8,quad,6.078698789217491,4.855651706493003,3.606463931507727
bass_4,s03,118,266,117,7,so,6.800526,4.775642,3.763226
bass_4,s03,118,266,117,4,uro,5.728177,4.765674,2.920862
bass_4,s03,119,267,118,3,basi,5.147765,4.985399,3.041689
bass_4,s03,119,267,118,2,eye,6.073092,6.094311,4.382692
bass_4,s03,119,267,118,1,lj,4.141876,5.077262,3.316347
bass_4,s03,119,267,118,6,p2,9.73117667104689,5.069207751926367,2.742230717092602
bass_4,s03,119,267,118,6,pm,4.313661,6.142028,3.305235
bass_4,s03,119,267,118,8,quad,6.035235731245609,4.834733452156842,3.676604254134797
bass_4,s03,119,267,118,7,so,6.805096,4.770192,3.751708
bass_4,s03,119,267,118,4,uro,5.717979,4.779637,2.929114
bass_4,s03,120,268,119,3,basi,5.150872,4.990915,3.044877
bass_4,s03,120,268,119,2,eye,6.067744,6.087144,4.379861
bass_4,s03,120,268,119,1,lj,4.148585,5.08285,3.333494
bass_4,s03,120,268,119,6,p2,9.728620296071313,5.064311456078631,2.744529643472147
bass_4,s03,120,268,119,6,pm,4.324872,6.126221,3.312286
bass_4,s03,120,268,119,8,quad,6.040601048192946,4.857462039101246,3.6360574824629697
bass_4,s03,120,268,119,7,so,6.805363,4.77004,3.739951
bass_4,s03,120,268,119,4,uro,5.709557,4.779762,2.93358
bass_4,s03,121,269,120,3,basi,5.151888,4.99636,3.051423
bass_4,s03,121,269,120,2,eye,6.067744,6.087144,4.379861
bass_4,s03,121,269,120,1,lj,4.15046,5.093283,3.332984
bass_4,s03,121,269,120,6,p2,9.72641858204113,5.060018793670064,2.746927383627884
bass_4,s03,121,269,120,6,pm,4.332744,6.12066,3.312553
bass_4,s03,121,269,120,8,quad,6.053349959021072,4.824890699501642,3.605989986339486
bass_4,s03,121,269,120,7,so,6.807249,4.759542,3.736462
bass_4,s03,121,269,120,4,uro,5.706773,4.79356,2.937367
bass_4,s03,122,270,121,3,basi,5.154947,5.001836,3.061444
bass_4,s03,122,270,121,2,eye,6.067688,6.082266,4.379951
bass_4,s03,122,270,121,1,lj,4.15735,5.098738,3.332963
bass_4,s03,122,270,121,6,p2,9.724278967146804,5.055508269900721,2.748935486198073
bass_4,s03,122,270,121,6,pm,4.346363,6.109635,3.31916
bass_4,s03,122,270,121,8,quad,6.069709211948724,4.859402323546311,3.653822708141617
bass_4,s03,122,270,121,7,so,6.818482,4.759329,3.736583
bass_4,s03,122,270,121,4,uro,5.706773,4.79356,2.937367
bass_4,s03,123,271,122,3,basi,5.1527,4.999237,3.068452
bass_4,s03,123,271,122,2,eye,6.072976,6.074856,4.377208
bass_4,s03,123,271,122,1,lj,4.162843,5.098686,3.338755
bass_4,s03,123,271,122,6,p2,9.722180816052733,5.050871504693054,2.7512946847557047
bass_4,s03,123,271,122,6,pm,4.370446,6.104369,3.332058
bass_4,s03,123,271,122,8,quad,6.120897620719895,4.82019708629881,3.636167507936148
bass_4,s03,123,271,122,7,so,6.827409,4.743234,3.717673
bass_4,s03,123,271,122,4,uro,5.697319,4.807715,2.959307
bass_4,s03,124,272,123,3,basi,5.15689,5.001862,3.075182
bass_4,s03,124,272,123,2,eye,6.072832,6.062661,4.377432
bass_4,s03,124,272,123,1,lj,4.171797,5.103967,3.338693
bass_4,s03,124,272,123,6,p2,9.720617843608444,5.047216196483309,2.7534400176228124
bass_4,s03,124,272,123,6,pm,4.378017,6.088559,3.332949
bass_4,s03,124,272,123,8,quad,6.0959970786626245,4.823388043698529,3.5947342749123306
bass_4,s03,124,272,123,7,so,6.82945,4.74326,3.717741
bass_4,s03,124,272,123,4,uro,5.703048,4.807559,2.950253
bass_4,s03,125,273,124,3,basi,5.15474,5.001964,3.075182
bass_4,s03,125,273,124,2,eye,6.07446,6.050425,4.37767
bass_4,s03,125,273,124,1,lj,4.184037,5.114701,3.349961
bass_4,s03,125,273,124,6,p2,9.719014423718734,5.043330429562882,2.755129130500947
bass_4,s03,125,273,124,6,pm,4.383962,6.072551,3.333703
bass_4,s03,125,273,124,8,quad,6.096037298173942,4.811650799794776,3.6132053062715257
bass_4,s03,125,273,124,7,so,6.832012,4.743067,3.709905
bass_4,s03,125,273,124,4,uro,5.701296,4.812184,2.949985
bass_4,s03,126,274,125,3,basi,5.157907,5.004608,3.078478
bass_4,s03,126,274,125,2,eye,6.076116,6.040629,4.377864
bass_4,s03,126,274,125,1,lj,4.186037,5.114574,3.355649
bass_4,s03,126,274,125,6,p2,9.717606554488215,5.0398519091964245,2.7567753389518947
bass_4,s03,126,274,125,6,pm,4.382411,6.067051,3.333794
bass_4,s03,126,274,125,8,quad,6.121884696125873,4.855856107213604,3.601584563269394
bass_4,s03,126,274,125,7,so,6.834143,4.743041,3.706058
bass_4,s03,126,274,125,4,uro,5.701322,4.816756,2.949741
bass_4,s03,127,275,126,3,basi,5.159991,5.010141,3.078239
bass_4,s03,127,275,126,2,eye,6.076055,6.026046,4.3723
bass_4,s03,127,275,126,1,lj,4.189919,5.124878,3.360837
bass_4,s03,127,275,126,6,p2,9.716082097353402,5.036175487149104,2.758177965071003
bass_4,s03,127,275,126,6,pm,4.397832,6.045687,3.334947
bass_4,s03,127,275,126,8,quad,6.114390771236461,4.8896546064116215,3.5680356182942914
bass_4,s03,127,275,126,7,so,6.83701,4.737439,3.694419
bass_4,s03,127,275,126,4,uro,5.701322,4.816756,2.949741
bass_4,s03,128,276,127,3,basi,5.159767,5.018561,3.091569
bass_4,s03,128,276,127,2,eye,6.074256,6.023648,4.372331
bass_4,s03,128,276,127,1,lj,4.18983,5.130178,3.360606
bass_4,s03,128,276,127,6,p2,9.714709332328225,5.0327471067565535,2.759391897190669
bass_4,s03,128,276,127,6,pm,4.399964,6.02953,3.347657
bass_4,s03,128,276,127,8,quad,6.12569750118722,4.845070551006296,3.6098508717572
bass_4,s03,128,276,127,7,so,6.84412,4.731877,3.690675
bass_4,s03,128,276,127,4,uro,5.695396,4.826224,2.97199
bass_4,s03,129,277,128,3,basi,5.161886,5.032284,3.090882
bass_4,s03,129,277,128,2,eye,6.076008,6.016278,4.375415
bass_4,s03,129,277,128,1,lj,4.202019,5.14094,3.377623
bass_4,s03,129,277,128,6,p2,9.713391603448764,5.02985435368162,2.7601026138272564
bass_4,s03,129,277,128,6,pm,4.405899,6.013529,3.348406
bass_4,s03,129,277,128,8,quad,6.134987063711909,4.855999116388448,3.608985432833015
bass_4,s03,129,277,128,7,so,6.846431,4.731745,3.679002
bass_4,s03,129,277,128,4,uro,5.692606,4.840011,2.975797
bass_4,s03,130,278,129,3,basi,5.156423,5.02707,3.098031
bass_4,s03,130,278,129,2,eye,6.081394,6.001549,4.375768
bass_4,s03,130,278,129,1,lj,4.201843,5.151537,3.377167
bass_4,s03,130,278,129,6,p2,9.711893997328866,5.026506299370347,2.760736219513084
bass_4,s03,130,278,129,6,pm,4.411696,6.008126,3.348701
bass_4,s03,130,278,129,8,quad,6.081522270687913,4.849311395031479,3.5987811140339567
bass_4,s03,130,278,129,7,so,6.850766,4.731736,3.682978
bass_4,s03,130,278,129,4,uro,5.697664,4.835444,2.989794
bass_4,s03,131,279,130,3,basi,5.16044,5.03822,3.107874
bass_4,s03,131,279,130,2,eye,6.086827,6.00144,4.375831
bass_4,s03,131,279,130,1,lj,4.207311,5.15674,3.377004
bass_4,s03,131,279,130,6,p2,9.710232001236692,5.023198173725066,2.7607148657241747
bass_4,s03,131,279,130,6,pm,4.422648,6.008208,3.355033
bass_4,s03,131,279,130,8,quad,6.1064007373285705,4.861172964510284,3.6003934962842594
bass_4,s03,131,279,130,7,so,6.855191,4.731674,3.683041
bass_4,s03,131,279,130,4,uro,5.691955,4.84016,2.998619
bass_4,s03,132,280,131,3,basi,5.160274,5.043837,3.117919
bass_4,s03,132,280,131,2,eye,6.098511,5.991485,4.370305
bass_4,s03,132,280,131,1,lj,4.20937,5.156574,3.376964
bass_4,s03,132,280,131,6,p2,9.7083687438836,5.020178626123269,2.760342638043352
bass_4,s03,132,280,131,6,pm,4.424704,6.002713,3.361251
bass_4,s03,132,280,131,8,quad,6.092559167732863,4.843626414743138,3.569328775455546
bass_4,s03,132,280,131,7,so,6.860133,4.731386,3.675201
bass_4,s03,132,280,131,4,uro,5.69077,4.85399,3.011591
bass_4,s03,133,281,132,3,basi,5.167468,5.054928,3.12781
bass_4,s03,133,281,132,2,eye,6.102966,5.98895,4.370395
bass_4,s03,133,281,132,1,lj,4.209076,5.167242,3.387984
bass_4,s03,133,281,132,6,p2,9.706120389059146,5.016623254662765,2.7595794907441853
bass_4,s03,133,281,132,6,pm,4.43231,5.976262,3.368603
bass_4,s03,133,281,132,8,quad,6.136289500077581,4.854375361115998,3.612680524856197
bass_4,s03,133,281,132,7,so,6.860401,4.731226,3.663461
bass_4,s03,133,281,132,4,uro,5.684949,4.854185,3.025224
bass_4,s03,134,282,133,3,basi,5.169486,5.068701,3.134019
bass_4,s03,134,282,133,2,eye,6.104772,5.981607,4.370566
bass_4,s03,134,282,133,1,lj,4.21795,5.167323,3.40537
bass_4,s03,134,282,133,6,p2,9.703959865116612,5.013048048373544,2.7585912600357276
bass_4,s03,134,282,133,6,pm,4.44568,5.959792,3.399484
bass_4,s03,134,282,133,8,quad,6.13534936781648,4.866445550095951,3.6131149983503947
bass_4,s03,134,282,133,7,so,6.865005,4.731058,3.655697
bass_4,s03,134,282,133,4,uro,5.68682,4.872396,3.02431
bass_4,s03,135,283,134,3,basi,5.175772,5.074154,3.137268
bass_4,s03,135,283,134,2,eye,6.117252,5.969152,4.370931
bass_4,s03,135,283,134,1,lj,4.2251,5.188314,3.415984
bass_4,s03,135,283,134,6,p2,9.701271061500288,5.009300762446658,2.757318956371372
bass_4,s03,135,283,134,6,pm,4.459628,5.927717,3.39489
bass_4,s03,135,283,134,8,quad,6.086049988692846,4.898877893732248,3.6658163961946313
bass_4,s03,135,283,134,7,so,6.86678,4.731247,3.667505
bass_4,s03,135,283,134,4,uro,5.684901,4.877125,3.033183
bass_4,s03,136,284,135,3,basi,5.176571,5.08253,3.154082
bass_4,s03,136,284,135,2,eye,6.123468,5.961717,4.368213
bass_4,s03,136,284,135,1,lj,4.234098,5.188321,3.421897
bass_4,s03,136,284,135,6,p2,9.698234923799069,5.0051704392750205,2.7553278279219615
bass_4,s03,136,284,135,6,pm,4.462057,5.9272,3.400712
bass_4,s03,136,284,135,8,quad,6.1076787997602935,4.8451270908357165,3.6248966621782133
bass_4,s03,136,284,135,7,so,6.869483,4.725647,3.648126
bass_4,s03,136,284,135,4,uro,5.676856,4.891009,3.032375
bass_4,s03,137,285,136,3,basi,5.176561,5.088055,3.153816
bass_4,s03,137,285,136,2,eye,6.124323,5.954389,4.368367
bass_4,s03,137,285,136,1,lj,4.234098,5.188321,3.421897
bass_4,s03,137,285,136,6,p2,9.694892858298653,5.001149534411961,2.7536748176795065
bass_4,s03,137,285,136,6,pm,4.465913,5.911363,3.401472
bass_4,s03,137,285,136,8,quad,6.155210217102843,4.863813994664187,3.5886822853240536
bass_4,s03,137,285,136,7,so,6.878086,4.725592,3.644416
bass_4,s03,137,285,136,4,uro,5.678512,4.900187,3.041072
bass_4,s03,138,286,137,3,basi,5.178605,5.090843,3.157165
bass_4,s03,138,286,137,2,eye,6.12881,5.944555,4.368615
bass_4,s03,138,286,137,1,lj,4.234013,5.193616,3.421675
bass_4,s03,138,286,137,6,p2,9.691391398489897,4.996309563584107,2.7516771734817116
bass_4,s03,138,286,137,6,pm,4.476908,5.911483,3.401771
bass_4,s03,138,286,137,8,quad,6.139348215295528,4.8605092175957925,3.5804291402257706
bass_4,s03,138,286,137,7,so,6.875848,4.720278,3.632881
bass_4,s03,138,286,137,4,uro,5.678345,4.900289,3.050212
bass_4,s03,139,287,138,3,basi,5.182807,5.09084,3.15724
bass_4,s03,139,287,138,2,eye,6.137648,5.934604,4.368885
bass_4,s03,139,287,138,1,lj,4.23775,5.209236,3.432424
bass_4,s03,139,287,138,6,p2,9.68791173885425,4.9919338593160605,2.7497061967805876
bass_4,s03,139,287,138,6,pm,4.488536,5.900725,3.396332
bass_4,s03,139,287,138,8,quad,6.157909085831692,4.882616901411562,3.558811827287669
bass_4,s03,139,287,138,7,so,6.8799,4.715039,3.629306
bass_4,s03,139,287,138,4,uro,5.680167,4.909363,3.049774
bass_4,s03,140,288,139,3,basi,5.18701,5.090837,3.157315
bass_4,s03,140,288,139,2,eye,6.142,5.934484,4.368906
bass_4,s03,140,288,139,1,lj,4.246789,5.214473,3.426627
bass_4,s03,140,288,139,6,p2,9.683961317691644,4.986863670922922,2.7475375611982504
bass_4,s03,140,288,139,6,pm,4.49226,5.895469,3.396651
bass_4,s03,140,288,139,8,quad,6.146478744261943,4.8825060752250335,3.573235952863189
bass_4,s03,140,288,139,7,so,6.887569,4.703881,3.610051
bass_4,s03,140,288,139,4,uro,5.680084,4.909413,3.054345
bass_4,s03,141,289,140,3,basi,5.188992,5.096342,3.167384
bass_4,s03,141,289,140,2,eye,6.144716,5.924696,4.369142
bass_4,s03,141,289,140,1,lj,4.264793,5.214476,3.438461
bass_4,s03,141,289,140,6,p2,9.67993815666412,4.981943635778952,2.7456135265522157
bass_4,s03,141,289,140,6,pm,4.501634,5.8900690000000004,3.40305
bass_4,s03,141,289,140,8,quad,6.15718573559988,4.8526757318501295,3.499627010371833
bass_4,s03,141,289,140,7,so,6.885369,4.703863,3.60224
bass_4,s03,141,289,140,4,uro,5.67988,4.918691,3.067601
bass_4,s03,142,290,141,3,basi,5.191126,5.104528,3.166989
bass_4,s03,142,290,141,2,eye,6.148147,5.912435,4.366486
bass_4,s03,142,290,141,1,lj,4.266439,5.240785,3.437325
bass_4,s03,142,290,141,6,p2,9.675931535219974,4.976937446547387,2.7434292160451856
bass_4,s03,142,290,141,6,pm,4.503162,5.87955,3.421655
bass_4,s03,142,290,141,8,quad,6.179447357609178,4.837008648956396,3.5666515316449656
bass_4,s03,142,290,141,7,so,6.885331,4.698561,3.598531
bass_4,s03,142,290,141,4,uro,5.677112,4.92327,3.067341
bass_4,s03,143,291,142,3,basi,5.191069,5.107316,3.170303
bass_4,s03,143,291,142,2,eye,6.151776,5.909929,4.36658
bass_4,s03,143,291,142,1,lj,4.266439,5.240785,3.437325
bass_4,s03,143,291,142,6,p2,9.6724342098403,4.972169283087226,2.741814563099581
bass_4,s03,143,291,142,6,pm,4.511229,5.873592,3.439779
bass_4,s03,143,291,142,8,quad,6.181001623892412,4.8603632927142115,3.4963454173571473
bass_4,s03,143,291,142,7,so,6.888198,4.703497,3.582688
bass_4,s03,143,291,142,4,uro,5.682564,4.914161,3.072433
bass_4,s03,144,292,143,3,basi,5.193171,5.107314,3.17034
bass_4,s03,144,292,143,2,eye,6.157074,5.900065,4.366824
bass_4,s03,144,292,143,1,lj,4.276813,5.246299,3.443167
bass_4,s03,144,292,143,6,p2,9.668492413910869,4.967200842442387,2.740005861847542
bass_4,s03,144,292,143,6,pm,4.514706,5.884168,3.445459
bass_4,s03,144,292,143,8,quad,6.201674233752466,4.902665088336072,3.552693942040082
bass_4,s03,144,292,143,7,so,6.8906790000000004,4.692686,3.567456
bass_4,s03,144,292,143,4,uro,5.684878,4.937018,3.089636
bass_4,s03,145,293,144,3,basi,5.192911,5.107444,3.187571
bass_4,s03,145,293,144,2,eye,6.157957,5.895177,4.366933
bass_4,s03,145,293,144,1,lj,4.280702,5.256593,3.448408
bass_4,s03,145,293,144,6,p2,9.664623640028534,4.962190747769898,2.738559449755373
bass_4,s03,145,293,144,6,pm,4.518978,5.8627,3.452266
bass_4,s03,145,293,144,8,quad,6.176409018952685,4.818619212673724,3.521097327171284
bass_4,s03,145,293,144,7,so,6.887673,4.677095,3.564246
bass_4,s03,145,293,144,4,uro,5.683821,4.946147,3.093756
bass_4,s03,146,294,145,3,basi,5.19428,5.112691,3.17004
bass_4,s03,146,294,145,2,eye,6.159658,5.890256,4.367037
bass_4,s03,146,294,145,1,lj,4.278808,5.246166,3.448882
bass_4,s03,146,294,145,6,p2,9.660881182377176,4.957499580276797,2.737341329756899
bass_4,s03,146,294,145,6,pm,4.519027,5.852092,3.458703
bass_4,s03,146,294,145,8,quad,6.215231922676238,4.829097375687368,3.526107869373179
bass_4,s03,146,294,145,7,so,6.889844,4.661139,3.557045
bass_4,s03,146,294,145,4,uro,5.685787,4.950559,3.084401
bass_4,s03,147,295,146,3,basi,5.194123,5.112768,3.18038
bass_4,s03,147,295,146,2,eye,6.165042,5.882847,4.364329
bass_4,s03,147,295,146,1,lj,4.287735,5.251452,3.454586
bass_4,s03,147,295,146,6,p2,9.65753329676992,4.95303072048929,2.7364833102248265
bass_4,s03,147,295,146,6,pm,4.522736,5.841521,3.465235
bass_4,s03,147,295,146,8,quad,6.168739588966813,4.8430451100738185,3.4954425772803712
bass_4,s03,147,295,146,7,so,6.895255,4.676537,3.544698
bass_4,s03,147,295,146,4,uro,5.689189,4.955101,3.093384
bass_4,s03,148,296,147,3,basi,5.195043,5.110035,3.190852
bass_4,s03,148,296,147,2,eye,6.170467,5.873007,4.364598
bass_4,s03,148,296,147,1,lj,4.301701,5.251719,3.460751
bass_4,s03,148,296,147,6,p2,9.654205086887902,4.948328318497419,2.7359118801509235
bass_4,s03,148,296,147,6,pm,4.52626,5.841491,3.477348
bass_4,s03,148,296,147,8,quad,6.148259903732305,4.82569258953881,3.4947761796155294
bass_4,s03,148,296,147,7,so,6.904526,4.676235,3.540841
bass_4,s03,148,296,147,4,uro,5.685465,4.937013,3.098812
bass_4,s03,149,297,148,3,basi,5.19612,5.107224,3.190983
bass_4,s03,149,297,148,2,eye,6.175702,5.872854,4.36754
bass_4,s03,149,297,148,1,lj,4.317509,5.262426,3.472201
bass_4,s03,149,297,148,6,p2,9.65077690137103,4.943713642193288,2.7357788669853846
bass_4,s03,149,297,148,6,pm,4.532402,5.835757,3.483476
bass_4,s03,149,297,148,8,quad,6.223366557697299,4.823215812016246,3.5134353974016457
bass_4,s03,149,297,148,7,so,6.913294,4.665496,3.533574
bass_4,s03,149,297,148,4,uro,5.699509,4.936893,3.094384
bass_4,s03,150,298,149,3,basi,5.198012,5.107327,3.204807
bass_4,s03,150,298,149,2,eye,6.175603,5.86554,4.367676
bass_4,s03,150,298,149,1,lj,4.319565,5.262271,3.472163
bass_4,s03,150,298,149,6,p2,9.64751556044897,4.939104321248653,2.7357530349551067
bass_4,s03,150,298,149,6,pm,4.532275,5.84101,3.489274
bass_4,s03,150,298,149,8,quad,6.208094637451957,4.812011566550818,3.5387076880074764
bass_4,s03,150,298,149,7,so,6.911621,4.686487,3.524936
bass_4,s03,150,298,149,4,uro,5.702133,4.936972,3.103565
bass_4,s03,151,299,150,3,basi,5.199901,5.110189,3.218504
bass_4,s03,151,299,150,2,eye,6.17642,5.855777,4.367877
bass_4,s03,151,299,150,1,lj,4.312471,5.267449,3.471743
bass_4,s03,151,299,150,6,p2,9.644655587707014,4.934673241076733,2.7359109104091983
bass_4,s03,151,299,150,6,pm,4.538273,5.814487,3.490387
bass_4,s03,151,299,150,8,quad,6.1541955744757315,4.847613525586815,3.460596941250145
bass_4,s03,151,299,150,7,so,6.909891,4.680919,3.505552
bass_4,s03,151,299,150,4,uro,5.695578,4.946086,3.103053
bass_4,s03,152,300,151,3,basi,5.199897,5.112948,3.218375
bass_4,s03,152,300,151,2,eye,6.180812,5.848355,4.37389
bass_4,s03,152,300,151,1,lj,4.320105,5.261929,3.477741
bass_4,s03,152,300,151,6,p2,9.641906829994,4.930162279071088,2.7368990844650183
bass_4,s03,152,300,151,6,pm,4.547855,5.835241,3.489561
bass_4,s03,152,300,151,8,quad,6.184934844494994,4.844079548266355,3.528429361173609
bass_4,s03,152,300,151,7,so,6.913498,4.675956,3.521521
bass_4,s03,152,300,151,4,uro,5.691513,4.946199,3.116754
bass_4,s03,153,301,152,3,basi,5.19866,5.118592,3.228462
bass_4,s03,153,301,152,2,eye,6.185219,5.843379,4.374023
bass_4,s03,153,301,152,1,lj,4.3278,5.256385,3.477983
bass_4,s03,153,301,152,6,p2,9.639466661830944,4.925590967641231,2.737061262172715
bass_4,s03,153,301,152,6,pm,4.547388,5.824923,3.502147
bass_4,s03,153,301,152,8,quad,6.159641965197736,4.832803897770469,3.4907629859577294
bass_4,s03,153,301,152,7,so,6.916015,4.67044,3.510012
bass_4,s03,153,301,152,4,uro,5.70725,4.946071,3.116927
bass_4,s03,154,302,153,3,basi,5.200554,5.118692,3.242294
bass_4,s03,154,302,153,2,eye,6.188777,5.836001,4.374208
bass_4,s03,154,302,153,1,lj,4.327599,5.261728,3.489282
bass_4,s03,154,302,153,6,p2,9.637122773273772,4.920599689921939,2.738134110417917
bass_4,s03,154,302,153,6,pm,4.560526,5.814316,3.502822
bass_4,s03,154,302,153,8,quad,6.216657827085221,4.8902893800579115,3.527143535879805
bass_4,s03,154,302,153,7,so,6.922253,4.670481,3.506323
bass_4,s03,154,302,153,4,uro,5.713445,4.950599,3.125944
bass_4,s03,155,303,154,3,basi,5.200501,5.118717,3.245743
bass_4,s03,155,303,154,2,eye,6.186182,5.845855,4.373972
bass_4,s03,155,303,154,1,lj,4.329654,5.261572,3.489245
bass_4,s03,155,303,154,6,p2,9.63500250000192,4.916356355092301,2.7387811169106886
bass_4,s03,155,303,154,6,pm,4.547886,5.81933,3.5022
bass_4,s03,155,303,154,8,quad,6.1486454963897135,4.843924698952665,3.50261427845156
bass_4,s03,155,303,154,7,so,6.924547,4.659765,3.498934
bass_4,s03,155,303,154,4,uro,5.715984,4.950724,3.13971
bass_4,s03,156,304,155,3,basi,5.208836,5.129694,3.252249
bass_4,s03,156,304,155,2,eye,6.187768,5.832808,4.374225
bass_4,s03,156,304,155,1,lj,4.3331,5.261656,3.495104
bass_4,s03,156,304,155,6,p2,9.63352785269052,4.911616022747526,2.739694510768641
bass_4,s03,156,304,155,6,pm,4.555715,5.819118,3.496233
bass_4,s03,156,304,155,8,quad,6.203969361727703,4.832605571372775,3.50039352991313
bass_4,s03,156,304,155,7,so,6.9275080000000004,4.664641,3.4792
bass_4,s03,156,304,155,4,uro,5.721192,4.946048,3.144594
bass_4,s03,157,305,156,3,basi,5.208783,5.129719,3.255699
bass_4,s03,157,305,156,2,eye,6.190264,5.830615,4.374315
bass_4,s03,157,305,156,1,lj,4.339201,5.261217,3.500753
bass_4,s03,157,305,156,6,p2,9.63210151556554,4.906767462735562,2.740343543501942
bass_4,s03,157,305,156,6,pm,4.567298,5.803064,3.496994
bass_4,s03,157,305,156,8,quad,6.209593892427078,4.854669021654469,3.4586893287253986
bass_4,s03,157,305,156,7,so,6.93782,4.65417,3.479913
bass_4,s03,157,305,156,4,uro,5.725783,4.950536,3.14443
bass_4,s03,158,306,157,3,basi,5.225628,5.126705,3.262914
bass_4,s03,158,306,157,2,eye,6.193474,5.813219,4.374682
bass_4,s03,158,306,157,1,lj,4.346217,5.261332,3.500955
bass_4,s03,158,306,157,6,p2,9.63118973929507,4.902376578668845,2.740811497046087
bass_4,s03,158,306,157,6,pm,4.570567,5.798119,3.49745
bass_4,s03,158,306,157,8,quad,6.22759520864956,4.828072140041383,3.50414668988406
bass_4,s03,158,306,157,7,so,6.934402,4.664432,3.475353
bass_4,s03,158,306,157,4,uro,5.731125,4.954931,3.144297
bass_4,s03,159,307,158,3,basi,5.231834,5.126742,3.269924
bass_4,s03,159,307,158,2,eye,6.195146,5.806673,4.374814
bass_4,s03,159,307,158,1,lj,4.350326,5.261023,3.500884
bass_4,s03,159,307,158,6,p2,9.630483200738556,4.897689370963097,2.741491398116122
bass_4,s03,159,307,158,6,pm,4.570512,5.803402,3.497242
bass_4,s03,159,307,158,8,quad,6.2294577421321025,4.832290896564715,3.4752886830065184
bass_4,s03,159,307,158,7,so,6.940651,4.653788,3.460399
bass_4,s03,159,307,158,4,uro,5.736713,4.9549,3.144352
bass_4,s03,160,308,159,3,basi,5.231887,5.126717,3.266474
bass_4,s03,160,308,159,2,eye,6.200282,5.80002,4.37787
bass_4,s03,160,308,159,1,lj,4.3502,5.261076,3.512399
bass_4,s03,160,308,159,6,p2,9.630039995733584,4.89404957486035,2.741982045882295
bass_4,s03,160,308,159,6,pm,4.570443,5.803374,3.503246
bass_4,s03,160,308,159,8,quad,6.2388825725086345,4.837042581191779,3.4773628145101014
bass_4,s03,160,308,159,7,so,6.94773,4.658883,3.467956
bass_4,s03,160,308,159,4,uro,5.746483,4.950158,3.1493
bass_4,s03,161,309,160,3,basi,5.236181,5.115498,3.266978
bass_4,s03,161,309,160,2,eye,6.203659,5.797733,4.383735
bass_4,s03,161,309,160,1,lj,4.353868,5.245299,3.518884
bass_4,s03,161,309,160,6,p2,9.629941659235335,4.889771360073796,2.7423090346093737
bass_4,s03,161,309,160,6,pm,4.583677,5.7822,3.504334
bass_4,s03,161,309,160,8,quad,6.24762109147184,4.788992420633935,3.4885021292683436
bass_4,s03,161,309,160,7,so,6.950059,4.648053,3.445063
bass_4,s03,161,309,160,4,uro,5.753036,4.941047,3.149793
bass_4,s03,162,310,161,3,basi,5.247694,5.1043,3.27794
bass_4,s03,162,310,161,2,eye,6.210565,5.793243,4.383882
bass_4,s03,162,310,161,1,lj,4.353868,5.245299,3.518884
bass_4,s03,162,310,161,6,p2,9.630024643428662,4.886196975898285,2.742477858288274
bass_4,s03,162,310,161,6,pm,4.596694,5.782148,3.50459
bass_4,s03,162,310,161,8,quad,6.220428434927994,4.8449377350092,3.4617656256960743
bass_4,s03,162,310,161,7,so,6.948413,4.653104,3.433069
bass_4,s03,162,310,161,4,uro,5.757601,4.940977,3.14985
bass_4,s03,163,311,162,3,basi,5.242524,5.104303,3.270969
bass_4,s03,163,311,162,2,eye,6.212069,5.78455,4.386974
bass_4,s03,163,311,162,1,lj,4.36281,5.245313,3.530562
bass_4,s03,163,311,162,6,p2,9.630386001106851,4.882755330536688,2.7425903049614253
bass_4,s03,163,311,162,6,pm,4.600757,5.771269,3.516947
bass_4,s03,163,311,162,8,quad,6.2324452348226815,4.8529201460211775,3.441925849797159
bass_4,s03,163,311,162,7,so,6.955496,4.647503,3.429364
bass_4,s03,163,311,162,4,uro,5.763015,4.941036,3.159061
bass_4,s03,164,312,163,3,basi,5.2497490000000004,5.096053,3.281797
bass_4,s03,164,312,163,2,eye,6.215346,5.778021,4.387161
bass_4,s03,164,312,163,1,lj,4.36281,5.245313,3.530562
bass_4,s03,164,312,163,6,p2,9.630735409022948,4.879612763528051,2.7426141708097527
bass_4,s03,164,312,163,6,pm,4.595479,5.765774,3.522934
bass_4,s03,164,312,163,8,quad,6.229748759739526,4.768961113485004,3.4605289890010815
bass_4,s03,164,312,163,7,so,6.960292,4.641934,3.421771
bass_4,s03,164,312,163,4,uro,5.77016,4.949942,3.158743
bass_4,s03,165,313,164,3,basi,5.255069,5.087639,3.28221
bass_4,s03,165,313,164,2,eye,6.215904,5.771522,4.393118
bass_4,s03,165,313,164,1,lj,4.37036,5.245091,3.536348
bass_4,s03,165,313,164,6,p2,9.630806646317142,4.877832394122611,2.7428739890740457
bass_4,s03,165,313,164,6,pm,4.608318,5.77626,3.528782
bass_4,s03,165,313,164,8,quad,6.2404521721129385,4.833440376679999,3.497686239259792
bass_4,s03,165,313,164,7,so,6.964809,4.641817,3.417935
bass_4,s03,165,313,164,4,uro,5.769901,4.950083,3.172483
bass_4,s03,166,314,165,3,basi,5.265659,5.084681,3.282449
bass_4,s03,166,314,165,2,eye,6.2227,5.764901,4.393327
bass_4,s03,166,314,165,1,lj,4.37036,5.245091,3.536348
bass_4,s03,166,314,165,6,p2,9.631123630271269,4.876511365549081,2.7428338877263383
bass_4,s03,166,314,165,6,pm,4.610296,5.776102,3.534755
bass_4,s03,166,314,165,8,quad,6.266552759728188,4.791265127156436,3.4824214502858504
bass_4,s03,166,314,165,7,so,6.976357,4.646748,3.410029
bass_4,s03,166,314,165,4,uro,5.775402,4.950094,3.177117
bass_4,s03,167,315,166,3,basi,5.272983,5.08189,3.286129
bass_4,s03,167,315,166,2,eye,6.226831,5.754004,4.393587
bass_4,s03,167,315,166,1,lj,4.377982,5.239585,3.542342
bass_4,s03,167,315,166,6,p2,9.63140361489064,4.875092604631354,2.742562733592367
bass_4,s03,167,315,166,6,pm,4.60819,5.760329,3.553392
bass_4,s03,167,315,166,8,quad,6.211786602383705,4.7790364679883055,3.4645859299970323
bass_4,s03,167,315,166,7,so,6.976083,4.636224,3.410479
bass_4,s03,167,315,166,4,uro,5.777807,4.959161,3.185912
bass_4,s03,168,316,167,3,basi,5.285567,5.06796,3.29379
bass_4,s03,168,316,167,2,eye,6.233597,5.749539,4.396655
bass_4,s03,168,316,167,1,lj,4.384805,5.23978,3.55981
bass_4,s03,168,316,167,6,p2,9.6316470815494,4.873524105262595,2.7424669351274056
bass_4,s03,168,316,167,6,pm,4.612235,5.76534,3.553136
bass_4,s03,168,316,167,8,quad,6.285895543662098,4.7991612869147575,3.414358303031756
bass_4,s03,168,316,167,7,so,6.982471,4.62556,3.403271
bass_4,s03,168,316,167,4,uro,5.783655,4.958986,3.17222
bass_4,s04,1,152,0,3,basi,7.734585,5.546739,3.865577
bass_4,s04,1,152,0,2,eye,8.357395,6.09055,5.15558
bass_4,s04,1,152,0,1,lj,6.864734,5.885492,3.992274
bass_4,s04,1,152,0,6,p2,11.491616874285343,4.485352739556682,4.845957617344283
bass_4,s04,1,152,0,6,pm,7.081163,6.34416,4.053734
bass_4,s04,1,152,0,8,quad,8.710259124625345,5.104291410749399,4.295839149396216
bass_4,s04,1,152,0,7,so,9.443402,4.801467,4.344099
bass_4,s04,1,152,0,4,uro,8.458923,5.365963,3.853107
bass_4,s04,2,153,1,3,basi,7.723593,5.541974,3.853777
bass_4,s04,2,153,1,2,eye,8.344884,6.090668,5.152622
bass_4,s04,2,153,1,1,lj,6.848391,5.885912,3.986138
bass_4,s04,2,153,1,6,p2,11.488277140234102,4.485098400192867,4.845299832418181
bass_4,s04,2,153,1,6,pm,7.065044,6.340867,4.05366
bass_4,s04,2,153,1,8,quad,8.739785817288464,5.075526621857794,4.271461619481315
bass_4,s04,2,153,1,7,so,9.432502,4.801671,4.343972
bass_4,s04,2,153,1,4,uro,8.454548,5.360215,3.847811
bass_4,s04,3,154,2,3,basi,7.712342,5.526899,3.854023
bass_4,s04,3,154,2,2,eye,8.325674,6.085071,5.147127
bass_4,s04,3,154,2,1,lj,6.835677,5.886181,3.979997
bass_4,s04,3,154,2,6,p2,11.484481064950884,4.485299518086199,4.84569163387141
bass_4,s04,3,154,2,6,pm,7.047929,6.337799,4.036479
bass_4,s04,3,154,2,8,quad,8.726751347030051,5.122100355569398,4.225147145663509
bass_4,s04,3,154,2,7,so,9.423726,4.8021,4.34403
bass_4,s04,3,154,2,4,uro,8.435677,5.360715,3.842482
bass_4,s04,4,155,3,3,basi,7.699028,5.527297,3.84605
bass_4,s04,4,155,3,2,eye,8.300003,6.085763,5.136067
bass_4,s04,4,155,3,1,lj,6.80019,5.886983,3.967641
bass_4,s04,4,155,3,6,p2,11.4807560190816,4.484419741784139,4.84550165394828
bass_4,s04,4,155,3,6,pm,7.04221,6.330502,4.030777
bass_4,s04,4,155,3,8,quad,8.652123656262189,5.104167168077893,4.229391477068147
bass_4,s04,4,155,3,7,so,9.402512,4.797894,4.344383
bass_4,s04,4,155,3,4,uro,8.416805,5.361212,3.837151
bass_4,s04,5,156,4,3,basi,7.672147,5.517785,3.842146
bass_4,s04,5,156,4,2,eye,8.290633,6.080142,5.128104
bass_4,s04,5,156,4,1,lj,6.792572,5.865767,3.9622830000000002
bass_4,s04,5,156,4,6,p2,11.476585985659364,4.484811721855012,4.843814195169525
bass_4,s04,5,156,4,6,pm,7.023537,6.327327,4.019237
bass_4,s04,5,156,4,8,quad,8.635602171637489,5.0978992291245575,4.181401328602198
bass_4,s04,5,156,4,7,so,9.377047,4.79771,4.327284
bass_4,s04,5,156,4,4,uro,8.401246,5.361471,3.826555
bass_4,s04,6,157,5,3,basi,7.653006,5.522972,3.837671
bass_4,s04,6,157,5,2,eye,8.281069,6.076852,5.130464
bass_4,s04,6,157,5,1,lj,6.773408,5.859001,3.950298
bass_4,s04,6,157,5,6,p2,11.46936146270984,4.484127249309983,4.842349444360687
bass_4,s04,6,157,5,6,pm,7.010257,6.313309,4.008205
bass_4,s04,6,157,5,8,quad,8.606069649982567,5.035207213500122,4.2121529221591825
bass_4,s04,6,157,5,7,so,9.362623,4.786109,4.32125
bass_4,s04,6,157,5,4,uro,8.39356,5.355963,3.826533
bass_4,s04,7,158,6,3,basi,7.641444,5.523435,3.837691
bass_4,s04,7,158,6,2,eye,8.256858,6.067829,5.124657
bass_4,s04,7,158,6,1,lj,6.757174,5.852296,3.932431
bass_4,s04,7,158,6,6,p2,11.460739977786332,4.483552932935785,4.8408240223674595
bass_4,s04,7,158,6,6,pm,6.98974,6.306809,3.985482
bass_4,s04,7,158,6,8,quad,8.602166122610992,5.093315093399483,4.144323803822321
bass_4,s04,7,158,6,7,so,9.349518,4.787346,4.31623
bass_4,s04,7,158,6,4,uro,8.374687,5.356456,3.821203
bass_4,s04,8,159,7,3,basi,7.617331,5.508537,3.829852
bass_4,s04,8,159,7,2,eye,8.233406,6.065516,5.116457
bass_4,s04,8,159,7,1,lj,6.75075,5.852411,3.93235
bass_4,s04,8,159,7,6,p2,11.451361964640745,4.4828383655638016,4.839271084517745
bass_4,s04,8,159,7,6,pm,6.985667,6.303259,3.974074
bass_4,s04,8,159,7,8,quad,8.601080572798573,5.0725552402820595,4.2050907143168494
bass_4,s04,8,159,7,7,so,9.337886,4.786741,4.310134
bass_4,s04,8,159,7,4,uro,8.352154,5.346261,3.816303
bass_4,s04,9,160,8,3,basi,7.599195,5.498903,3.826087
bass_4,s04,9,160,8,2,eye,8.219002,6.059524,5.113554
bass_4,s04,9,160,8,1,lj,6.72767,5.838558,3.926558
bass_4,s04,9,160,8,6,p2,11.4418602450859,4.4814801895896235,4.8354514279600105
bass_4,s04,9,160,8,6,pm,6.961854,6.300041,3.973867
bass_4,s04,9,160,8,8,quad,8.620689569736163,5.009667094348171,4.184140072479987
bass_4,s04,9,160,8,7,so,9.324391,4.775902,4.30459
bass_4,s04,9,160,8,4,uro,8.337201,5.340699,3.810889
bass_4,s04,10,161,9,3,basi,7.590608,5.493984,3.81428
bass_4,s04,10,161,9,2,eye,8.2063,6.062978,5.108019
bass_4,s04,10,161,9,1,lj,6.711308,5.831805,3.914673
bass_4,s04,10,161,9,6,p2,11.432302785749206,4.48139595878793,4.831639604832685
bass_4,s04,10,161,9,6,pm,6.9389,6.293453,3.968248
bass_4,s04,10,161,9,8,quad,8.584261072125546,5.065144644623497,4.23282575006615
bass_4,s04,10,161,9,7,so,9.304913,4.776475,4.299027
bass_4,s04,10,161,9,4,uro,8.313039,5.341274,3.805492
bass_4,s04,11,162,10,3,basi,7.584207,5.488929,3.81034
bass_4,s04,11,162,10,2,eye,8.180017,6.051165,5.099687
bass_4,s04,11,162,10,1,lj,6.695666,5.832015,3.914431
bass_4,s04,11,162,10,6,p2,11.421458792525092,4.479598342534469,4.828266673395374
bass_4,s04,11,162,10,6,pm,6.931468,6.293693,3.956757
bass_4,s04,11,162,10,8,quad,8.569455028594893,5.054935812806465,4.175172073421385
bass_4,s04,11,162,10,7,so,9.295483,4.766117,4.29933
bass_4,s04,11,162,10,4,uro,8.297477,5.341527,3.794904
bass_4,s04,12,163,11,3,basi,7.568001,5.484606,3.798741
bass_4,s04,12,163,11,2,eye,8.170728,6.054454,5.088715
bass_4,s04,12,163,11,1,lj,6.680156,5.832261,3.908227
bass_4,s04,12,163,11,6,p2,11.41034051176671,4.478412496717247,4.823521659531225
bass_4,s04,12,163,11,6,pm,6.915546,6.286895,3.945447
bass_4,s04,12,163,11,8,quad,8.567892439747197,5.054895697432042,4.1858164079318385
bass_4,s04,12,163,11,7,so,9.279329,4.766367,4.293652
bass_4,s04,12,163,11,4,uro,8.282772,5.341431,3.789315
bass_4,s04,13,164,12,3,basi,7.552806,5.474624,3.790895
bass_4,s04,13,164,12,2,eye,8.158814,6.051686,5.08865
bass_4,s04,13,164,12,1,lj,6.652641,5.818682,3.90252
bass_4,s04,13,164,12,6,p2,11.399326877911207,4.477319847480558,4.818900298110078
bass_4,s04,13,164,12,6,pm,6.895272,6.287187,3.94513
bass_4,s04,13,164,12,8,quad,8.540022693024587,5.088580730605997,4.22556182449448
bass_4,s04,13,164,12,7,so,9.265981,4.760964,4.293474
bass_4,s04,13,164,12,4,uro,8.2691,5.336358,3.779046
bass_4,s04,14,165,13,3,basi,7.535009,5.464772,3.790965
bass_4,s04,14,165,13,2,eye,8.148822,6.051981,5.08317
bass_4,s04,14,165,13,1,lj,6.634881,5.811545,3.90235
bass_4,s04,14,165,13,6,p2,11.387954966191286,4.476203592499317,4.813267513581123
bass_4,s04,14,165,13,6,pm,6.869671,6.277051,3.928177
bass_4,s04,14,165,13,8,quad,8.523628819632972,5.109428368415624,4.208617354456021
bass_4,s04,14,165,13,7,so,9.24844,4.761791,4.293572
bass_4,s04,14,165,13,4,uro,8.248367,5.31997,3.773959
bass_4,s04,15,166,14,3,basi,7.523926,5.459973,3.783144
bass_4,s04,15,166,14,2,eye,8.13158,6.046025,5.080228
bass_4,s04,15,166,14,1,lj,6.621874,5.797429,3.896661
bass_4,s04,15,166,14,6,p2,11.37674402661504,4.474418592477909,4.8084081880391825
bass_4,s04,15,166,14,6,pm,6.858388,6.277197,3.933718
bass_4,s04,15,166,14,8,quad,8.460928316051714,5.052174279848722,4.200867841227688
bass_4,s04,15,166,14,7,so,9.238094,4.750688,4.293407
bass_4,s04,15,166,14,4,uro,8.239347,5.303885,3.769329
bass_4,s04,16,167,15,3,basi,7.510176,5.450258,3.779458
bass_4,s04,16,167,15,2,eye,8.117525,6.046292,5.0746270000000004
bass_4,s04,16,167,15,1,lj,6.60082,5.790879,3.896777
bass_4,s04,16,167,15,6,p2,11.36565017099396,4.473541805755319,4.803072494930275
bass_4,s04,16,167,15,6,pm,6.836104,6.266842,3.922435
bass_4,s04,16,167,15,8,quad,8.484251190625413,5.046898711420595,4.207933193409936
bass_4,s04,16,167,15,7,so,9.215166,4.746111,4.282599
bass_4,s04,16,167,15,4,uro,8.227668,5.298939,3.764386
bass_4,s04,17,168,16,3,basi,7.487964,5.435417,3.775697
bass_4,s04,17,168,16,2,eye,8.105521,6.037343,5.069211
bass_4,s04,17,168,16,1,lj,6.585155,5.776774,3.885063
bass_4,s04,17,168,16,6,p2,11.35437594851198,4.471441650738864,4.7976381839929605
bass_4,s04,17,168,16,6,pm,6.83124,6.26696,3.922393
bass_4,s04,17,168,16,8,quad,8.47584542764165,5.038849517556378,4.175090335840418
bass_4,s04,17,168,16,7,so,9.194254,4.7406,4.282184
bass_4,s04,17,168,16,4,uro,8.211229,5.282804,3.759567
bass_4,s04,18,169,17,3,basi,7.470184,5.425564,3.775773
bass_4,s04,18,169,17,2,eye,8.086102,6.037486,5.0661
bass_4,s04,18,169,17,1,lj,6.568685,5.76997,3.879161
bass_4,s04,18,169,17,6,p2,11.343812523165656,4.47071490142253,4.793167045974414
bass_4,s04,18,169,17,6,pm,6.810689,6.249081,3.916946
bass_4,s04,18,169,17,8,quad,8.43899953034237,5.060302493766737,4.129544617735367
bass_4,s04,18,169,17,7,so,9.188488,4.735309,4.282248
bass_4,s04,18,169,17,4,uro,8.19023,5.283145,3.754115
bass_4,s04,19,170,18,3,basi,7.454418,5.410727,3.768237
bass_4,s04,19,170,18,2,eye,8.068589,6.034823,5.063258
bass_4,s04,19,170,18,1,lj,6.552758,5.74864,3.873636
bass_4,s04,19,170,18,6,p2,11.33306229806895,4.469464767783261,4.7886777277193175
bass_4,s04,19,170,18,6,pm,6.79284,6.246054,3.9056
bass_4,s04,19,170,18,8,quad,8.430926626141659,5.052700807800985,4.166235112986995
bass_4,s04,19,170,18,7,so,9.170213,4.735346,4.276401
bass_4,s04,19,170,18,4,uro,8.171337,5.255934,3.744377
bass_4,s04,20,171,19,3,basi,7.436272,5.406278,3.756562
bass_4,s04,20,171,19,2,eye,8.056156,6.034982,5.057631
bass_4,s04,20,171,19,1,lj,6.533234,5.734608,3.873842
bass_4,s04,20,171,19,6,p2,11.322460212523502,4.467937799658121,4.784441239233333
bass_4,s04,20,171,19,6,pm,6.779117,6.246398,3.894047
bass_4,s04,20,171,19,8,quad,8.395044434133357,5.0346541734277475,4.151948793010072
bass_4,s04,20,171,19,7,so,9.156878,4.729948,4.27623
bass_4,s04,20,171,19,4,uro,8.14839,5.234747,3.739881
bass_4,s04,21,172,20,3,basi,7.414994,5.40638,3.752191
bass_4,s04,21,172,20,2,eye,8.043318,6.035315,5.052109
bass_4,s04,21,172,20,1,lj,6.506486,5.720823,3.874029
bass_4,s04,21,172,20,6,p2,11.312141217715393,4.466904479239876,4.779937912920975
bass_4,s04,21,172,20,6,pm,6.7636,6.235701,3.888444
bass_4,s04,21,172,20,8,quad,8.448345269639233,5.011220484951884,4.117910561124411
bass_4,s04,21,172,20,7,so,9.137091,4.725104,4.270795
bass_4,s04,21,172,20,4,uro,8.122887,5.229369,3.73438
bass_4,s04,22,173,21,3,basi,7.396706,5.406984,3.752149
bass_4,s04,22,173,21,2,eye,8.021823,6.032655,5.046464
bass_4,s04,22,173,21,1,lj,6.489345,5.714148,3.862248
bass_4,s04,22,173,21,6,p2,11.301946157766,4.465885153992101,4.776165626373824
bass_4,s04,22,173,21,6,pm,6.73774,6.236201,3.893852
bass_4,s04,22,173,21,8,quad,8.409181760320793,4.976030919699397,4.134887212801916
bass_4,s04,22,173,21,7,so,9.11863,4.7252,4.270432
bass_4,s04,22,173,21,4,uro,8.103806,5.224359,3.729254
bass_4,s04,23,174,22,3,basi,7.378989,5.39207,3.744538
bass_4,s04,23,174,22,2,eye,7.996028,6.036354,5.043463
bass_4,s04,23,174,22,1,lj,6.460757,5.700247,3.856369
bass_4,s04,23,174,22,6,p2,11.2921422895672,4.464940165470276,4.7733207891333365
bass_4,s04,23,174,22,6,pm,6.725176,6.236414,3.893679
bass_4,s04,23,174,22,8,quad,8.343182905344067,5.0260535238596935,4.149000181440732
bass_4,s04,23,174,22,7,so,9.102295,4.725501,4.270241
bass_4,s04,23,174,22,4,uro,8.089861,5.219277,3.729369
bass_4,s04,24,175,23,3,basi,7.356243,5.362088,3.745251
bass_4,s04,24,175,23,2,eye,7.980062,6.040016,5.037985
bass_4,s04,24,175,23,1,lj,6.4379,5.686361,3.844687
bass_4,s04,24,175,23,6,p2,11.28250786914991,4.464014524071831,4.769912144357547
bass_4,s04,24,175,23,6,pm,6.704489,6.233354,3.882246
bass_4,s04,24,175,23,8,quad,8.338144110014932,4.9848429048556016,4.172271761280669
bass_4,s04,24,175,23,7,so,9.082455,4.726159,4.275634
bass_4,s04,24,175,23,4,uro,8.074835,5.209029,3.724682
bass_4,s04,25,176,24,3,basi,7.334432,5.362529,3.729313
bass_4,s04,25,176,24,2,eye,7.967018,6.037197,5.035159
bass_4,s04,25,176,24,1,lj,6.411562,5.679779,3.832774
bass_4,s04,25,176,24,6,p2,11.273079701922338,4.463049299429565,4.766348599510118
bass_4,s04,25,176,24,6,pm,6.691582,6.233844,3.870834
bass_4,s04,25,176,24,8,quad,8.302349788304562,5.03354724191873,4.146977958934598
bass_4,s04,25,176,24,7,so,9.075815,4.726758,4.275845
bass_4,s04,25,176,24,4,uro,8.046658,5.214795,3.718856
bass_4,s04,26,177,25,3,basi,7.327893,5.352426,3.725586
bass_4,s04,26,177,25,2,eye,7.955679,6.034303,5.029622
bass_4,s04,26,177,25,1,lj,6.397929,5.672935,3.826956
bass_4,s04,26,177,25,6,p2,11.263953852876678,4.4625659580762225,4.76271336998056
bass_4,s04,26,177,25,6,pm,6.674933,6.230526,3.85932
bass_4,s04,26,177,25,8,quad,8.3451585870402,4.984444988863599,4.190961650906361
bass_4,s04,26,177,25,7,so,9.057355,4.726857,4.275483
bass_4,s04,26,177,25,4,uro,8.021165,5.209425,3.713368
bass_4,s04,27,178,26,3,basi,7.287785,5.327864,3.71421
bass_4,s04,27,178,26,2,eye,7.943199,6.031374,5.02133
bass_4,s04,27,178,26,1,lj,6.372046,5.659008,3.827102
bass_4,s04,27,178,26,6,p2,11.254913233955367,4.462190460031526,4.758841102311789
bass_4,s04,27,178,26,6,pm,6.647512,6.235006,3.847664
bass_4,s04,27,178,26,8,quad,8.319627561699965,4.985787942200285,4.160373167967598
bass_4,s04,27,178,26,7,so,9.039263,4.726841,4.264163
bass_4,s04,27,178,26,4,uro,8.002646,5.193145,3.708464
bass_4,s04,28,179,27,3,basi,7.283473,5.322853,3.706472
bass_4,s04,28,179,27,2,eye,7.927434,6.031718,5.018449
bass_4,s04,28,179,27,1,lj,6.354679,5.644817,3.803506
bass_4,s04,28,179,27,6,p2,11.246544858870209,4.461109194100125,4.755146851218767
bass_4,s04,28,179,27,6,pm,6.638459,6.238761,3.847382
bass_4,s04,28,179,27,8,quad,8.23434412670927,4.969091152496296,4.1407458684377865
bass_4,s04,28,179,27,7,so,9.022744,4.727198,4.26945
bass_4,s04,28,179,27,4,uro,7.983978,5.165873,3.693625
bass_4,s04,29,180,28,3,basi,7.274554,5.312861,3.702776
bass_4,s04,29,180,28,2,eye,7.90903,6.028792,5.018123
bass_4,s04,29,180,28,1,lj,6.33618,5.609347,3.798653
bass_4,s04,29,180,28,6,p2,11.238351476119623,4.460992192363566,4.75051748513616
bass_4,s04,29,180,28,6,pm,6.61766,6.242863,3.847052
bass_4,s04,29,180,28,8,quad,8.261801640340929,4.92870527977842,4.123130519333998
bass_4,s04,29,180,28,7,so,8.998657,4.72746,4.274508
bass_4,s04,29,180,28,4,uro,7.963479,5.150208,3.689075
bass_4,s04,30,181,29,3,basi,7.262436,5.293062,3.703477
bass_4,s04,30,181,29,2,eye,7.894407,6.029168,5.017996
bass_4,s04,30,181,29,1,lj,6.320227,5.580789,3.793449
bass_4,s04,30,181,29,6,p2,11.230239615479912,4.461170358304113,4.745655133806362
bass_4,s04,30,181,29,6,pm,6.593723,6.243631,3.829841
bass_4,s04,30,181,29,8,quad,8.255547132509527,5.001170301719953,4.154007696742995
bass_4,s04,30,181,29,7,so,8.988964,4.727172,4.274114
bass_4,s04,30,181,29,4,uro,7.944395,5.123001,3.689749
bass_4,s04,31,182,30,3,basi,7.244763,5.278123,3.695915
bass_4,s04,31,182,30,2,eye,7.878199,6.032739,5.020565
bass_4,s04,31,182,30,1,lj,6.297308,5.566847,3.78775
bass_4,s04,31,182,30,6,p2,11.222588945196811,4.46199118649251,4.7403054788435846
bass_4,s04,31,182,30,6,pm,6.581153,6.243849,3.82967
bass_4,s04,31,182,30,8,quad,8.217673616493746,4.985465083306007,4.085119627884808
bass_4,s04,31,182,30,7,so,8.970237,4.728444,4.274453
bass_4,s04,31,182,30,4,uro,7.914582,5.11266,3.684703
bass_4,s04,32,183,31,3,basi,7.229433,5.268151,3.696004
bass_4,s04,32,183,31,2,eye,7.864502,6.035916,5.020234
bass_4,s04,32,183,31,1,lj,6.264396,5.553121,3.78196
bass_4,s04,32,183,31,6,p2,11.2148673220211,4.461958842020401,4.733830497728529
bass_4,s04,32,183,31,6,pm,6.55842,6.251636,3.817744
bass_4,s04,32,183,31,8,quad,8.17033237588735,4.970188150288047,4.088300174946939
bass_4,s04,32,183,31,7,so,8.958299,4.722513,4.268545
bass_4,s04,32,183,31,4,uro,7.896322,5.101839,3.679629
bass_4,s04,33,184,32,3,basi,7.219993,5.25843,3.680753
bass_4,s04,33,184,32,2,eye,7.845891,6.036304,5.017308
bass_4,s04,33,184,32,1,lj,6.239491,5.539114,3.776182
bass_4,s04,33,184,32,6,p2,11.207506470585972,4.462375693261209,4.726900712009404
bass_4,s04,33,184,32,6,pm,6.528006,6.25603,3.811655
bass_4,s04,33,184,32,8,quad,8.187203479504388,4.94626199014085,4.091577159007741
bass_4,s04,33,184,32,7,so,8.936968,4.718246,4.274321
bass_4,s04,33,184,32,4,uro,7.876714,5.085875,3.680076
bass_4,s04,34,185,33,3,basi,7.207489,5.253349,3.668897
bass_4,s04,34,185,33,2,eye,7.82647,6.037003,5.014569
bass_4,s04,34,185,33,1,lj,6.213692,5.517979,3.770684
bass_4,s04,34,185,33,6,p2,11.20056490026584,4.464419050428644,4.720610831901522
bass_4,s04,34,185,33,6,pm,6.51477,6.252695,3.811672
bass_4,s04,34,185,33,8,quad,8.160288692771939,4.914196157015373,4.141112838846786
bass_4,s04,34,185,33,7,so,8.918512,4.718355,4.273965
bass_4,s04,34,185,33,4,uro,7.854554,5.08101,3.675015
bass_4,s04,35,186,34,3,basi,7.172445,5.228396,3.665301
bass_4,s04,35,186,34,2,eye,7.815557,6.043506,5.00631
bass_4,s04,35,186,34,1,lj,6.191515,5.489533,3.75955
bass_4,s04,35,186,34,6,p2,11.193120740911718,4.465904969725071,4.713281509347729
bass_4,s04,35,186,34,6,pm,6.502927,6.260135,3.811205
bass_4,s04,35,186,34,8,quad,8.098439502633305,4.985119645968349,4.1374424779537025
bass_4,s04,35,186,34,7,so,8.897034,4.724149,4.273581
bass_4,s04,35,186,34,4,uro,7.850059,5.07533,3.674989
bass_4,s04,36,187,35,3,basi,7.15809,5.20866,3.662115
bass_4,s04,36,187,35,2,eye,7.797675,6.043556,5.005883
bass_4,s04,36,187,35,1,lj,6.174627,5.453833,3.76058
bass_4,s04,36,187,35,6,p2,11.185923126683493,4.4678393270679395,4.704544150467523
bass_4,s04,36,187,35,6,pm,6.466038,6.26815,3.816241
bass_4,s04,36,187,35,8,quad,8.089648164675566,4.8824782126721,4.109314678351587
bass_4,s04,36,187,35,7,so,8.877201,4.724791,4.278964
bass_4,s04,36,187,35,4,uro,7.809665,5.059635,3.664868
bass_4,s04,37,188,36,3,basi,7.139473,5.173637,3.65542
bass_4,s04,37,188,36,2,eye,7.784344,6.04401,5.003137
bass_4,s04,37,188,36,1,lj,6.159066,5.439671,3.749068
bass_4,s04,37,188,36,6,p2,11.178780298460612,4.469887149728736,4.696751268070116
bass_4,s04,37,188,36,6,pm,6.450143,6.268551,3.8104
bass_4,s04,37,188,36,8,quad,8.106826781983724,4.943951448181446,4.145012704827759
bass_4,s04,37,188,36,7,so,8.864011,4.724865,4.284155
bass_4,s04,37,188,36,4,uro,7.780819,5.043472,3.654733
bass_4,s04,38,189,37,3,basi,7.119327,5.153723,3.648107
bass_4,s04,38,189,37,2,eye,7.771342,6.044282,5.002983
bass_4,s04,38,189,37,1,lj,6.131769,5.411426,3.737998
bass_4,s04,38,189,37,6,p2,11.171543069741476,4.471795600859796,4.688725751897729
bass_4,s04,38,189,37,6,pm,6.43899,6.268771,3.81027
bass_4,s04,38,189,37,8,quad,8.073625661135951,4.908793603008214,4.10040417399142
bass_4,s04,38,189,37,7,so,8.833405,4.731161,4.294764
bass_4,s04,38,189,37,4,uro,7.748714,5.027528,3.649798
bass_4,s04,39,190,38,3,basi,7.093195,5.149014,3.644014
bass_4,s04,39,190,38,2,eye,7.755684,6.047749,5.000086
bass_4,s04,39,190,38,1,lj,6.102344,5.390373,3.738413
bass_4,s04,39,190,38,6,p2,11.16410501420765,4.474000097788901,4.680998033144462
bass_4,s04,39,190,38,6,pm,6.421731,6.26559,3.798847
bass_4,s04,39,190,38,8,quad,7.987129078661815,4.936004678815869,4.148285723115149
bass_4,s04,39,190,38,7,so,8.817362,4.736854,4.294447
bass_4,s04,39,190,38,4,uro,7.735763,5.016613,3.644821
bass_4,s04,40,191,39,3,basi,7.081759,5.128969,3.636837
bass_4,s04,40,191,39,2,eye,7.744963,6.048017,4.989075
bass_4,s04,40,191,39,1,lj,6.065908,5.362242,3.727241
bass_4,s04,40,191,39,6,p2,11.15615803591992,4.47592003556262,4.673188744179217
bass_4,s04,40,191,39,6,pm,6.3954,6.266646,3.758903
bass_4,s04,40,191,39,8,quad,8.027571543643523,4.886078046386028,4.12184071458685
bass_4,s04,40,191,39,7,so,8.795407,4.737311,4.29967
bass_4,s04,40,191,39,4,uro,7.71642,5.006103,3.645073
bass_4,s04,41,192,40,3,basi,7.057156,5.104048,3.62967
bass_4,s04,41,192,40,2,eye,7.73928,6.047782,4.988965
bass_4,s04,41,192,40,1,lj,6.046541,5.326506,3.716492
bass_4,s04,41,192,40,6,p2,11.148351940045217,4.477967251599432,4.664897612784415
bass_4,s04,41,192,40,6,pm,6.366802,6.2672,3.758562
bass_4,s04,41,192,40,8,quad,8.007861627493218,4.863317899123919,4.177676529534516
bass_4,s04,41,192,40,7,so,8.769215,4.743892,4.305113
bass_4,s04,41,192,40,4,uro,7.695081,4.995455,3.640076
bass_4,s04,42,193,41,3,basi,7.041835,5.088997,3.626077
bass_4,s04,42,193,41,2,eye,7.730282,6.050737,4.99124
bass_4,s04,42,193,41,1,lj,6.023838,5.31972,3.710614
bass_4,s04,42,193,41,6,p2,11.140229057603316,4.479397790814127,4.657748270460509
bass_4,s04,42,193,41,6,pm,6.344136,6.267857,3.747032
bass_4,s04,42,193,41,8,quad,7.9479679283451725,4.920819686260858,4.1197375363833295
bass_4,s04,42,193,41,7,so,8.755284,4.743286,4.304423
bass_4,s04,42,193,41,4,uro,7.673411,4.97937,3.640427
bass_4,s04,43,194,42,3,basi,7.032299,5.069006,3.622891
bass_4,s04,43,194,42,2,eye,7.715141,6.053724,4.993379
bass_4,s04,43,194,42,1,lj,6.004663,5.298399,3.699393
bass_4,s04,43,194,42,6,p2,11.131560371459292,4.479651276716671,4.651238449249934
bass_4,s04,43,194,42,6,pm,6.329002,6.27192,3.735358
bass_4,s04,43,194,42,8,quad,7.9709741449255604,4.866989119314669,4.133965172289157
bass_4,s04,43,194,42,7,so,8.743828,4.722647,4.316144
bass_4,s04,43,194,42,4,uro,7.646486,4.963372,3.640713
bass_4,s04,44,195,43,3,basi,7.012206,5.049066,3.61562
bass_4,s04,44,195,43,2,eye,7.702333,6.059606,4.993236
bass_4,s04,44,195,43,1,lj,5.974665,5.277327,3.693964
bass_4,s04,44,195,43,6,p2,11.122557082973588,4.479917589270593,4.645115894106439
bass_4,s04,44,195,43,6,pm,6.316236,6.276104,3.718138
bass_4,s04,44,195,43,8,quad,7.909044550352966,4.8864315042761,4.12295782362145
bass_4,s04,44,195,43,7,so,8.703154,4.717828,4.321133
bass_4,s04,44,195,43,4,uro,7.637113,4.936244,3.641707
bass_4,s04,45,196,44,3,basi,6.991543,5.029319,3.616224
bass_4,s04,45,196,44,2,eye,7.687087,6.065295,5.002525
bass_4,s04,45,196,44,1,lj,5.951141,5.263332,3.688356
bass_4,s04,45,196,44,6,p2,11.113075135224497,4.47996277856449,4.640406425899659
bass_4,s04,45,196,44,6,pm,6.299842,6.28393,3.700646
bass_4,s04,45,196,44,8,quad,7.933407265875001,4.901576857531071,4.1478510236794355
bass_4,s04,45,196,44,7,so,8.680014,4.712278,4.326079
bass_4,s04,45,196,44,4,uro,7.618596,4.919983,3.64202
bass_4,s04,46,197,45,3,basi,6.971381,5.009401,3.612855
bass_4,s04,46,197,45,2,eye,7.671258,6.065814,5.000057
bass_4,s04,46,197,45,1,lj,5.937468,5.227448,3.677755
bass_4,s04,46,197,45,6,p2,11.103193083949586,4.4791634934118125,4.636381994760382
bass_4,s04,46,197,45,6,pm,6.283153,6.287945,3.694605
bass_4,s04,46,197,45,8,quad,7.886386928460332,4.829081335502669,4.148943217919843
bass_4,s04,46,197,45,7,so,8.662213,4.70762,4.326244
bass_4,s04,46,197,45,4,uro,7.603584,4.909632,3.642474
bass_4,s04,47,198,46,3,basi,6.958066,4.994381,3.609352
bass_4,s04,47,198,46,2,eye,7.665247,6.062892,5.004633
bass_4,s04,47,198,46,1,lj,5.915644,5.206112,3.660683
bass_4,s04,47,198,46,6,p2,11.093482650487571,4.478215787550198,4.63382735533196
bass_4,s04,47,198,46,6,pm,6.247706,6.292355,3.694107
bass_4,s04,47,198,46,8,quad,7.85317142305461,4.815635839448007,4.170938664981132
bass_4,s04,47,198,46,7,so,8.646642,4.702149,4.331408
bass_4,s04,47,198,46,4,uro,7.577357,4.887947,3.647952
bass_4,s04,48,199,47,3,basi,6.93805,4.979517,3.605801
bass_4,s04,48,199,47,2,eye,7.652138,6.065918,5.011664
bass_4,s04,48,199,47,1,lj,5.89566,5.184796,3.655388
bass_4,s04,48,199,47,6,p2,11.082640581265093,4.4753570234916715,4.633100609729682
bass_4,s04,48,199,47,6,pm,6.224943,6.303856,3.693512
bass_4,s04,48,199,47,8,quad,7.8556480560619875,4.779131527598991,4.123239146763184
bass_4,s04,48,199,47,7,so,8.635486,4.696952,4.331397
bass_4,s04,48,199,47,4,uro,7.556727,4.871608,3.648166
bass_4,s04,49,200,48,3,basi,6.918183,4.954408,3.602561
bass_4,s04,49,200,48,2,eye,7.640482,6.063382,5.011539
bass_4,s04,49,200,48,1,lj,5.876687,5.177869,3.64372
bass_4,s04,49,200,48,6,p2,11.071459875713634,4.472521330322416,4.634611692038086
bass_4,s04,49,200,48,6,pm,6.190469,6.3121,3.675849
bass_4,s04,49,200,48,8,quad,7.836564369894129,4.801851582495513,4.14277214089725
bass_4,s04,49,200,48,7,so,8.61622,4.687319,4.331911
bass_4,s04,49,200,48,4,uro,7.538568,4.855883,3.643726
bass_4,s04,50,201,49,3,basi,6.904404,4.939548,3.603029
bass_4,s04,50,201,49,2,eye,7.626393,6.063663,5.011363
bass_4,s04,50,201,49,1,lj,5.860523,5.170881,3.632094
bass_4,s04,50,201,49,6,p2,11.059837152651932,4.469266322909107,4.638753874489877
bass_4,s04,50,201,49,6,pm,6.166987,6.316383,3.664106
bass_4,s04,50,201,49,8,quad,7.8197612806946895,4.819501199371126,4.126779058895285
bass_4,s04,50,201,49,7,so,8.59385,4.682448,4.342717
bass_4,s04,50,201,49,4,uro,7.501824,4.866927,3.647626
bass_4,s04,51,202,50,3,basi,6.890158,4.944022,3.594774
bass_4,s04,51,202,50,2,eye,7.613873,6.069391,5.013533
bass_4,s04,51,202,50,1,lj,5.835139,5.171336,3.625956
bass_4,s04,51,202,50,6,p2,11.047564693130724,4.463977547167762,4.644849531543362
bass_4,s04,51,202,50,6,pm,6.147938,6.324359,3.646653
bass_4,s04,51,202,50,8,quad,7.780488454764907,4.828690586692856,4.144929864720588
bass_4,s04,51,202,50,7,so,8.568436,4.683232,4.353491
bass_4,s04,51,202,50,4,uro,7.474062,4.85671,3.652962
bass_4,s04,52,203,51,3,basi,6.88523,4.939751,3.598842
bass_4,s04,52,203,51,2,eye,7.597844,6.069825,5.018223
bass_4,s04,52,203,51,1,lj,5.817954,5.157191,3.626301
bass_4,s04,52,203,51,6,p2,11.03513592358022,4.458472907662263,4.6534786929081315
bass_4,s04,52,203,51,6,pm,6.132491,6.324641,3.646441
bass_4,s04,52,203,51,8,quad,7.7743396280445465,4.78338846351878,4.153552551739037
bass_4,s04,52,203,51,7,so,8.538788,4.683693,4.363967
bass_4,s04,52,203,51,4,uro,7.450001,4.851635,3.642692
bass_4,s04,53,204,52,3,basi,6.85784,4.926757,3.599048
bass_4,s04,53,204,52,2,eye,7.589405,6.06973,5.022754
bass_4,s04,53,204,52,1,lj,5.792515,5.1504200000000004,3.620431
bass_4,s04,53,204,52,6,p2,11.021790222473124,4.451596306806472,4.664196275332937
bass_4,s04,53,204,52,6,pm,6.108974,6.336202,3.640103
bass_4,s04,53,204,52,8,quad,7.741326855763065,4.807384044979316,4.183720688851445
bass_4,s04,53,204,52,7,so,8.519495,4.684105,4.3529
bass_4,s04,53,204,52,4,uro,7.429592,4.840791,3.642717
bass_4,s04,54,205,53,3,basi,6.845473,4.922422,3.595181
bass_4,s04,54,205,53,2,eye,7.568675,6.073122,5.017803
bass_4,s04,54,205,53,1,lj,5.774149,5.136312,3.614915
bass_4,s04,54,205,53,6,p2,11.00773413555548,4.4430898177547675,4.680255547842846
bass_4,s04,54,205,53,6,pm,6.087838,6.336463,3.651202
bass_4,s04,54,205,53,8,quad,7.7686939114951175,4.777351573436444,4.168223356545844
bass_4,s04,54,205,53,7,so,8.50568,4.689033,4.357612
bass_4,s04,54,205,53,4,uro,7.413469,4.830097,3.642933
bass_4,s04,55,206,54,3,basi,6.82994,4.913834,3.595433
bass_4,s04,55,206,54,2,eye,7.560236,6.07303,5.022336
bass_4,s04,55,206,54,1,lj,5.753534,5.136658,3.614682
bass_4,s04,55,206,54,6,p2,10.99312248384414,4.433661243716905,4.697996509324888
bass_4,s04,55,206,54,6,pm,6.073859,6.340404,3.650893
bass_4,s04,55,206,54,8,quad,7.7422014168787525,4.8399827411670735,4.147620828320508
bass_4,s04,55,206,54,7,so,8.495837,4.688884,4.362735
bass_4,s04,55,206,54,4,uro,7.395533,4.819806,3.638273
bass_4,s04,56,207,55,3,basi,6.810907,4.905197,3.595572
bass_4,s04,56,207,55,2,eye,7.537213,6.073687,5.031809
bass_4,s04,56,207,55,1,lj,5.739293,5.122368,3.609206
bass_4,s04,56,207,55,6,p2,10.977839900619534,4.422698617960415,4.71707913635607
bass_4,s04,56,207,55,6,pm,6.056475,6.348095,3.65043
bass_4,s04,56,207,55,8,quad,7.720695242608348,4.826688001134566,4.160998866813433
bass_4,s04,56,207,55,7,so,8.479188,4.689319,4.373496
bass_4,s04,56,207,55,4,uro,7.381644,4.803576,3.628554
bass_4,s04,57,208,56,3,basi,6.793823,4.901035,3.591715
bass_4,s04,57,208,56,2,eye,7.525382,6.07682,5.031731
bass_4,s04,57,208,56,1,lj,5.725249,5.122735,3.609064
bass_4,s04,57,208,56,6,p2,10.96231073734128,4.411674291059432,4.736613769352606
bass_4,s04,57,208,56,6,pm,6.039155,6.352194,3.644429
bass_4,s04,57,208,56,8,quad,7.701667200388949,4.835714370954484,4.158142296284427
bass_4,s04,57,208,56,7,so,8.47281,4.695223,4.373544
bass_4,s04,57,208,56,4,uro,7.363572,4.798286,3.628472
bass_4,s04,58,209,57,3,basi,6.779521,4.892221,3.591846
bass_4,s04,58,209,57,2,eye,7.513873,6.071337,5.036318
bass_4,s04,58,209,57,1,lj,5.706244,5.123069,3.603011
bass_4,s04,58,209,57,6,p2,10.946717298534166,4.400526688558072,4.756407667262741
bass_4,s04,58,209,57,6,pm,6.011381,6.356426,3.644009
bass_4,s04,58,209,57,8,quad,7.6471629980076,4.804292111979978,4.1668108017735035
bass_4,s04,58,209,57,7,so,8.453268,4.701234,4.378796
bass_4,s04,58,209,57,4,uro,7.329576,4.78778,3.628406
bass_4,s04,59,210,58,3,basi,6.764614,4.883514,3.592036
bass_4,s04,59,210,58,2,eye,7.496973,6.068804,5.043275
bass_4,s04,59,210,58,1,lj,5.687238,5.123406,3.596961
bass_4,s04,59,210,58,6,p2,10.92927808506732,4.385805843852003,4.784335224850994
bass_4,s04,59,210,58,6,pm,6.00095,6.360387,3.638063
bass_4,s04,59,210,58,8,quad,7.6773585639729856,4.829832866463897,4.131726748190992
bass_4,s04,59,210,58,7,so,8.442574,4.712352,4.389406
bass_4,s04,59,210,58,4,uro,7.319917,4.787797,3.633276
bass_4,s04,60,211,59,3,basi,6.753197,4.883718,3.595302
bass_4,s04,60,211,59,2,eye,7.48984,6.071586,5.043081
bass_4,s04,60,211,59,1,lj,5.671437,5.131092,3.614071
bass_4,s04,60,211,59,6,p2,10.91287530736444,4.3738033014023525,4.803409805727937
bass_4,s04,60,211,59,6,pm,5.987971,6.360812,3.626592
bass_4,s04,60,211,59,8,quad,7.642431022537588,4.827540572094429,4.180643336977824
bass_4,s04,60,211,59,7,so,8.404479,4.697478,4.395117
bass_4,s04,60,211,59,4,uro,7.300967,4.777127,3.623296
bass_4,s04,61,212,60,3,basi,6.745893,4.879166,3.58842
bass_4,s04,61,212,60,2,eye,7.472902,6.069294,5.038168
bass_4,s04,61,212,60,1,lj,5.658004,5.124049,3.608334
bass_4,s04,61,212,60,6,p2,10.896890733059555,4.361824170145214,4.821432071403828
bass_4,s04,61,212,60,6,pm,5.970207,6.353646,3.637983
bass_4,s04,61,212,60,8,quad,7.544860783969753,4.7740748632525465,4.12510285003267
bass_4,s04,61,212,60,7,so,8.395759,4.691486,4.394659
bass_4,s04,61,212,60,4,uro,7.27866,4.76673,3.623566
bass_4,s04,62,213,61,3,basi,6.736438,4.879266,3.588265
bass_4,s04,62,213,61,2,eye,7.462156,6.072083,5.037884
bass_4,s04,62,213,61,1,lj,5.638048,5.12444,3.613951
bass_4,s04,62,213,61,6,p2,10.880594817325726,4.349706980072983,4.838061046600582
bass_4,s04,62,213,61,6,pm,5.951308,6.354021,3.637756
bass_4,s04,62,213,61,8,quad,7.610997585155343,4.816508749578384,4.16931221163538
bass_4,s04,62,213,61,7,so,8.388462,4.659368,4.40619
bass_4,s04,62,213,61,4,uro,7.269089,4.761146,3.618424
bass_4,s04,63,214,62,3,basi,6.722589,4.870523,3.588456
bass_4,s04,63,214,62,2,eye,7.441228,6.075386,5.040091
bass_4,s04,63,214,62,1,lj,5.622405,5.12482,3.61964
bass_4,s04,63,214,62,6,p2,10.865019967878348,4.339266187196786,4.853095876425087
bass_4,s04,63,214,62,6,pm,5.920117,6.36197,3.637163
bass_4,s04,63,214,62,8,quad,7.59528975583508,4.77297441634137,4.171505271525485
bass_4,s04,63,214,62,7,so,8.36698,4.665154,4.405824
bass_4,s04,63,214,62,4,uro,7.253977,4.750234,3.618538
bass_4,s04,64,215,63,3,basi,6.712638,4.870794,3.5952480000000002
bass_4,s04,64,215,63,2,eye,7.431027,6.072772,5.039948
bass_4,s04,64,215,63,1,lj,5.616691,5.125028,3.625447
bass_4,s04,64,215,63,6,p2,10.849576421773516,4.328778892026336,4.866037436614347
bass_4,s04,64,215,63,6,pm,5.911032,6.369509,3.636783
bass_4,s04,64,215,63,8,quad,7.588820183998507,4.7677603919525655,4.179818834171445
bass_4,s04,64,215,63,7,so,8.355617,4.665565,4.42212
bass_4,s04,64,215,63,4,uro,7.237737,4.734053,3.618969
bass_4,s04,65,216,64,3,basi,6.700796,4.866486,3.588428
bass_4,s04,65,216,64,2,eye,7.412966,6.073168,5.039746
bass_4,s04,65,216,64,1,lj,5.59037,5.125549,3.630996
bass_4,s04,65,216,64,6,p2,10.83498709371936,4.320140116656373,4.874058172431961
bass_4,s04,65,216,64,6,pm,5.901913,6.373375,3.636536
bass_4,s04,65,216,64,8,quad,7.570991045605911,4.823134358662816,4.218815473594149
bass_4,s04,65,216,64,7,so,8.341101,4.666149,4.433015
bass_4,s04,65,216,64,4,uro,7.224136,4.73438,3.618865
bass_4,s04,66,217,65,3,basi,6.679063,4.848863,3.58886
bass_4,s04,66,217,65,2,eye,7.402893,6.070604,5.034828
bass_4,s04,66,217,65,1,lj,5.574075,5.125851,3.630813
bass_4,s04,66,217,65,6,p2,10.821216194574005,4.312324884311549,4.879444904759681
bass_4,s04,66,217,65,6,pm,5.890737,6.373596,3.636407
bass_4,s04,66,217,65,8,quad,7.593885060446226,4.777354375561188,4.1984630565899606
bass_4,s04,66,217,65,7,so,8.328699,4.666876,4.44405
bass_4,s04,66,217,65,4,uro,7.215581,4.723583,3.614133
bass_4,s04,67,218,66,3,basi,6.667171,4.849127,3.588759
bass_4,s04,67,218,66,2,eye,7.394098,6.070643,5.039437
bass_4,s04,67,218,66,1,lj,5.558263,5.125938,3.601403
bass_4,s04,67,218,66,6,p2,10.808067901824291,4.305832452994192,4.882742345592659
bass_4,s04,67,218,66,6,pm,5.878168,6.377526,3.636128
bass_4,s04,67,218,66,8,quad,7.569071293399691,4.741434707597589,4.172505496707089
bass_4,s04,67,218,66,7,so,8.314349,4.667384,4.449468
bass_4,s04,67,218,66,4,uro,7.198591,4.718637,3.61936
bass_4,s04,68,219,67,3,basi,6.65528,4.84939,3.588657
bass_4,s04,68,219,67,2,eye,7.379886,6.070873,5.044036
bass_4,s04,68,219,67,1,lj,5.541179,5.140683,3.606492
bass_4,s04,68,219,67,6,p2,10.79568972249638,4.3003544106609795,4.884149041634498
bass_4,s04,68,219,67,6,pm,5.857273,6.38161,3.635759
bass_4,s04,68,219,67,8,quad,7.519847667444207,4.783438674742074,4.20189333825605
bass_4,s04,68,219,67,7,so,8.28882,4.667789,4.452457
bass_4,s04,68,219,67,4,uro,7.186604,4.707589,3.619459
bass_4,s04,69,220,68,3,basi,6.631766,4.849871,3.591846
bass_4,s04,69,220,68,2,eye,7.366967,6.073963,5.043901
bass_4,s04,69,220,68,1,lj,5.534616,5.140894,3.618119
bass_4,s04,69,220,68,6,p2,10.783801342414437,4.2952824930922064,4.883360538818826
bass_4,s04,69,220,68,6,pm,5.845913,6.35978,3.636412
bass_4,s04,69,220,68,8,quad,7.499857376227985,4.8203295783438085,4.211178596366063
bass_4,s04,69,220,68,7,so,8.269256,4.667784,4.456831
bass_4,s04,69,220,68,4,uro,7.167714,4.713024,3.618799
bass_4,s04,70,221,69,3,basi,6.619875,4.85013,3.591743
bass_4,s04,70,221,69,2,eye,7.350352,6.074284,5.043686
bass_4,s04,70,221,69,1,lj,5.518125,5.141271,3.629628
bass_4,s04,70,221,69,6,p2,10.77281019485595,4.290843242251713,4.881461236141364
bass_4,s04,70,221,69,6,pm,5.839553,6.352557,3.636598
bass_4,s04,70,221,69,8,quad,7.508553249213894,4.810650719126886,4.227240592048784
bass_4,s04,70,221,69,7,so,8.26616,4.66806,4.461763
bass_4,s04,70,221,69,4,uro,7.156906,4.702239,3.619089
bass_4,s04,71,222,70,3,basi,6.609914,4.845861,3.595255
bass_4,s04,71,222,70,2,eye,7.337327,6.071842,5.04118
bass_4,s04,71,222,70,1,lj,5.505248,5.156061,3.640663
bass_4,s04,71,222,70,6,p2,10.762659920445852,4.287262646516398,4.878069501582767
bass_4,s04,71,222,70,6,pm,5.827417,6.349073,3.642247
bass_4,s04,71,222,70,8,quad,7.502918012746581,4.850092635676262,4.221840323453765
bass_4,s04,71,222,70,7,so,8.25505,4.668617,4.466683
bass_4,s04,71,222,70,4,uro,7.148241,4.691509,3.619459
bass_4,s04,72,223,71,3,basi,6.592064,4.841706,3.591825
bass_4,s04,72,223,71,2,eye,7.32267,6.069397,5.045849
bass_4,s04,72,223,71,1,lj,5.498592,5.15631,3.658147
bass_4,s04,72,223,71,6,p2,10.752954059268546,4.284057423111184,4.874076212453877
bass_4,s04,72,223,71,6,pm,5.813294,6.345387,3.659224
bass_4,s04,72,223,71,8,quad,7.479016357042617,4.785509475222117,4.224779602251773
bass_4,s04,72,223,71,7,so,8.235731,4.674007,4.470964
bass_4,s04,72,223,71,4,uro,7.139858,4.686189,3.614523
bass_4,s04,73,224,72,3,basi,6.580936,4.84177,3.588184
bass_4,s04,73,224,72,2,eye,7.315812,6.069315,5.045612
bass_4,s04,73,224,72,1,lj,5.483033,5.171136,3.672113
bass_4,s04,73,224,72,6,p2,10.74372870229195,4.280930243075475,4.869495381282398
bass_4,s04,73,224,72,6,pm,5.799072,6.323705,3.671148
bass_4,s04,73,224,72,8,quad,7.468088806369231,4.814745803121301,4.209976727609117
bass_4,s04,73,224,72,7,so,8.225603,4.674151,4.470818
bass_4,s04,73,224,72,4,uro,7.135384,4.675042,3.60968
bass_4,s04,74,225,73,3,basi,6.569047,4.842026,3.588079
bass_4,s04,74,225,73,2,eye,7.297939,6.069782,5.038246
bass_4,s04,74,225,73,1,lj,5.473657,5.185631,3.666252
bass_4,s04,74,225,73,6,p2,10.735237949704866,4.277614412893562,4.8653581081129165
bass_4,s04,74,225,73,6,pm,5.782428,6.327298,3.670842
bass_4,s04,74,225,73,8,quad,7.4531837672013905,4.837977314384952,4.219303404658459
bass_4,s04,74,225,73,7,so,8.210268,4.674432,4.475469
bass_4,s04,74,225,73,4,uro,7.140493,4.658876,3.605549
bass_4,s04,75,226,74,3,basi,6.557413,4.837708,3.588099
bass_4,s04,75,226,74,2,eye,7.278372,6.07022,5.040441
bass_4,s04,75,226,74,1,lj,5.465198,5.200404,3.670903
bass_4,s04,75,226,74,6,p2,10.726808800093115,4.274674397323451,4.861207001408931
bass_4,s04,75,226,74,6,pm,5.775057,6.324111,3.676533
bass_4,s04,75,226,74,8,quad,7.42139170726615,4.84409547418469,4.28230396103186
bass_4,s04,75,226,74,7,so,8.193901,4.679623,4.4797
bass_4,s04,75,226,74,4,uro,7.128894,4.653763,3.605731
bass_4,s04,76,227,75,3,basi,6.547204,4.838008,3.591483
bass_4,s04,76,227,75,2,eye,7.26826,6.070386,5.04029
bass_4,s04,76,227,75,1,lj,5.450095,5.20791,3.670476
bass_4,s04,76,227,75,6,p2,10.718916085539616,4.27202603272496,4.85728425766296
bass_4,s04,76,227,75,6,pm,5.76293,6.314484,3.682395
bass_4,s04,76,227,75,8,quad,7.405851070228699,4.859846945329287,4.304074880804861
bass_4,s04,76,227,75,7,so,8.174774,4.680458,4.484605
bass_4,s04,76,227,75,4,uro,7.118258,4.648454,3.605814
bass_4,s04,77,228,76,3,basi,6.533821,4.833686,3.591456
bass_4,s04,77,228,76,2,eye,7.256825,6.06219,5.040119
bass_4,s04,77,228,76,1,lj,5.447329,5.222455,3.66995
bass_4,s04,77,228,76,6,p2,10.711129250348494,4.269071206146628,4.853788616131585
bass_4,s04,77,228,76,6,pm,5.754674,6.314546,3.687963
bass_4,s04,77,228,76,8,quad,7.38618628016048,4.874050329356319,4.265297878084636
bass_4,s04,77,228,76,7,so,8.162157,4.675147,4.489294
bass_4,s04,77,228,76,4,uro,7.108649,4.637901,3.606284
bass_4,s04,78,229,77,3,basi,6.521872,4.83852,3.598063
bass_4,s04,78,229,77,2,eye,7.245428,6.067984,5.039961
bass_4,s04,78,229,77,1,lj,5.435429,5.244381,3.669059
bass_4,s04,78,229,77,6,p2,10.703461386681411,4.266179064533145,4.850618046880597
bass_4,s04,78,229,77,6,pm,5.747431,6.314702,3.687879
bass_4,s04,78,229,77,8,quad,7.394903433893554,4.819189591994606,4.268006099758928
bass_4,s04,78,229,77,7,so,8.148937,4.675565,4.494078
bass_4,s04,78,229,77,4,uro,7.073569,4.627744,3.616518
bass_4,s04,79,230,78,3,basi,6.504227,4.834371,3.601472
bass_4,s04,79,230,78,2,eye,7.234831,6.0682,5.044643
bass_4,s04,79,230,78,1,lj,5.419966,5.244777,3.689739
bass_4,s04,79,230,78,6,p2,10.695995902285611,4.263461327230569,4.8479095422610925
bass_4,s04,79,230,78,6,pm,5.73801,6.314873,3.687769
bass_4,s04,79,230,78,8,quad,7.37075823638156,4.851137688321327,4.25977369864516
bass_4,s04,79,230,78,7,so,8.143733,4.675702,4.498876
bass_4,s04,79,230,78,4,uro,7.058964,4.633306,3.616025
bass_4,s04,80,231,79,3,basi,6.490244,4.834683,3.601359
bass_4,s04,80,231,79,2,eye,7.228473,6.062675,5.046925
bass_4,s04,80,231,79,1,lj,5.417161,5.24488,3.68973
bass_4,s04,80,231,79,6,p2,10.688680856842357,4.261119967514419,4.845296944753508
bass_4,s04,80,231,79,6,pm,5.727301,6.311815,3.687757
bass_4,s04,80,231,79,8,quad,7.371900039930726,4.886813393700732,4.332816441479765
bass_4,s04,80,231,79,7,so,8.144573,4.675365,4.498688
bass_4,s04,80,231,79,4,uro,7.038671,4.62251,3.616095
bass_4,s04,81,232,80,3,basi,6.480724,4.834846,3.604656
bass_4,s04,81,232,80,2,eye,7.215617,6.057305,5.049142
bass_4,s04,81,232,80,1,lj,5.41086,5.266595,3.688868
bass_4,s04,81,232,80,6,p2,10.6816642660544,4.258793140515052,4.843133863672347
bass_4,s04,81,232,80,6,pm,5.71776,6.308645,3.693419
bass_4,s04,81,232,80,8,quad,7.368090324901684,4.827873637451386,4.204779650658607
bass_4,s04,81,232,80,7,so,8.144197,4.670043,4.503651
bass_4,s04,81,232,80,4,uro,7.026056,4.622642,3.615893
bass_4,s04,82,233,81,3,basi,6.464909,4.830657,3.604666
bass_4,s04,82,233,81,2,eye,7.20525,6.054863,5.041899
bass_4,s04,82,233,81,1,lj,5.407973,5.266725,3.694075
bass_4,s04,82,233,81,6,p2,10.674621730642723,4.256562470211848,4.840641231680165
bass_4,s04,82,233,81,6,pm,5.709567,6.302248,3.693545
bass_4,s04,82,233,81,8,quad,7.319358327933942,4.882299152239843,4.269432169035482
bass_4,s04,82,233,81,7,so,8.140822,4.670443,4.518319
bass_4,s04,82,233,81,4,uro,7.013294,4.617292,3.6159
bass_4,s04,83,234,82,3,basi,6.457214,4.83078,3.604567
bass_4,s04,83,234,82,2,eye,7.196283,6.055081,5.039409
bass_4,s04,83,234,82,1,lj,5.401911,5.266881,3.699231
bass_4,s04,83,234,82,6,p2,10.667613042692883,4.254469229578558,4.838273114345343
bass_4,s04,83,234,82,6,pm,5.7083,6.302285,3.693531
bass_4,s04,83,234,82,8,quad,7.406824016759399,4.835336226820573,4.284989097099637
bass_4,s04,83,234,82,7,so,8.119218,4.665818,4.528048
bass_4,s04,83,234,82,4,uro,7.00157,4.606679,3.616278
bass_4,s04,84,235,83,3,basi,6.443425,4.82657,3.608023
bass_4,s04,84,235,83,2,eye,7.182332,6.04693,5.039203
bass_4,s04,84,235,83,1,lj,5.398667,5.274151,3.704145
bass_4,s04,84,235,83,6,p2,10.66090097989526,4.252790518485242,4.835788663210647
bass_4,s04,84,235,83,6,pm,5.699752,6.295953,3.693657
bass_4,s04,84,235,83,8,quad,7.358318968972445,4.810473874985712,4.287991157018697
bass_4,s04,84,235,83,7,so,8.106143,4.666168,4.52796
bass_4,s04,84,235,83,4,uro,6.996333,4.606768,3.616216
bass_4,s04,85,236,84,3,basi,6.433485,4.822299,3.611529
bass_4,s04,85,236,84,2,eye,7.184222,6.041378,5.044086
bass_4,s04,85,236,84,1,lj,5.389883,5.274388,3.704079
bass_4,s04,85,236,84,6,p2,10.65451373824752,4.251302594784329,4.83317462446328
bass_4,s04,85,236,84,6,pm,5.686655,6.28949,3.705043
bass_4,s04,85,236,84,8,quad,7.333418361297056,4.79252027178949,4.333409253062409
bass_4,s04,85,236,84,7,so,8.090589,4.66107,4.532702
bass_4,s04,85,236,84,4,uro,6.981437,4.601377,3.61615
bass_4,s04,86,237,85,3,basi,6.423697,4.822483,3.611424
bass_4,s04,86,237,85,2,eye,7.173092,6.041544,5.041505
bass_4,s04,86,237,85,1,lj,5.377481,5.281813,3.708882
bass_4,s04,86,237,85,6,p2,10.648197224484528,4.249771154898644,4.830682459113169
bass_4,s04,86,237,85,6,pm,5.687466,6.289448,3.710717
bass_4,s04,86,237,85,8,quad,7.258770350694347,4.855741476722104,4.263945597482562
bass_4,s04,86,237,85,7,so,8.079485,4.66161,4.537611
bass_4,s04,86,237,85,4,uro,6.972674,4.585147,3.616721
bass_4,s04,87,238,86,3,basi,6.411736,4.818227,3.611481
bass_4,s04,87,238,86,2,eye,7.1676,6.038942,5.041494
bass_4,s04,87,238,86,1,lj,5.367625,5.281978,3.729597
bass_4,s04,87,238,86,6,p2,10.6420445002238,4.248477120086069,4.827604969930459
bass_4,s04,87,238,86,6,pm,5.679048,6.260143,3.717264
bass_4,s04,87,238,86,8,quad,7.300298229039394,4.814626833287484,4.26681379026856
bass_4,s04,87,238,86,7,so,8.072316,4.661557,4.53741
bass_4,s04,87,238,86,4,uro,6.959806,4.579882,3.621816
bass_4,s04,88,239,87,3,basi,6.405995,4.818378,3.61827
bass_4,s04,88,239,87,2,eye,7.161749,6.03613,5.041328
bass_4,s04,88,239,87,1,lj,5.364669,5.28935,3.739782
bass_4,s04,88,239,87,6,p2,10.636047156893046,4.247348810989446,4.82470119845238
bass_4,s04,88,239,87,6,pm,5.675015,6.253594,3.728752
bass_4,s04,88,239,87,8,quad,7.318910114658651,4.799762764132456,4.350252950482969
bass_4,s04,88,239,87,7,so,8.064778,4.656188,4.542168
bass_4,s04,88,239,87,4,uro,6.968362,4.580046,3.622112
bass_4,s04,89,240,88,3,basi,6.394309,4.814111,3.621731
bass_4,s04,89,240,88,2,eye,7.15662,6.033436,5.041262
bass_4,s04,89,240,88,1,lj,5.364984,5.303888,3.744561
bass_4,s04,89,240,88,6,p2,10.630324659211125,4.246219322935226,4.821677687084464
bass_4,s04,89,240,88,6,pm,5.666601,6.240538,3.740394
bass_4,s04,89,240,88,8,quad,7.3426372547294925,4.848425537311058,4.325081691851879
bass_4,s04,89,240,88,7,so,8.0567,4.634601,4.542316
bass_4,s04,89,240,88,4,uro,6.958992,4.585536,3.621695
bass_4,s04,90,241,89,3,basi,6.390387,4.809676,3.621849
bass_4,s04,90,241,89,2,eye,7.146362,6.028049,5.041132
bass_4,s04,90,241,89,1,lj,5.36529,5.311207,3.749588
bass_4,s04,90,241,89,6,p2,10.624918673625524,4.245430127240893,4.818739704263243
bass_4,s04,90,241,89,6,pm,5.657851,6.23082,3.751926
bass_4,s04,90,241,89,8,quad,7.290827381979392,4.822584484301319,4.324217204022643
bass_4,s04,90,241,89,7,so,8.05572,4.634994,4.547365
bass_4,s04,90,241,89,4,uro,6.954399,4.569466,3.627495
bass_4,s04,91,242,90,3,basi,6.380526,4.805362,3.621912
bass_4,s04,91,242,90,2,eye,7.131924,6.028419,5.041009
bass_4,s04,91,242,90,1,lj,5.358911,5.296828,3.749967
bass_4,s04,91,242,90,6,p2,10.619690609234445,4.244656407447628,4.815811665592913
bass_4,s04,91,242,90,6,pm,5.648261,6.214618,3.757998
bass_4,s04,91,242,90,8,quad,7.285859415237275,4.8288345336210865,4.306475048608361
bass_4,s04,91,242,90,7,so,8.052404,4.629877,4.552372
bass_4,s04,91,242,90,4,uro,6.949166,4.569554,3.627432
bass_4,s04,92,243,91,3,basi,6.376262,4.800979,3.622064
bass_4,s04,92,243,91,2,eye,7.121744,6.02581,5.04087
bass_4,s04,92,243,91,1,lj,5.355399,5.28973,3.771037
bass_4,s04,92,243,91,6,p2,10.614569265205644,4.243687007031351,4.812762673266981
bass_4,s04,92,243,91,6,pm,5.648192,6.201581,3.758425
bass_4,s04,92,243,91,8,quad,7.307540744884096,4.766376947801045,4.337276699962287
bass_4,s04,92,243,91,7,so,8.055266,4.624227,4.547537
bass_4,s04,92,243,91,4,uro,6.94579,4.558715,3.627855
bass_4,s04,93,244,92,3,basi,6.368572,4.801105,3.621966
bass_4,s04,93,244,92,2,eye,7.115173,6.023182,5.040812
bass_4,s04,93,244,92,1,lj,5.35224,5.304175,3.770506
bass_4,s04,93,244,92,6,p2,10.609380487673178,4.243041088220487,4.809874312195972
bass_4,s04,93,244,92,6,pm,5.638694,6.201678,3.763959
bass_4,s04,93,244,92,8,quad,7.294804270359757,4.8231167461367,4.288122658987766
bass_4,s04,93,244,92,7,so,8.042202,4.624572,4.547447
bass_4,s04,93,244,92,4,uro,6.939603,4.558966,3.627877
bass_4,s04,94,245,93,3,basi,6.364656,4.801212,3.625357
bass_4,s04,94,245,93,2,eye,7.111069,6.020489,5.043177
bass_4,s04,94,245,93,1,lj,5.352167,5.311408,3.77549
bass_4,s04,94,245,93,6,p2,10.604737909370153,4.242276503788603,4.807313548975402
bass_4,s04,94,245,93,6,pm,5.632646,6.185504,3.764421
bass_4,s04,94,245,93,8,quad,7.300190766158153,4.810110471967044,4.3518849405809386
bass_4,s04,94,245,93,7,so,8.036919,4.619261,4.547461
bass_4,s04,94,245,93,4,uro,6.934254,4.559137,3.632896
bass_4,s04,95,246,94,3,basi,6.360326,4.801412,3.63222
bass_4,s04,95,246,94,2,eye,7.107673,6.014862,5.04306
bass_4,s04,95,246,94,1,lj,5.348907,5.311451,3.78066
bass_4,s04,95,246,94,6,p2,10.60027907398765,4.241958354611311,4.804680176108048
bass_4,s04,95,246,94,6,pm,5.623185,6.172629,3.764732
bass_4,s04,95,246,94,8,quad,7.346203657470161,4.82021686448441,4.315009246640535
bass_4,s04,95,246,94,7,so,8.033746,4.614075,4.547601
bass_4,s04,95,246,94,4,uro,6.918695,4.56488,3.632501
bass_4,s04,96,247,95,3,basi,6.350328,4.797184,3.639159
bass_4,s04,96,247,95,2,eye,7.103571,6.01217,5.045423
bass_4,s04,96,247,95,1,lj,5.346025,5.311583,3.785878
bass_4,s04,96,247,95,6,p2,10.595816232642292,4.241446300166721,4.80221057214981
bass_4,s04,96,247,95,6,pm,5.632514,6.159434,3.765271
bass_4,s04,96,247,95,8,quad,7.272266251938484,4.816793132200184,4.3736887320909075
bass_4,s04,96,247,95,7,so,8.028101,4.603452,4.552564
bass_4,s04,96,247,95,4,uro,6.914418,4.564807,3.632355
bass_4,s04,97,248,96,3,basi,6.348164,4.797284,3.64259
bass_4,s04,97,248,96,2,eye,7.092973,6.009628,5.04772
bass_4,s04,97,248,96,1,lj,5.339972,5.318946,3.790808
bass_4,s04,97,248,96,6,p2,10.591657461392748,4.240981724729561,4.799950508293111
bass_4,s04,97,248,96,6,pm,5.630146,6.153116,3.754176
bass_4,s04,97,248,96,8,quad,7.253831985761511,4.769613476972618,4.37937880808959
bass_4,s04,97,248,96,7,so,8.021843,4.598531,4.55762
bass_4,s04,97,248,96,4,uro,6.909069,4.564978,3.637375
bass_4,s04,98,249,97,3,basi,6.346129,4.792928,3.653032
bass_4,s04,98,249,97,2,eye,7.08994,6.004201,5.047752
bass_4,s04,98,249,97,1,lj,5.339891,5.318967,3.796033
bass_4,s04,98,249,97,6,p2,10.587495997362636,4.240749894114444,4.797673754805627
bass_4,s04,98,249,97,6,pm,5.623942,6.143342,3.765709
bass_4,s04,98,249,97,8,quad,7.2684110831835556,4.777125658885667,4.359463598589208
bass_4,s04,98,249,97,7,so,8.018757,4.598797,4.562536
bass_4,s04,98,249,97,4,uro,6.906931,4.564942,3.637303
bass_4,s04,99,250,98,3,basi,6.337683,4.793191,3.656439
bass_4,s04,99,250,98,2,eye,7.093533,6.004181,5.04085
bass_4,s04,99,250,98,1,lj,5.333838,5.326328,3.800965
bass_4,s04,99,250,98,6,p2,10.58404504959398,4.2403380233682375,4.795429417798754
bass_4,s04,99,250,98,6,pm,5.620237,6.126974,3.777471
bass_4,s04,99,250,98,8,quad,7.282312431656071,4.81658549289233,4.325691634780172
bass_4,s04,99,250,98,7,so,8.018757,4.598797,4.562536
bass_4,s04,99,250,98,4,uro,6.906815,4.565026,3.642386
bass_4,s04,100,251,99,3,basi,6.333424,4.793343,3.659862
bass_4,s04,100,251,99,2,eye,7.104382,5.998363,5.038842
bass_4,s04,100,251,99,1,lj,5.336652,5.340634,3.800503
bass_4,s04,100,251,99,6,p2,10.58072037768753,4.24005333969184,4.793230920099282
bass_4,s04,100,251,99,6,pm,5.618844,6.120442,3.783307
bass_4,s04,100,251,99,8,quad,7.325314381948093,4.84311177879363,4.356855639570754
bass_4,s04,100,251,99,7,so,8.018757,4.598797,4.562536
bass_4,s04,100,251,99,4,uro,6.908836,4.565145,3.647542
bass_4,s04,101,252,100,3,basi,6.327275,4.789053,3.666845
bass_4,s04,101,252,100,2,eye,7.102846,5.992826,5.043103
bass_4,s04,101,252,100,1,lj,5.333389,5.340673,3.805676
bass_4,s04,101,252,100,6,p2,10.577547768636713,4.239634985580015,4.790948471870517
bass_4,s04,101,252,100,6,pm,5.618635,6.117072,3.794686
bass_4,s04,101,252,100,8,quad,7.314404122368568,4.830459689812298,4.340496499166748
bass_4,s04,101,252,100,7,so,8.010393,4.593752,4.567463
bass_4,s04,101,252,100,4,uro,6.910974,4.565181,3.647615
bass_4,s04,102,253,101,3,basi,6.327204,4.784558,3.667007
bass_4,s04,102,253,101,2,eye,7.100059,5.984607,5.043144
bass_4,s04,102,253,101,1,lj,5.333322,5.355106,3.810441
bass_4,s04,102,253,101,6,p2,10.574749814379622,4.239315662156481,4.788769613328595
bass_4,s04,102,253,101,6,pm,5.618587,6.107302,3.794998
bass_4,s04,102,253,101,8,quad,7.2671499298183075,4.825447015397443,4.336082678031326
bass_4,s04,102,253,101,7,so,8.010254,4.593825,4.572326
bass_4,s04,102,253,101,4,uro,6.910858,4.565265,3.652699
bass_4,s04,103,254,102,3,basi,6.329298,4.784505,3.667016
bass_4,s04,103,254,102,2,eye,7.100059,5.984607,5.043144
bass_4,s04,103,254,102,1,lj,5.324736,5.326653,3.821809
bass_4,s04,103,254,102,6,p2,10.57221308438511,4.23884351573369,4.786265035530282
bass_4,s04,103,254,102,6,pm,5.612406,6.1008,3.806408
bass_4,s04,103,254,102,8,quad,7.24480390647583,4.792704808503541,4.35174208784346
bass_4,s04,103,254,102,7,so,8.005817,4.588201,4.572155
bass_4,s04,103,254,102,4,uro,6.910583,4.554304,3.653103
bass_4,s04,104,255,103,3,basi,6.329156,4.784595,3.673894
bass_4,s04,104,255,103,2,eye,7.105954,5.97618,5.039005
bass_4,s04,104,255,103,1,lj,5.321401,5.333919,3.83198
bass_4,s04,104,255,103,6,p2,10.56986052418802,4.23794031472942,4.783721321238925
bass_4,s04,104,255,103,6,pm,5.612359,6.091032,3.806718
bass_4,s04,104,255,103,8,quad,7.226704739974278,4.804113360710719,4.389942013667598
bass_4,s04,104,255,103,7,so,8.003487,4.582699,4.572112
bass_4,s04,104,255,103,4,uro,6.912721,4.55434,3.653176
bass_4,s04,105,256,104,3,basi,6.320641,4.784895,3.680738
bass_4,s04,105,256,104,2,eye,7.104471,5.970662,5.041147
bass_4,s04,105,256,104,1,lj,5.320862,5.341068,3.842158
bass_4,s04,105,256,104,6,p2,10.567558230563282,4.236891037187076,4.781243892957533
bass_4,s04,105,256,104,6,pm,5.62017,6.087495,3.823826
bass_4,s04,105,256,104,8,quad,7.207146923735483,4.806954600594988,4.376218414468142
bass_4,s04,105,256,104,7,so,7.99905,4.577075,4.571944
bass_4,s04,105,256,104,4,uro,6.909373,4.549067,3.658471
bass_4,s04,106,257,105,3,basi,6.320711,4.78485,3.677299
bass_4,s04,106,257,105,2,eye,7.109073,5.967797,5.043349
bass_4,s04,106,257,105,1,lj,5.320701,5.341106,3.852617
bass_4,s04,106,257,105,6,p2,10.565567397756263,4.2359750542410755,4.778493050792058
bass_4,s04,106,257,105,6,pm,5.614934,6.074296,3.852341
bass_4,s04,106,257,105,8,quad,7.222414572724907,4.747829061709632,4.355151672930595
bass_4,s04,106,257,105,7,so,7.998828,4.571694,4.572027
bass_4,s04,106,257,105,4,uro,6.906163,4.549274,3.663563
bass_4,s04,107,258,106,3,basi,6.310517,4.785111,3.680662
bass_4,s04,107,258,106,2,eye,7.113923,5.959212,5.045463
bass_4,s04,107,258,106,1,lj,5.323261,5.348249,3.86809
bass_4,s04,107,258,106,6,p2,10.563553675128905,4.234807058115084,4.775740736598326
bass_4,s04,107,258,106,6,pm,5.612377,6.06787,3.852518
bass_4,s04,107,258,106,8,quad,7.236959458173178,4.807100021726389,4.331115446296894
bass_4,s04,107,258,106,7,so,8.000935,4.571815,4.572152
bass_4,s04,107,258,106,4,uro,6.90509,4.549515,3.668729
bass_4,s04,108,259,107,3,basi,6.311135,4.789612,3.687314
bass_4,s04,108,259,107,2,eye,7.112543,5.948075,5.045453
bass_4,s04,108,259,107,1,lj,5.32318,5.348267,3.873321
bass_4,s04,108,259,107,6,p2,10.561617986074138,4.233443101592767,4.7728124981164095
bass_4,s04,108,259,107,6,pm,5.597517,6.048647,3.84166
bass_4,s04,108,259,107,8,quad,7.252796444757641,4.779515130690994,4.387936430393627
bass_4,s04,108,259,107,7,so,8.000935,4.571815,4.572152
bass_4,s04,108,259,107,4,uro,6.90068,4.543967,3.668782
bass_4,s04,109,260,108,3,basi,6.309316,4.789667,3.690713
bass_4,s04,109,260,108,2,eye,7.109981,5.948192,5.045467
bass_4,s04,109,260,108,1,lj,5.323018,5.348303,3.883783
bass_4,s04,109,260,108,6,p2,10.55956303212095,4.231719543820352,4.769840949254567
bass_4,s04,109,260,108,6,pm,5.600718,6.042004,3.853165
bass_4,s04,109,260,108,8,quad,7.276645854760119,4.813761976733372,4.350106796500122
bass_4,s04,109,260,108,7,so,8.003265,4.577318,4.572195
bass_4,s04,109,260,108,4,uro,6.895198,4.53866,3.673999
bass_4,s04,110,261,109,3,basi,6.309175,4.789756,3.697593
bass_4,s04,110,261,109,2,eye,7.109885,5.942652,5.043368
bass_4,s04,110,261,109,1,lj,5.323018,5.348303,3.883783
bass_4,s04,110,261,109,6,p2,10.557602271561352,4.230174251207886,4.766937520818004
bass_4,s04,110,261,109,6,pm,5.600592,6.03545,3.858992
bass_4,s04,110,261,109,8,quad,7.270633543010363,4.805567855651086,4.35478719844668
bass_4,s04,110,261,109,7,so,8.003042,4.571936,4.572278
bass_4,s04,110,261,109,4,uro,6.892829,4.538797,3.684088
bass_4,s04,111,262,110,3,basi,6.309175,4.789756,3.697593
bass_4,s04,111,262,110,2,eye,7.107752,5.93986,5.039056
bass_4,s04,111,262,110,1,lj,5.317437,5.362926,3.883337
bass_4,s04,111,262,110,6,p2,10.555636689005992,4.228249178215179,4.763901564302229
bass_4,s04,111,262,110,6,pm,5.595685,6.028929,3.870388
bass_4,s04,111,262,110,8,quad,7.245046308411565,4.762793321481532,4.309049498042558
bass_4,s04,111,262,110,7,so,8.002598,4.561174,4.572444
bass_4,s04,111,262,110,4,uro,6.892829,4.538797,3.684088
bass_4,s04,112,263,111,3,basi,6.309175,4.789756,3.697593
bass_4,s04,112,263,111,2,eye,7.105187,5.934322,5.041152
bass_4,s04,112,263,111,1,lj,5.323725,5.3629,3.888681
bass_4,s04,112,263,111,6,p2,10.553601491564711,4.2261793452888,4.76069391079843
bass_4,s04,112,263,111,6,pm,5.596806,6.019085,3.876321
bass_4,s04,112,263,111,8,quad,7.2636356212744575,4.804223491010081,4.387008255063633
bass_4,s04,112,263,111,7,so,8.000268,4.555672,4.572401
bass_4,s04,112,263,111,4,uro,6.892829,4.538797,3.684088
bass_4,s04,113,264,112,3,basi,6.309175,4.789756,3.697593
bass_4,s04,113,264,112,2,eye,7.102552,5.93166,5.041175
bass_4,s04,113,264,112,1,lj,5.31991,5.362879,3.904276
bass_4,s04,113,264,112,6,p2,10.551488797645836,4.224100588181865,4.757470489062028
bass_4,s04,113,264,112,6,pm,5.596791,6.015834,3.876419
bass_4,s04,113,264,112,8,quad,7.2449845679090785,4.815669341619627,4.392456422139603
bass_4,s04,113,264,112,7,so,7.999209,4.550606,4.572662
bass_4,s04,113,264,112,4,uro,6.889736,4.538918,3.684098
bass_4,s04,114,265,113,3,basi,6.307356,4.789811,3.700992
bass_4,s04,114,265,113,2,eye,7.102404,5.926103,5.041192
bass_4,s04,114,265,113,1,lj,5.323175,5.362843,3.899097
bass_4,s04,114,265,113,6,p2,10.549479831647345,4.2220968283864995,4.754406406840375
bass_4,s04,114,265,113,6,pm,5.600102,6.012499,3.882189
bass_4,s04,114,265,113,8,quad,7.242024776987703,4.744292012823855,4.444737346687193
bass_4,s04,114,265,113,7,so,7.997101,4.550485,4.572536
bass_4,s04,114,265,113,4,uro,6.891989,4.538866,3.67909
bass_4,s04,115,266,114,3,basi,6.307286,4.789856,3.704432
bass_4,s04,115,266,114,2,eye,7.10233,5.923325,5.041201
bass_4,s04,115,266,114,1,lj,5.33553,5.369863,3.89905
bass_4,s04,115,266,114,6,p2,10.547283594001971,4.219686936038681,4.751109850069717
bass_4,s04,115,266,114,6,pm,5.601141,6.005865,3.893646
bass_4,s04,115,266,114,8,quad,7.255918864474453,4.775545358838367,4.360794626119705
bass_4,s04,115,266,114,7,so,7.998903,4.539767,4.567972
bass_4,s04,115,266,114,4,uro,6.889852,4.538832,3.679016
bass_4,s04,116,267,115,3,basi,6.302959,4.785513,3.708012
bass_4,s04,116,267,115,2,eye,7.102256,5.920547,5.04121
bass_4,s04,116,267,115,1,lj,5.338723,5.377037,3.898889
bass_4,s04,116,267,115,6,p2,10.545247245419198,4.216972565516454,4.748092886255381
bass_4,s04,116,267,115,6,pm,5.601045,6.00582,3.899271
bass_4,s04,116,267,115,8,quad,7.267990582214292,4.780779474937961,4.392772142228597
bass_4,s04,116,267,115,7,so,7.998903,4.539767,4.567972
bass_4,s04,116,267,115,4,uro,6.887851,4.544276,3.678745
bass_4,s04,117,268,116,3,basi,6.302959,4.785513,3.708012
bass_4,s04,117,268,116,2,eye,7.102308,5.920562,5.039096
bass_4,s04,117,268,116,1,lj,5.341909,5.377014,3.898944
bass_4,s04,117,268,116,6,p2,10.54338216038919,4.214553831244409,4.74478394105979
bass_4,s04,117,268,116,6,pm,5.60103,6.00257,3.899368
bass_4,s04,117,268,116,8,quad,7.277771573712643,4.765635840471999,4.373519008352445
bass_4,s04,117,268,116,7,so,7.998459,4.529004,4.568139
bass_4,s04,117,268,116,4,uro,6.8876,4.538884,3.684025
bass_4,s04,118,269,117,3,basi,6.302818,4.785603,3.714891
bass_4,s04,118,269,117,2,eye,7.101152,5.917761,5.03906
bass_4,s04,118,269,117,1,lj,5.347507,5.383991,3.898737
bass_4,s04,118,269,117,6,p2,10.541557113627508,4.21215850078814,4.741954903772988
bass_4,s04,118,269,117,6,pm,5.604435,5.999282,3.89951
bass_4,s04,118,269,117,8,quad,7.271485764912835,4.783825502867788,4.365745304906177
bass_4,s04,118,269,117,7,so,7.998015,4.518242,4.568306
bass_4,s04,118,269,117,4,uro,6.887484,4.53897,3.689106
bass_4,s04,119,270,118,3,basi,6.302818,4.785603,3.714891
bass_4,s04,119,270,118,2,eye,7.101004,5.912204,5.039078
bass_4,s04,119,270,118,1,lj,5.353879,5.383944,3.898845
bass_4,s04,119,270,118,6,p2,10.53978908487189,4.209540736710112,4.739021561989555
bass_4,s04,119,270,118,6,pm,5.604531,5.999326,3.893885
bass_4,s04,119,270,118,8,quad,7.281813036570391,4.765975474620784,4.380169971412668
bass_4,s04,119,270,118,7,so,7.997793,4.512861,4.568389
bass_4,s04,119,270,118,4,uro,6.889503,4.539091,3.694261
bass_4,s04,120,271,119,3,basi,6.302818,4.785603,3.714891
bass_4,s04,120,271,119,2,eye,7.10221,5.909368,5.03908
bass_4,s04,120,271,119,1,lj,5.356675,5.383835,3.89885
bass_4,s04,120,271,119,6,p2,10.538114352353343,4.2067930250747665,4.7360793319566
bass_4,s04,120,271,119,6,pm,5.607024,5.992745,3.894101
bass_4,s04,120,271,119,8,quad,7.250807052776164,4.75998658905966,4.361147500170776
bass_4,s04,120,271,119,7,so,7.997793,4.512861,4.568389
bass_4,s04,120,271,119,4,uro,6.889638,4.544567,3.694064
bass_4,s04,121,272,120,3,basi,6.302957,4.790049,3.711294
bass_4,s04,121,272,120,2,eye,7.109863,5.895492,5.037223
bass_4,s04,121,272,120,1,lj,5.35947,5.383726,3.898856
bass_4,s04,121,272,120,6,p2,10.536830477907865,4.204156309614041,4.733587638601759
bass_4,s04,121,272,120,6,pm,5.613639,5.98608,3.905632
bass_4,s04,121,272,120,8,quad,7.243815610753518,4.783972474048049,4.406866428369661
bass_4,s04,121,272,120,7,so,7.997348,4.502099,4.568556
bass_4,s04,121,272,120,4,uro,6.886545,4.544688,3.694074
bass_4,s04,122,273,121,3,basi,6.302957,4.790049,3.711294
bass_4,s04,122,273,121,2,eye,7.111243,5.889811,5.03507
bass_4,s04,122,273,121,1,lj,5.362574,5.383717,3.904147
bass_4,s04,122,273,121,6,p2,10.535727925512102,4.201610612200696,4.730990616305613
bass_4,s04,122,273,121,6,pm,5.616162,5.985999,3.905655
bass_4,s04,122,273,121,8,quad,7.233133966012728,4.7772100563117395,4.373634060913078
bass_4,s04,122,273,121,7,so,7.997348,4.502099,4.568556
bass_4,s04,122,273,121,4,uro,6.88668,4.550165,3.693877
bass_4,s04,123,274,122,3,basi,6.306869,4.794478,3.711186
bass_4,s04,123,274,122,2,eye,7.112251,5.887056,5.035124
bass_4,s04,123,274,122,1,lj,5.362595,5.39811,3.903717
bass_4,s04,123,274,122,6,p2,10.534765131078268,4.199066390198492,4.728622704220683
bass_4,s04,123,274,122,6,pm,5.617423,5.985959,3.9056670000000002
bass_4,s04,123,274,122,8,quad,7.238263645057989,4.748239553955057,4.424926689738539
bass_4,s04,123,274,122,7,so,7.997126,4.496718,4.56864
bass_4,s04,123,274,122,4,uro,6.88668,4.550165,3.693877
bass_4,s04,124,275,123,3,basi,6.308963,4.794426,3.711195
bass_4,s04,124,275,123,2,eye,7.113456,5.884219,5.035126
bass_4,s04,124,275,123,1,lj,5.365689,5.390903,3.909224
bass_4,s04,124,275,123,6,p2,10.53385959472546,4.196527983375921,4.726255781419422
bass_4,s04,124,275,123,6,pm,5.618782,5.985963,3.900056
bass_4,s04,124,275,123,8,quad,7.27660967748016,4.75138829007711,4.36167418946481
bass_4,s04,124,275,123,7,so,8.000204,4.496445,4.563736
bass_4,s04,124,275,123,4,uro,6.886814,4.555642,3.69368
bass_4,s04,125,276,124,3,basi,6.309033,4.798917,3.711038
bass_4,s04,125,276,124,2,eye,7.113403,5.884205,5.037239
bass_4,s04,125,276,124,1,lj,5.365608,5.390917,3.914462
bass_4,s04,125,276,124,6,p2,10.53302734056981,4.193878646624968,4.723949644692689
bass_4,s04,125,276,124,6,pm,5.622201,5.985924,3.900101
bass_4,s04,125,276,124,8,quad,7.21596097594709,4.714573262900239,4.381324130388942
bass_4,s04,125,276,124,7,so,8.000342,4.496365,4.558886
bass_4,s04,125,276,124,4,uro,6.886814,4.555642,3.69368
bass_4,s04,126,277,125,3,basi,6.31085,4.803398,3.710921
bass_4,s04,126,277,125,2,eye,7.112443,5.88132,5.037151
bass_4,s04,126,277,125,1,lj,5.365608,5.390917,3.914462
bass_4,s04,126,277,125,6,p2,10.532275669259413,4.1913593853706566,4.721856940405694
bass_4,s04,126,277,125,6,pm,5.622088,5.982631,3.90582
bass_4,s04,126,277,125,8,quad,7.248699588222003,4.721299234187091,4.366863483140438
bass_4,s04,126,277,125,7,so,8.003282,4.496171,4.558832
bass_4,s04,126,277,125,4,uro,6.880626,4.55588,3.693699
bass_4,s04,127,278,126,3,basi,6.312875,4.803389,3.714372
bass_4,s04,127,278,126,2,eye,7.116061,5.878463,5.035078
bass_4,s04,127,278,126,1,lj,5.365619,5.398112,3.914249
bass_4,s04,127,278,126,6,p2,10.531756586309168,4.188771001235518,4.719661019043976
bass_4,s04,127,278,126,6,pm,5.621991,5.982588,3.911443
bass_4,s04,127,278,126,8,quad,7.2794807756545,4.717959652395667,4.38007638680837
bass_4,s04,127,278,126,7,so,8.008491,4.479639,4.55898
bass_4,s04,127,278,126,4,uro,6.878374,4.555932,3.69871
bass_4,s04,128,279,127,3,basi,6.316718,4.803327,3.714422
bass_4,s04,128,279,127,2,eye,7.116994,5.872931,5.035142
bass_4,s04,128,279,127,1,lj,5.365619,5.398112,3.914249
bass_4,s04,128,279,127,6,p2,10.53090152436586,4.186308407653499,4.717435282003452
bass_4,s04,128,279,127,6,pm,5.626478,5.982422,3.922747
bass_4,s04,128,279,127,8,quad,7.289321994373647,4.68699102150052,4.3785184045906425
bass_4,s04,128,279,127,7,so,8.01262,4.474421,4.55447
bass_4,s04,128,279,127,4,uro,6.878507,4.561409,3.698514
bass_4,s04,129,280,128,3,basi,6.318812,4.803274,3.71443
bass_4,s04,129,280,128,2,eye,7.118325,5.872886,5.033023
bass_4,s04,129,280,128,1,lj,5.368413,5.398004,3.914255
bass_4,s04,129,280,128,6,p2,10.529806825471784,4.183787906914307,4.715315281042075
bass_4,s04,129,280,128,6,pm,5.626478,5.982422,3.922747
bass_4,s04,129,280,128,8,quad,7.278560423551096,4.688445048222447,4.3933383761285265
bass_4,s04,129,280,128,7,so,8.013119,4.479639,4.544688
bass_4,s04,129,280,128,4,uro,6.876604,4.561207,3.688271
bass_4,s04,130,281,129,3,basi,6.320837,4.803265,3.717881
bass_4,s04,130,281,129,2,eye,7.119438,5.87016,5.028854
bass_4,s04,130,281,129,1,lj,5.368495,5.397991,3.909015
bass_4,s04,130,281,129,6,p2,10.528622683106972,4.181132641699133,4.7133733216253315
bass_4,s04,130,281,129,6,pm,5.629016,5.985591,3.922677
bass_4,s04,130,281,129,8,quad,7.291892282473498,4.677358644065746,4.3509101218573365
bass_4,s04,130,281,129,7,so,8.012896,4.474256,4.544774
bass_4,s04,130,281,129,4,uro,6.87647,4.55573,3.688469
bass_4,s04,131,282,130,3,basi,6.320907,4.807756,3.717724
bass_4,s04,131,282,130,2,eye,7.119634,5.870077,5.028802
bass_4,s04,131,282,130,1,lj,5.371682,5.397966,3.909069
bass_4,s04,131,282,130,6,p2,10.527337679801755,4.178786394984461,4.7116041665937
bass_4,s04,131,282,130,6,pm,5.632613,5.982389,3.91157
bass_4,s04,131,282,130,8,quad,7.283099995015548,4.686148993094246,4.386877526871316
bass_4,s04,131,282,130,7,so,8.012448,4.463491,4.544948
bass_4,s04,131,282,130,4,uro,6.871948,4.550271,3.693604
bass_4,s04,132,283,131,3,basi,6.32468,4.807736,3.721216
bass_4,s04,132,283,131,2,eye,7.119559,5.867299,5.028811
bass_4,s04,132,283,131,1,lj,5.374465,5.390664,3.90929
bass_4,s04,132,283,131,6,p2,10.525901357561686,4.176602240274802,4.709603654600723
bass_4,s04,132,283,131,6,pm,5.63258,5.975891,3.91176
bass_4,s04,132,283,131,8,quad,7.258930102022046,4.751212206083739,4.381475623802857
bass_4,s04,132,283,131,7,so,8.012276,4.452558,4.535432
bass_4,s04,132,283,131,4,uro,6.871948,4.550271,3.693604
bass_4,s04,133,284,132,3,basi,6.326428,4.807727,3.721257
bass_4,s04,133,284,132,2,eye,7.118356,5.870136,5.028809
bass_4,s04,133,284,132,1,lj,5.377664,5.397834,3.909129
bass_4,s04,133,284,132,6,p2,10.524071301419175,4.1742641601524895,4.7076191694452625
bass_4,s04,133,284,132,6,pm,5.633841,5.975851,3.911772
bass_4,s04,133,284,132,8,quad,7.302730429872801,4.705825722938577,4.363168821467462
bass_4,s04,133,284,132,7,so,8.011828,4.441792,4.535608
bass_4,s04,133,284,132,4,uro,6.871948,4.550271,3.693604
bass_4,s04,134,285,133,3,basi,6.32797,4.812208,3.717734
bass_4,s04,134,285,133,2,eye,7.112084,5.867567,5.028802
bass_4,s04,134,285,133,1,lj,5.380782,5.405017,3.914208
bass_4,s04,134,285,133,6,p2,10.5220716202654,4.171983261006149,4.705915681657107
bass_4,s04,134,285,133,6,pm,5.639816,5.982231,3.911652
bass_4,s04,134,285,133,8,quad,7.2824543200822935,4.7070889173551755,4.390080098518206
bass_4,s04,134,285,133,7,so,8.01454,4.436215,4.535643
bass_4,s04,134,285,133,4,uro,6.871948,4.550271,3.693604
bass_4,s04,135,286,134,3,basi,6.325945,4.812217,3.714283
bass_4,s04,135,286,134,2,eye,7.110932,5.870418,5.026688
bass_4,s04,135,286,134,1,lj,5.380782,5.405017,3.914208
bass_4,s04,135,286,134,6,p2,10.52019151899837,4.1699533983591115,4.704299345463729
bass_4,s04,135,286,134,6,pm,5.644497,5.982151,3.911709
bass_4,s04,135,286,134,8,quad,7.329511206680498,4.743629634770953,4.417709944988041
bass_4,s04,135,286,134,7,so,8.016923,4.436167,4.526084
bass_4,s04,135,286,134,4,uro,6.857454,4.556277,3.698453
bass_4,s04,136,287,135,3,basi,6.326016,4.812174,3.710841
bass_4,s04,136,287,135,2,eye,7.120003,5.856387,5.026889
bass_4,s04,136,287,135,1,lj,5.389559,5.4047790000000004,3.914275
bass_4,s04,136,287,135,6,p2,10.518211447364449,4.167970621457031,4.702514314242732
bass_4,s04,136,287,135,6,pm,5.647898,5.97886,3.911848
bass_4,s04,136,287,135,8,quad,7.308339277706612,4.710230109234187,4.356541266389219
bass_4,s04,136,287,135,7,so,8.017061,4.436082,4.521242
bass_4,s04,136,287,135,4,uro,6.846778,4.56218,3.713384
bass_4,s04,137,288,136,3,basi,6.330207,4.812069,3.710858
bass_4,s04,137,288,136,2,eye,7.117943,5.856366,5.022577
bass_4,s04,137,288,136,1,lj,5.392664,5.404766,3.919568
bass_4,s04,137,288,136,6,p2,10.516202469697712,4.166496452365523,4.7006142568246645
bass_4,s04,137,288,136,6,pm,5.649125,5.972324,3.912051
bass_4,s04,137,288,136,8,quad,7.308774245316824,4.716633842849267,4.362198404007014
bass_4,s04,137,288,136,7,so,8.01675,4.425227,4.516581
bass_4,s04,137,288,136,4,uro,6.848216,4.567255,3.697854
bass_4,s04,138,289,137,3,basi,6.333979,4.81205,3.714351
bass_4,s04,138,289,137,2,eye,7.118048,5.856393,5.018354
bass_4,s04,138,289,137,1,lj,5.392664,5.404766,3.919568
bass_4,s04,138,289,137,6,p2,10.514250062962557,4.164598987637447,4.699219305085582
bass_4,s04,138,289,137,6,pm,5.650254,5.965746,3.917875
bass_4,s04,138,289,137,8,quad,7.268092188335126,4.713302393914897,4.3645465710128555
bass_4,s04,138,289,137,7,so,8.018859,4.42535,4.516708
bass_4,s04,138,289,137,4,uro,6.849175,4.567105,3.697776
bass_4,s04,139,290,138,3,basi,6.336074,4.811997,3.714359
bass_4,s04,139,290,138,2,eye,7.118906,5.84808,5.018431
bass_4,s04,139,290,138,1,lj,5.395852,5.404739,3.919621
bass_4,s04,139,290,138,6,p2,10.512369832919878,4.163097153534402,4.697989671103283
bass_4,s04,139,290,138,6,pm,5.652811,5.972166,3.917711
bass_4,s04,139,290,138,8,quad,7.266665868928666,4.708219059923273,4.378036067347866
bass_4,s04,139,290,138,7,so,8.018635,4.419966,4.516799
bass_4,s04,139,290,138,4,uro,6.858561,4.567165,3.703067
bass_4,s04,140,291,139,3,basi,6.340131,4.811806,3.704083
bass_4,s04,140,291,139,2,eye,7.118959,5.848093,5.01632
bass_4,s04,140,291,139,1,lj,5.401834,5.404607,3.919681
bass_4,s04,140,291,139,6,p2,10.510962890944532,4.161764811269531,4.6963380154625085
bass_4,s04,140,291,139,6,pm,5.631303,5.968727,3.973765
bass_4,s04,140,291,139,8,quad,7.312581289744175,4.690506745798243,4.320045569236011
bass_4,s04,140,291,139,7,so,8.030557,4.413543,4.502157
bass_4,s04,140,291,139,4,uro,6.858561,4.567165,3.703067
bass_4,s04,141,292,140,3,basi,6.341951,4.811754,3.700683
bass_4,s04,141,292,140,2,eye,7.120342,5.848062,5.012092
bass_4,s04,141,292,140,1,lj,5.398729,5.404622,3.914388
bass_4,s04,141,292,140,6,p2,10.509488363453736,4.1604754939333795,4.695275805606302
bass_4,s04,141,292,140,6,pm,5.658012,5.962014,3.957415
bass_4,s04,141,292,140,8,quad,7.276396356685556,4.665571326079199,4.312137249076962
bass_4,s04,141,292,140,7,so,8.031981,4.4139,4.497626
bass_4,s04,141,292,140,4,uro,6.875463,4.572143,3.697895
bass_4,s04,142,293,141,3,basi,6.340202,4.811762,3.700641
bass_4,s04,142,293,141,2,eye,7.121726,5.848029,5.007864
bass_4,s04,142,293,141,1,lj,5.404711,5.40449,3.914449
bass_4,s04,142,293,141,6,p2,10.508266957309978,4.159432679294946,4.6944186036875815
bass_4,s04,142,293,141,6,pm,5.661528,5.962013,3.951837
bass_4,s04,142,293,141,8,quad,7.307809121620279,4.726744992114259,4.344996037437058
bass_4,s04,142,293,141,7,so,8.037759,4.408037,4.492773
bass_4,s04,142,293,141,4,uro,6.880694,4.572055,3.697958
bass_4,s04,143,294,142,3,basi,6.342297,4.811709,3.700649
bass_4,s04,143,294,142,2,eye,7.123056,5.847984,5.005746
bass_4,s04,143,294,142,1,lj,5.410709,5.411554,3.914296
bass_4,s04,143,294,142,6,p2,10.50719155719264,4.158394185799775,4.693730467209812
bass_4,s04,143,294,142,6,pm,5.670928,5.952154,3.946606
bass_4,s04,143,294,142,8,quad,7.275422516952748,4.653211638045603,4.3224987582988605
bass_4,s04,143,294,142,7,so,8.045327,4.40783,4.478461
bass_4,s04,143,294,142,4,uro,6.893292,4.571914,3.698158
bass_4,s04,144,295,143,3,basi,6.346487,4.811601,3.700664
bass_4,s04,144,295,143,2,eye,7.123109,5.847997,5.003636
bass_4,s04,144,295,143,1,lj,5.416692,5.411423,3.914357
bass_4,s04,144,295,143,6,p2,10.50666369011001,4.157919673613929,4.69327938435881
bass_4,s04,144,295,143,6,pm,5.678323,5.952078,3.935449
bass_4,s04,144,295,143,8,quad,7.310398532433842,4.66619580914371,4.303845904952223
bass_4,s04,144,295,143,7,so,8.050922,4.40741,4.459186
bass_4,s04,144,295,143,4,uro,6.907123,4.582571,3.697883
bass_4,s04,145,296,144,3,basi,6.348583,4.811547,3.700672
bass_4,s04,145,296,144,2,eye,7.123139,5.845244,4.999427
bass_4,s04,145,296,144,1,lj,5.419797,5.411408,3.91965
bass_4,s04,145,296,144,6,p2,10.50630837285638,4.157474372873039,4.692832875398645
bass_4,s04,145,296,144,6,pm,5.687659,5.948669,3.935655
bass_4,s04,145,296,144,8,quad,7.2962028241874,4.640959678692514,4.281092963600175
bass_4,s04,145,296,144,7,so,8.051198,4.407235,4.449512
bass_4,s04,145,296,144,4,uro,6.913649,4.582595,3.693017
bass_4,s04,146,297,145,3,basi,6.350678,4.811492,3.70068
bass_4,s04,146,297,145,2,eye,7.121861,5.845302,4.999434
bass_4,s04,146,297,145,1,lj,5.428591,5.418369,3.919509
bass_4,s04,146,297,145,6,p2,10.505872735249,4.156982784096893,4.692716639839433
bass_4,s04,146,297,145,6,pm,5.691175,5.948664,3.930078
bass_4,s04,146,297,145,8,quad,7.344950273317202,4.700734754707717,4.307194501985669
bass_4,s04,146,297,145,7,so,8.052993,4.396492,4.445005
bass_4,s04,146,297,145,4,uro,6.922094,4.582304,3.687983
bass_4,s04,147,298,146,3,basi,6.354594,4.815922,3.700572
bass_4,s04,147,298,146,2,eye,7.122674,5.842629,4.999544
bass_4,s04,147,298,146,1,lj,5.43178,5.418341,3.91956
bass_4,s04,147,298,146,6,p2,10.505433101446425,4.156480480855401,4.692403386896056
bass_4,s04,147,298,146,6,pm,5.691175,5.948664,3.930078
bass_4,s04,147,298,146,8,quad,7.287549964390787,4.668374597887258,4.327983494322843
bass_4,s04,147,298,146,7,so,8.046566,4.390636,4.439888
bass_4,s04,147,298,146,4,uro,6.927444,4.582135,3.68296
bass_4,s05,1,281,0,3,basi,5.398728,6.190824,4.73174
bass_4,s05,1,281,0,2,eye,6.352304,6.591691,5.832355
bass_4,s05,1,281,0,1,lj,4.55728,6.519184,4.951485
bass_4,s05,1,281,0,6,p2,9.37341293920518,4.698615466890351,4.548932653167951
bass_4,s05,1,281,0,6,pm,4.859568,6.911469,4.978868
bass_4,s05,1,281,0,8,quad,NA,NA,NA
bass_4,s05,1,281,0,7,so,NA,NA,NA
bass_4,s05,1,281,0,4,uro,5.88311,5.991737,4.582703
bass_4,s05,2,282,1,3,basi,5.375694,6.194244,4.726051
bass_4,s05,2,282,1,2,eye,6.336151,6.592069,5.829416
bass_4,s05,2,282,1,1,lj,4.539699,6.515923,4.960615
bass_4,s05,2,282,1,6,p2,9.36740690715512,4.697263915371835,4.548906929079313
bass_4,s05,2,282,1,6,pm,4.830873,6.922819,4.985577
bass_4,s05,2,282,1,8,quad,NA,NA,NA
bass_4,s05,2,282,1,7,so,NA,NA,NA
bass_4,s05,2,282,1,4,uro,5.869787,5.982615,4.579528
bass_4,s05,3,283,2,3,basi,5.353463,6.191432,4.74181
bass_4,s05,3,283,2,2,eye,6.315382,6.592496,5.829144
bass_4,s05,3,283,2,1,lj,4.522834,6.500772,4.960462
bass_4,s05,3,283,2,6,p2,9.361351927904058,4.695896974878645,4.549244850232606
bass_4,s05,3,283,2,6,pm,4.813427,6.917827,4.9855
bass_4,s05,3,283,2,8,quad,6.427504472310455,5.550857797711627,4.969178096106756
bass_4,s05,3,283,2,7,so,7.166769,5.194662,5.025113
bass_4,s05,3,283,2,4,uro,5.834097,5.978577,4.585447
bass_4,s05,4,284,3,3,basi,5.340071,6.191756,4.741665
bass_4,s05,4,284,3,2,eye,6.297729,6.592674,5.837044
bass_4,s05,4,284,3,1,lj,4.494422,6.489855,4.960225
bass_4,s05,4,284,3,6,p2,9.35532435292352,4.694760408031854,4.549359811411512
bass_4,s05,4,284,3,6,pm,4.78714,6.91271,4.988837
bass_4,s05,4,284,3,8,quad,6.43630337539535,5.52096410679816,4.98506685263145
bass_4,s05,4,284,3,7,so,7.138848,5.1895,5.042336
bass_4,s05,4,284,3,4,uro,5.813116,5.974237,4.585268
bass_4,s05,5,285,4,3,basi,5.312346,6.19233,4.741329
bass_4,s05,5,285,4,2,eye,6.277289,6.589798,5.836698
bass_4,s05,5,285,4,1,lj,4.467564,6.474968,4.959984
bass_4,s05,5,285,4,6,p2,9.348365562563764,4.693238870806149,4.549544009544114
bass_4,s05,5,285,4,6,pm,4.771766,6.912977,4.992288
bass_4,s05,5,285,4,8,quad,6.383446678142713,5.578019177301784,5.041409632352527
bass_4,s05,5,285,4,7,so,7.113998,5.195419,5.036038
bass_4,s05,5,285,4,4,uro,5.805733,5.974403,4.585169
bass_4,s05,6,286,5,3,basi,5.285772,6.183959,4.741085
bass_4,s05,6,286,5,2,eye,6.252339,6.590294,5.836353
bass_4,s05,6,286,5,1,lj,4.447589,6.471632,4.959827
bass_4,s05,6,286,5,6,p2,9.335664306923412,4.690210753498131,4.549978722218659
bass_4,s05,6,286,5,6,pm,4.741022,6.913304,4.995418
bass_4,s05,6,286,5,8,quad,6.3276372931980935,5.526096462472082,5.032598048706324
bass_4,s05,6,286,5,7,so,7.094446,5.195723,5.041625
bass_4,s05,6,286,5,4,uro,5.784905,5.965349,4.594489
bass_4,s05,7,287,6,3,basi,5.258052,6.178605,4.74081
bass_4,s05,7,287,6,2,eye,6.214879,6.590975,5.841316
bass_4,s05,7,287,6,1,lj,4.42361,6.468138,4.959477
bass_4,s05,7,287,6,6,p2,9.321156271173642,4.68699634353339,4.550623956201914
bass_4,s05,7,287,6,6,pm,4.708286,6.902926,4.995128
bass_4,s05,7,287,6,8,quad,6.298647917587498,5.566075574629422,5.035432082825049
bass_4,s05,7,287,6,7,so,7.057189,5.191157,5.035538
bass_4,s05,7,287,6,4,uro,5.766165,5.956341,4.594381
bass_4,s05,8,288,7,3,basi,5.239332,6.175949,4.740581
bass_4,s05,8,288,7,2,eye,6.1912,6.591456,5.841
bass_4,s05,8,288,7,1,lj,4.382575,6.460935,4.967991
bass_4,s05,8,288,7,6,p2,9.30549409198607,4.68359902622629,4.551413626433802
bass_4,s05,8,288,7,6,pm,4.686344,6.903081,4.994702
bass_4,s05,8,288,7,8,quad,6.283389526595356,5.561376061997088,4.985971921079549
bass_4,s05,8,288,7,7,so,7.028472,5.186071,5.029298
bass_4,s05,8,288,7,4,uro,5.744531,5.952076,4.591277
bass_4,s05,9,289,8,3,basi,5.221541,6.166974,4.745755
bass_4,s05,9,289,8,2,eye,6.168791,6.591922,5.840713
bass_4,s05,9,289,8,1,lj,4.361059,6.461582,4.967845
bass_4,s05,9,289,8,6,p2,9.288378453170916,4.679625504999513,4.552289607885292
bass_4,s05,9,289,8,6,pm,4.660011,6.915215,4.994504
bass_4,s05,9,289,8,8,quad,6.2893415330507985,5.554118708607229,5.072179511510574
bass_4,s05,9,289,8,7,so,7.012352,5.186262,5.040758
bass_4,s05,9,289,8,4,uro,5.722985,5.933742,4.59481
bass_4,s05,10,290,9,3,basi,5.182688,6.154295,4.745356
bass_4,s05,10,290,9,2,eye,6.144903,6.59208,5.856217
bass_4,s05,10,290,9,1,lj,4.3415975,6.4584555,4.9678275
bass_4,s05,10,290,9,6,p2,9.270358960901536,4.675422152545262,4.553382568788541
bass_4,s05,10,290,9,6,pm,4.633743,6.909873,4.994056
bass_4,s05,10,290,9,8,quad,6.299656210958012,5.5121223740330185,5.006113478212588
bass_4,s05,10,290,9,7,so,7.000584,5.175319,5.040649
bass_4,s05,10,290,9,4,uro,5.702292,5.924673,4.60176
bass_4,s05,11,291,10,3,basi,5.169766,6.137931,4.745382
bass_4,s05,11,291,10,2,eye,6.127167,6.589302,5.848666
bass_4,s05,11,291,10,1,lj,4.322136,6.455329,4.96781
bass_4,s05,11,291,10,6,p2,9.250914587515432,4.6710169515956945,4.554653921328471
bass_4,s05,11,291,10,6,pm,4.605035,6.927031,4.997164
bass_4,s05,11,291,10,8,quad,6.254108846329263,5.570261206049628,5.044889306391438
bass_4,s05,11,291,10,7,so,6.969565,5.164616,5.034342
bass_4,s05,11,291,10,4,uro,5.678111,5.920445,4.601524
bass_4,s05,12,292,11,3,basi,5.139353,6.128631,4.745146
bass_4,s05,12,292,11,2,eye,6.102404,6.589797,5.848323
bass_4,s05,12,292,11,1,lj,4.292776,6.444029,4.967315
bass_4,s05,12,292,11,6,p2,9.230552683880166,4.66661921101978,4.556236263224238
bass_4,s05,12,292,11,6,pm,4.587494,6.93332,4.997075
bass_4,s05,12,292,11,8,quad,6.216974126824832,5.50359554212581,5.062527914651966
bass_4,s05,12,292,11,7,so,6.948355,5.159571,5.045936
bass_4,s05,12,292,11,4,uro,5.663461,5.920691,4.597792
bass_4,s05,13,293,12,3,basi,5.109518,6.119095,4.750182
bass_4,s05,13,293,12,2,eye,6.079989,6.590269,5.84805
bass_4,s05,13,293,12,1,lj,4.253196,6.43656,4.984854
bass_4,s05,13,293,12,6,p2,9.208825126645662,4.661551628446886,4.557724944541899
bass_4,s05,13,293,12,6,pm,4.563351,6.939553,4.9968070000000004
bass_4,s05,13,293,12,8,quad,6.194301582561665,5.551701770669918,5.036877984544806
bass_4,s05,13,293,12,7,so,6.920166,5.149152,5.04579
bass_4,s05,13,293,12,4,uro,5.650203,5.911608,4.604851
bass_4,s05,14,294,13,3,basi,5.078476,6.109675,4.74988
bass_4,s05,14,294,13,2,eye,6.05786,6.590617,5.852578
bass_4,s05,14,294,13,1,lj,4.223415,6.433808,4.966483
bass_4,s05,14,294,13,6,p2,9.18682809659683,4.656751220207036,4.559947098626656
bass_4,s05,14,294,13,6,pm,4.548122,6.934393,4.993031
bass_4,s05,14,294,13,8,quad,6.14060340956872,5.533245905768806,5.004219097403705
bass_4,s05,14,294,13,7,so,6.888025,5.160997,5.051287
bass_4,s05,14,294,13,4,uro,5.618879,5.907376,4.60804
bass_4,s05,15,295,14,3,basi,5.053344,6.100176,4.74431
bass_4,s05,15,295,14,2,eye,6.040019,6.590972,5.852328
bass_4,s05,15,295,14,1,lj,4.185586,6.422629,4.965857
bass_4,s05,15,295,14,6,p2,9.164756656026563,4.651846091867791,4.562089633467135
bass_4,s05,15,295,14,6,pm,4.526175,6.940655,4.99283
bass_4,s05,15,295,14,8,quad,6.087654932656304,5.508649472337631,5.043071099542
bass_4,s05,15,295,14,7,so,6.853585,5.161613,5.05084
bass_4,s05,15,295,14,4,uro,5.60328,5.898349,4.607982
bass_4,s05,16,296,15,3,basi,5.030147,6.094081,4.738783
bass_4,s05,16,296,15,2,eye,6.01635,6.58804,5.859205
bass_4,s05,16,296,15,1,lj,4.160331,6.407619,4.965582
bass_4,s05,16,296,15,6,p2,9.14271537729788,4.6470227491748695,4.564443615826441
bass_4,s05,16,296,15,6,pm,4.473493,6.947124,4.992018
bass_4,s05,16,296,15,8,quad,6.117368759432304,5.5005434944607785,5.052228593950712
bass_4,s05,16,296,15,7,so,6.840549,5.161434,5.050343
bass_4,s05,16,296,15,4,uro,5.578411,5.879962,4.607897
bass_4,s05,17,297,16,3,basi,5.003614,6.094605,4.738454
bass_4,s05,17,297,16,2,eye,5.99159,6.588537,5.858864
bass_4,s05,17,297,16,1,lj,4.138875,6.400416,4.974553
bass_4,s05,17,297,16,6,p2,9.12033084892522,4.641809197208703,4.567125833674254
bass_4,s05,17,297,16,6,pm,4.45372,6.947348,4.995347
bass_4,s05,17,297,16,8,quad,6.067821275387087,5.551362023358518,5.00513675920564
bass_4,s05,17,297,16,7,so,6.828154,5.161488,5.055918
bass_4,s05,17,297,16,4,uro,5.538125,5.862228,4.607724
bass_4,s05,18,298,17,3,basi,4.984307,6.071568,4.738416
bass_4,s05,18,298,17,2,eye,5.970927,6.588859,5.863409
bass_4,s05,18,298,17,1,lj,4.103435,6.393281,4.983218
bass_4,s05,18,298,17,6,p2,9.097939989096522,4.6366688392859565,4.57008583715799
bass_4,s05,18,298,17,6,pm,4.436118,6.953304,4.995091
bass_4,s05,18,298,17,8,quad,6.0577954724329,5.5040620754076155,5.045744455299921
bass_4,s05,18,298,17,7,so,6.788494,5.156878,5.061479
bass_4,s05,18,298,17,4,uro,5.507977,5.862491,4.614334
bass_4,s05,19,299,18,3,basi,4.955186,6.058836,4.743555
bass_4,s05,19,299,18,2,eye,5.9472,6.589293,5.865516
bass_4,s05,19,299,18,1,lj,4.071298,6.37844,4.973725
bass_4,s05,19,299,18,6,p2,9.075418120132149,4.631573470652925,4.57368747536723
bass_4,s05,19,299,18,6,pm,4.418562,6.953455,4.994759
bass_4,s05,19,299,18,8,quad,6.029241055020147,5.498355333162626,5.042001419954954
bass_4,s05,19,299,18,7,so,6.765537,5.157297,5.061186
bass_4,s05,19,299,18,4,uro,5.485955,5.848846,4.614245
bass_4,s05,20,300,19,3,basi,4.937722,6.059237,4.743364
bass_4,s05,20,300,19,2,eye,5.922532,6.589884,5.860346
bass_4,s05,20,300,19,1,lj,4.037666,6.359711,4.973345
bass_4,s05,20,300,19,6,p2,9.053207114546304,4.626362876262433,4.577120223579804
bass_4,s05,20,300,19,6,pm,4.396762,6.948402,4.990883
bass_4,s05,20,300,19,8,quad,5.991905289505459,5.5066362547061996,5.057725715701615
bass_4,s05,20,300,19,7,so,6.729404,5.169375,5.084362
bass_4,s05,20,300,19,4,uro,5.459667,5.83993,4.614028
bass_4,s05,21,301,20,3,basi,4.915126,6.052872,4.743084
bass_4,s05,21,301,20,2,eye,5.900576,6.593645,5.857683
bass_4,s05,21,301,20,1,lj,4.016461,6.344931,4.973301
bass_4,s05,21,301,20,6,p2,9.030589378552802,4.62055698425565,4.580831864707614
bass_4,s05,21,301,20,6,pm,4.377167,6.949179,4.979797
bass_4,s05,21,301,20,8,quad,5.948029156235764,5.467042539950396,5.060314878371685
bass_4,s05,21,301,20,7,so,6.713063,5.164079,5.101746
bass_4,s05,21,301,20,4,uro,5.44446,5.821611,4.610598
bass_4,s05,22,302,21,3,basi,4.887344,6.036739,4.74825
bass_4,s05,22,302,21,2,eye,5.872711,6.600693,5.859838
bass_4,s05,22,302,21,1,lj,3.982718,6.333936,4.972885
bass_4,s05,22,302,21,6,p2,9.00788374754508,4.614838237109787,4.584842409718363
bass_4,s05,22,302,21,6,pm,4.350725,6.961019,4.979446
bass_4,s05,22,302,21,8,quad,5.9434180880005245,5.50549002974742,5.046531490725709
bass_4,s05,22,302,21,7,so,6.690768,5.15908,5.101613
bass_4,s05,22,302,21,4,uro,5.420264,5.807971,4.614011
bass_4,s05,23,303,22,3,basi,4.855082,6.02739,4.747957
bass_4,s05,23,303,22,2,eye,5.850588,6.601045,5.864368
bass_4,s05,23,303,22,1,lj,3.951545,6.319447,4.972772
bass_4,s05,23,303,22,6,p2,8.9853582162593,4.60914221017475,4.588829855755063
bass_4,s05,23,303,22,6,pm,4.32219,6.967305,4.975424
bass_4,s05,23,303,22,8,quad,5.869767165733536,5.478226309468201,5.0988803847687265
bass_4,s05,23,303,22,7,so,6.659754,5.165229,5.11294
bass_4,s05,23,303,22,4,uro,5.400149,5.789585,4.61047
bass_4,s05,24,304,23,3,basi,4.816536,6.014759,4.736899
bass_4,s05,24,304,23,2,eye,5.815894,6.601644,5.868732
bass_4,s05,24,304,23,1,lj,3.926237,6.312168,4.972456
bass_4,s05,24,304,23,6,p2,8.962490770337373,4.603321743093027,4.593403565433607
bass_4,s05,24,304,23,6,pm,4.291426,6.973354,4.971225
bass_4,s05,24,304,23,8,quad,5.90508113651028,5.470802605999034,5.046935428233298
bass_4,s05,24,304,23,7,so,6.636912,5.171216,5.112635
bass_4,s05,24,304,23,4,uro,5.373574,5.775914,4.610287
bass_4,s05,25,305,24,3,basi,4.79329,6.0119665,4.736686
bass_4,s05,25,305,24,2,eye,5.795347,6.605334,5.868503
bass_4,s05,25,305,24,1,lj,3.882699,6.293722,4.972004
bass_4,s05,25,305,24,6,p2,8.939727639323376,4.597371633120957,4.5975620701498645
bass_4,s05,25,305,24,6,pm,4.277741,7.001357,4.981786
bass_4,s05,25,305,24,8,quad,5.811647802250941,5.475851763105905,5.0489110421635655
bass_4,s05,25,305,24,7,so,6.60721,5.166058,5.118021
bass_4,s05,25,305,24,4,uro,5.362811,5.771265,4.61369
bass_4,s05,26,306,25,3,basi,4.770044,6.009174,4.736473
bass_4,s05,26,306,25,2,eye,5.782944,6.608808,5.870805
bass_4,s05,26,306,25,1,lj,3.861546,6.278964,4.971978
bass_4,s05,26,306,25,6,p2,8.916679397606845,4.591067701784517,4.60131656812023
bass_4,s05,26,306,25,6,pm,4.259991,7.018961,4.98169
bass_4,s05,26,306,25,8,quad,5.783004159537509,5.522110783664652,5.078372136796405
bass_4,s05,26,306,25,7,so,6.57115,5.161269,5.12354
bass_4,s05,26,306,25,4,uro,5.339921,5.753178,4.61727
bass_4,s05,27,307,26,3,basi,4.748889,5.989358,4.736306
bass_4,s05,27,307,26,2,eye,5.759406,6.609233,5.872902
bass_4,s05,27,307,26,1,lj,3.828177,6.256486,4.962596
bass_4,s05,27,307,26,6,p2,8.894163219250277,4.5852621002218275,4.60552445406978
bass_4,s05,27,307,26,6,pm,4.235856,7.019401,4.981351
bass_4,s05,27,307,26,8,quad,5.78820249141197,5.462374481650263,5.050206191753606
bass_4,s05,27,307,26,7,so,6.556747,5.161747,5.129414
bass_4,s05,27,307,26,4,uro,5.301647,5.744481,4.62749
bass_4,s05,28,308,27,3,basi,4.704827,5.996924,4.741046
bass_4,s05,28,308,27,2,eye,5.734664,6.613008,5.87262
bass_4,s05,28,308,27,1,lj,3.796016,6.245342,4.962137
bass_4,s05,28,308,27,6,p2,8.871491807175895,4.579421486573251,4.609476655792411
bass_4,s05,28,308,27,6,pm,4.218306,7.019739,4.981114
bass_4,s05,28,308,27,8,quad,5.784067758022319,5.474009858761862,5.099478327667224
bass_4,s05,28,308,27,7,so,6.54858,5.161918,5.141051
bass_4,s05,28,308,27,4,uro,5.285064,5.730592,4.634467
bass_4,s05,29,309,28,3,basi,4.682978,5.984046,4.740925
bass_4,s05,29,309,28,2,eye,5.705387,6.613441,5.879473
bass_4,s05,29,309,28,1,lj,3.772144,6.219274,4.96228
bass_4,s05,29,309,28,6,p2,8.848779605752847,4.573449792863952,4.613322825187035
bass_4,s05,29,309,28,6,pm,4.196245,7.03188,4.981024
bass_4,s05,29,309,28,8,quad,5.704296039120487,5.422626531295811,5.042461115221103
bass_4,s05,29,309,28,7,so,6.527933,5.162291,5.134926
bass_4,s05,29,309,28,4,uro,5.265539,5.702936,4.63815
bass_4,s05,30,310,29,3,basi,4.653428,5.974572,4.7353
bass_4,s05,30,310,29,2,eye,5.686301,6.610626,5.876745
bass_4,s05,30,310,29,1,lj,3.748443,6.20389,4.979985
bass_4,s05,30,310,29,6,p2,8.82658787678665,4.567897109310898,4.616403722826734
bass_4,s05,30,310,29,6,pm,4.165521,7.032424,4.980584
bass_4,s05,30,310,29,8,quad,5.724277401886776,5.451242626749528,5.077832459804419
bass_4,s05,30,310,29,7,so,6.491055,5.168582,5.152077
bass_4,s05,30,310,29,4,uro,5.247686,5.689239,4.631069
bass_4,s05,31,311,30,3,basi,4.627177,5.951737,4.73521
bass_4,s05,31,311,30,2,eye,5.664076,6.61106,5.876441
bass_4,s05,31,311,30,1,lj,3.709448,6.188878,4.979368
bass_4,s05,31,311,30,6,p2,8.804545697995069,4.56246278871485,4.6195517483615305
bass_4,s05,31,311,30,6,pm,4.141382,7.032866,4.980245
bass_4,s05,31,311,30,8,quad,5.6927313735178755,5.456508975654784,5.130835949411026
bass_4,s05,31,311,30,7,so,6.476521,5.169062,5.16383
bass_4,s05,31,311,30,4,uro,5.223651,5.666233,4.631063
bass_4,s05,32,312,31,3,basi,4.600752,5.92879,4.751043
bass_4,s05,32,312,31,2,eye,5.647377,6.611253,5.883464
bass_4,s05,32,312,31,1,lj,3.678878,6.173599,4.987871
bass_4,s05,32,312,31,6,p2,8.782660952349348,4.556964150131353,4.622587892318634
bass_4,s05,32,312,31,6,pm,4.123887,7.033527,4.976495
bass_4,s05,32,312,31,8,quad,5.685590107855129,5.462947675405237,5.112753599573365
bass_4,s05,32,312,31,7,so,6.461669,5.158102,5.175268
bass_4,s05,32,312,31,4,uro,5.199347,5.624382,4.631253
bass_4,s05,33,313,32,3,basi,4.581791,5.915887,4.72967
bass_4,s05,33,313,32,2,eye,5.626748,6.611423,5.897692
bass_4,s05,33,313,32,1,lj,3.655675,6.163622,4.988319
bass_4,s05,33,313,32,6,p2,8.761160593392805,4.551958619708028,4.625234052464457
bass_4,s05,33,313,32,6,pm,4.097521,7.040219,4.976423
bass_4,s05,33,313,32,8,quad,5.693099283598553,5.462033164003832,5.140138062105814
bass_4,s05,33,313,32,7,so,6.421941,5.153092,5.180458
bass_4,s05,33,313,32,4,uro,5.185723,5.620043,4.627667
bass_4,s05,34,314,33,3,basi,4.545341,5.886566,4.729521
bass_4,s05,34,314,33,2,eye,5.60454,6.615124,5.897443
bass_4,s05,34,314,33,1,lj,3.633562,6.152176,4.987913
bass_4,s05,34,314,33,6,p2,8.739827656927346,4.54706912527822,4.6278368490028345
bass_4,s05,34,314,33,6,pm,4.062255,7.046205,4.979441
bass_4,s05,34,314,33,8,quad,5.647308704643509,5.395697417935571,5.150290453018778
bass_4,s05,34,314,33,7,so,6.40354,5.142253,5.191898
bass_4,s05,34,314,33,4,uro,5.161211,5.601569,4.620498
bass_4,s05,35,315,34,3,basi,4.535072,5.876714,4.734791
bass_4,s05,35,315,34,2,eye,5.57919,6.612297,5.897026
bass_4,s05,35,315,34,1,lj,3.598456,6.145289,4.978529
bass_4,s05,35,315,34,6,p2,8.719230145390009,4.5425030142782346,4.6301968195838406
bass_4,s05,35,315,34,6,pm,4.024797,7.046081,4.989542
bass_4,s05,35,315,34,8,quad,5.613289080479058,5.414232625313046,5.094761719183244
bass_4,s05,35,315,34,7,so,6.373851,5.126286,5.197559
bass_4,s05,35,315,34,4,uro,5.151884,5.5831480000000004,4.617185
bass_4,s05,36,316,35,3,basi,4.516079,5.846974,4.734814
bass_4,s05,36,316,35,2,eye,5.561666,6.615895,5.901696
bass_4,s05,36,316,35,1,lj,3.581554,6.123149,4.978855
bass_4,s05,36,316,35,6,p2,8.698500083976436,4.538079262794713,4.632220709663582
bass_4,s05,36,316,35,6,pm,3.996175,7.052136,4.985385
bass_4,s05,36,316,35,8,quad,5.577523503902581,5.427110454333812,5.127523113433223
bass_4,s05,36,316,35,7,so,6.342827,5.138064,5.214798
bass_4,s05,36,316,35,4,uro,5.11594,5.569785,4.623958
bass_4,s05,37,317,36,3,basi,4.494313,5.824035,4.745389
bass_4,s05,37,317,36,2,eye,5.534481,6.619347,5.913432
bass_4,s05,37,317,36,1,lj,3.556851,6.096539,4.978638
bass_4,s05,37,317,36,6,p2,8.678202443498108,4.533492374552186,4.634494948079991
bass_4,s05,37,317,36,6,pm,3.976225,7.0639,4.985147
bass_4,s05,37,317,36,8,quad,5.521462920950802,5.4209376506193205,5.126071362676723
bass_4,s05,37,317,36,7,so,6.328614,5.116101,5.226335
bass_4,s05,37,317,36,4,uro,5.099739,5.565361,4.630819
bass_4,s05,38,318,37,3,basi,4.472624,5.801131,4.7506640000000004
bass_4,s05,38,318,37,2,eye,5.525228,6.622867,5.913381
bass_4,s05,38,318,37,1,lj,3.519468,6.077304,4.995941
bass_4,s05,38,318,37,6,p2,8.658366658092671,4.529777898286086,4.636581053297132
bass_4,s05,38,318,37,6,pm,3.956565,7.058714,4.988619
bass_4,s05,38,318,37,8,quad,5.504190024746626,5.385912967184155,5.171931136814615
bass_4,s05,38,318,37,7,so,6.31411,5.133067,5.243723
bass_4,s05,38,318,37,4,uro,5.07543,5.546951,4.634213
bass_4,s05,39,319,38,3,basi,4.4522640000000004,5.781499,4.750596
bass_4,s05,39,319,38,2,eye,5.504649,6.620036,5.91305
bass_4,s05,39,319,38,1,lj,3.485762,6.074023,4.995481
bass_4,s05,39,319,38,6,p2,8.638596357609694,4.52572063142336,4.6386796480108
bass_4,s05,39,319,38,6,pm,3.940748,7.081324,4.98823
bass_4,s05,39,319,38,8,quad,5.487754946833247,5.356136152137642,5.204377518875857
bass_4,s05,39,319,38,7,so,6.295108,5.122418,5.255295
bass_4,s05,39,319,38,4,uro,5.053826,5.542802,4.637573
bass_4,s05,40,320,39,3,basi,4.419029,5.762246,4.750435
bass_4,s05,40,320,39,2,eye,5.490697,6.623433,5.920166
bass_4,s05,40,320,39,1,lj,3.44863,6.051085,4.994816
bass_4,s05,40,320,39,6,p2,8.619365563580082,4.521945401526646,4.640661213052227
bass_4,s05,40,320,39,6,pm,3.923434,7.076842,4.977375
bass_4,s05,40,320,39,8,quad,5.45632495969984,5.39371496574293,5.1849963591324935
bass_4,s05,40,320,39,7,so,6.268383,5.123006,5.266754
bass_4,s05,40,320,39,4,uro,5.015539,5.534142,4.661757
bass_4,s05,41,321,40,3,basi,4.388933,5.756348,4.75009
bass_4,s05,41,321,40,2,eye,5.472537,6.636656,5.929815
bass_4,s05,41,321,40,1,lj,3.425437,6.036885,5.003881
bass_4,s05,41,321,40,6,p2,8.600317187251777,4.518300500058936,4.64240581696969
bass_4,s05,41,321,40,6,pm,3.89258,7.082993,4.9769
bass_4,s05,41,321,40,8,quad,5.435677723833053,5.356585851563729,5.206451734030971
bass_4,s05,41,321,40,7,so,6.242701,5.123648,5.295846
bass_4,s05,41,321,40,4,uro,4.987352,5.520513,4.661529
bass_4,s05,42,322,41,3,basi,4.364506,5.731735,4.749991
bass_4,s05,42,322,41,2,eye,5.454898,6.637538,5.934426
bass_4,s05,42,322,41,1,lj,3.398902,6.020326,5.003667
bass_4,s05,42,322,41,6,p2,8.581091895376627,4.5144860228042925,4.644356550339577
bass_4,s05,42,322,41,6,pm,3.863988,7.083217,4.980028
bass_4,s05,42,322,41,8,quad,5.450101416503186,5.322725264319222,5.207797295053695
bass_4,s05,42,322,41,7,so,6.213986,5.118603,5.295451
bass_4,s05,42,322,41,4,uro,4.941475,5.4886,4.675372
bass_4,s05,43,323,42,3,basi,4.341749,5.719441,4.760293
bass_4,s05,43,323,42,2,eye,5.439615,6.634903,5.939022
bass_4,s05,43,323,42,1,lj,3.363418,5.986854,5.003454
bass_4,s05,43,323,42,6,p2,8.56260429598656,4.511139361762759,4.646299355051641
bass_4,s05,43,323,42,6,pm,3.833193,7.083377,4.983069
bass_4,s05,43,323,42,8,quad,5.422675917798754,5.378263571977095,5.239860617879907
bass_4,s05,43,323,42,7,so,6.196372,5.113485,5.312874
bass_4,s05,43,323,42,4,uro,4.927517,5.479496,4.678811
bass_4,s05,44,324,43,3,basi,4.310933,5.687562,4.766159
bass_4,s05,44,324,43,2,eye,5.418566,6.632419,5.938681
bass_4,s05,44,324,43,1,lj,3.342212,5.969637,5.01198
bass_4,s05,44,324,43,6,p2,8.543737210132575,4.507334197364605,4.64835665367923
bass_4,s05,44,324,43,6,pm,3.815534,7.08959,4.982943
bass_4,s05,44,324,43,8,quad,5.415611025439369,5.314077887642631,5.220463097077158
bass_4,s05,44,324,43,7,so,6.1703,5.114141,5.330297
bass_4,s05,44,324,43,4,uro,4.901636,5.470681,4.689128
bass_4,s05,45,325,44,3,basi,4.293503,5.68791,4.762426
bass_4,s05,45,325,44,2,eye,5.396619,6.632486,5.952857
bass_4,s05,45,325,44,1,lj,3.318396,5.952787,5.011652
bass_4,s05,45,325,44,6,p2,8.525400842147304,4.503703801350052,4.650268680156665
bass_4,s05,45,325,44,6,pm,3.795693,7.096013,4.982878
bass_4,s05,45,325,44,8,quad,5.415917431354181,5.372586947404404,5.229156678771474
bass_4,s05,45,325,44,7,so,6.16586,5.114232,5.336082
bass_4,s05,45,325,44,4,uro,4.87439,5.462072,4.689018
bass_4,s05,46,326,45,3,basi,4.259815,5.676171,4.772748
bass_4,s05,46,326,45,2,eye,5.382223,6.638583,5.952767
bass_4,s05,46,326,45,1,lj,3.274304,5.935788,5.010746
bass_4,s05,46,326,45,6,p2,8.507007914791625,4.500010179830621,4.651998333484448
bass_4,s05,46,326,45,6,pm,3.771362,7.101691,4.985997
bass_4,s05,46,326,45,8,quad,5.35695789563407,5.323053497362739,5.221027418783587
bass_4,s05,46,326,45,7,so,6.123916,5.126317,5.365078
bass_4,s05,46,326,45,4,uro,4.857383,5.457305,4.692161
bass_4,s05,47,327,46,3,basi,4.238207,5.66642,4.776005
bass_4,s05,47,327,46,2,eye,5.363729,6.638894,5.954927
bass_4,s05,47,327,46,1,lj,3.266501,5.929823,5.011118
bass_4,s05,47,327,46,6,p2,8.48859230139486,4.495964711046157,4.654065957036728
bass_4,s05,47,327,46,6,pm,3.753571,7.11353,4.985851
bass_4,s05,47,327,46,8,quad,5.330847627203827,5.335285220701684,5.263423887175416
bass_4,s05,47,327,46,7,so,6.110057,5.115483,5.37071
bass_4,s05,47,327,46,4,uro,4.82554,5.443886,4.698932
bass_4,s05,48,328,47,3,basi,4.225022,5.654143,4.775938
bass_4,s05,48,328,47,2,eye,5.35911,6.641835,5.962208
bass_4,s05,48,328,47,1,lj,3.250561,5.923892,5.020307
bass_4,s05,48,328,47,6,p2,8.470513204946615,4.492217960507773,4.65578629237777
bass_4,s05,48,328,47,6,pm,3.727025,7.119473,4.996453
bass_4,s05,48,328,47,8,quad,5.307118219145679,5.365267066462799,5.274477486739194
bass_4,s05,48,328,47,7,so,6.093517,5.115841,5.376442
bass_4,s05,48,328,47,4,uro,4.818982,5.434343,4.695318
bass_4,s05,49,329,48,3,basi,4.206752,5.647067,4.772299
bass_4,s05,49,329,48,2,eye,5.338743,6.642024,5.969155
bass_4,s05,49,329,48,1,lj,3.221259,5.910274,5.019708
bass_4,s05,49,329,48,6,p2,8.452399384765231,4.48800630139312,4.657911323873091
bass_4,s05,49,329,48,6,pm,3.706966,7.130878,4.999717
bass_4,s05,49,329,48,8,quad,5.309950430800437,5.324068130518682,5.2817859008425305
bass_4,s05,49,329,48,7,so,6.073084,5.116294,5.393766
bass_4,s05,49,329,48,4,uro,4.792057,5.416412,4.709582
bass_4,s05,50,330,49,3,basi,4.18626,5.634913,4.7862
bass_4,s05,50,330,49,2,eye,5.324261,6.636417,5.973685
bass_4,s05,50,330,49,1,lj,3.199839,5.907656,5.019688
bass_4,s05,50,330,49,6,p2,8.434373121984367,4.483945975474196,4.659637398222506
bass_4,s05,50,330,49,6,pm,3.67164,7.136951,5.006488
bass_4,s05,50,330,49,8,quad,5.255913701691363,5.285412600477008,5.300969722480896
bass_4,s05,50,330,49,7,so,6.032667,5.105988,5.404945
bass_4,s05,50,330,49,4,uro,4.771531,5.412334,4.717344
bass_4,s05,51,331,50,3,basi,4.162902,5.617826,4.786043
bass_4,s05,51,331,50,2,eye,5.30588,6.636478,5.990373
bass_4,s05,51,331,50,1,lj,3.182528,5.901151,5.019507
bass_4,s05,51,331,50,6,p2,8.416412886911818,4.479640646713852,4.661514464237013
bass_4,s05,51,331,50,6,pm,3.651702,7.142731,5.009775
bass_4,s05,51,331,50,8,quad,5.215055672143824,5.286938829692261,5.31338084275169
bass_4,s05,51,331,50,7,so,6.010668,5.089851,5.422192
bass_4,s05,51,331,50,4,uro,4.750014,5.403302,4.717141
bass_4,s05,52,332,51,3,basi,4.145439,5.613147,4.796404
bass_4,s05,52,332,51,2,eye,5.291253,6.636483,6.004684
bass_4,s05,52,332,51,1,lj,3.151757,5.895299,5.028374
bass_4,s05,52,332,51,6,p2,8.398675963265159,4.475489041060731,4.663375817701389
bass_4,s05,52,332,51,6,pm,3.631655,7.154407,5.013193
bass_4,s05,52,332,51,8,quad,5.199531556837689,5.31303610260606,5.318666436923286
bass_4,s05,52,332,51,7,so,5.994516,5.08472,5.439582
bass_4,s05,52,332,51,4,uro,4.734346,5.403447,4.724728
bass_4,s05,53,333,52,3,basi,4.126942,5.60335,4.803204
bass_4,s05,53,333,52,2,eye,5.278242,6.633772,6.009296
bass_4,s05,53,333,52,1,lj,3.116855,5.888317,5.027473
bass_4,s05,53,333,52,6,p2,8.381043582718714,4.471546470830299,4.66531618038236
bass_4,s05,53,333,52,6,pm,3.614054,7.154633,5.016591
bass_4,s05,53,333,52,8,quad,5.192139115255994,5.3010617387348775,5.322881747512088
bass_4,s05,53,333,52,7,so,5.967621,5.085384,5.462798
bass_4,s05,53,333,52,4,uro,4.72063,5.394097,4.728464
bass_4,s05,54,334,53,3,basi,4.107615,5.598848,4.806583
bass_4,s05,54,334,53,2,eye,5.258595,6.634084,6.013869
bass_4,s05,54,334,53,1,lj,3.108983,5.881554,5.027365
bass_4,s05,54,334,53,6,p2,8.363159368919344,4.467385065949643,4.667360167321759
bass_4,s05,54,334,53,6,pm,3.602935,7.160492,5.016436
bass_4,s05,54,334,53,8,quad,5.175720301245962,5.3136397219892135,5.365346246687012
bass_4,s05,54,334,53,7,so,5.945877,5.080318,5.474223
bass_4,s05,54,334,53,4,uro,4.70494,5.390068,4.732418
bass_4,s05,55,335,54,3,basi,4.075817,5.596981,4.813244
bass_4,s05,55,335,54,2,eye,5.237148,6.640036,6.029202
bass_4,s05,55,335,54,1,lj,3.084937,5.874985,5.02698
bass_4,s05,55,335,54,6,p2,8.345673699762859,4.463527077730076,4.669437527252681
bass_4,s05,55,335,54,6,pm,3.580953,7.161054,5.023612
bass_4,s05,55,335,54,8,quad,5.158546696451765,5.283924176601265,5.352908240513779
bass_4,s05,55,335,54,7,so,5.922147,5.080793,5.479765
bass_4,s05,55,335,54,4,uro,4.686936,5.385502,4.739983
bass_4,s05,56,336,55,3,basi,4.048546,5.58273,4.816652
bass_4,s05,56,336,55,2,eye,5.22236,6.640246,6.033299
bass_4,s05,56,336,55,1,lj,3.06892,5.872541,5.036169
bass_4,s05,56,336,55,6,p2,8.328167808350544,4.459638381687311,4.671188194495516
bass_4,s05,56,336,55,6,pm,3.552178,7.166739,5.030339
bass_4,s05,56,336,55,8,quad,5.127110689561313,5.344319607507708,5.389871152010821
bass_4,s05,56,336,55,7,so,5.903313,5.075677,5.491272
bass_4,s05,56,336,55,4,uro,4.673163,5.376674,4.740042
bass_4,s05,57,337,56,3,basi,4.035135,5.575238,4.816411
bass_4,s05,57,337,56,2,eye,5.209112,6.640583,6.033149
bass_4,s05,57,337,56,1,lj,3.037905,5.872773,5.035552
bass_4,s05,57,337,56,6,p2,8.310786259425106,4.4558778119645694,4.6730992807104625
bass_4,s05,57,337,56,6,pm,3.5346,7.167071,5.030095
bass_4,s05,57,337,56,8,quad,5.095757599178766,5.292995400410064,5.3414006072646565
bass_4,s05,57,337,56,7,so,5.892957,5.076012,5.508788
bass_4,s05,57,337,56,4,uro,4.640277,5.372335,4.739544
bass_4,s05,58,338,57,3,basi,4.012527,5.573059,4.81609
bass_4,s05,58,338,57,2,eye,5.179217,6.643851,6.039201
bass_4,s05,58,338,57,1,lj,3.021761,5.873031,5.026342
bass_4,s05,58,338,57,6,p2,8.293280512858646,4.452301426692395,4.675359818412065
bass_4,s05,58,338,57,6,pm,3.516691,7.178412,5.037095
bass_4,s05,58,338,57,8,quad,5.024403881300836,5.268980987883591,5.369122224301591
bass_4,s05,58,338,57,7,so,5.868304,5.071045,5.526101
bass_4,s05,58,338,57,4,uro,4.613907,5.3638,4.739476
bass_4,s05,59,339,58,3,basi,3.99111,5.566015,4.822921
bass_4,s05,59,339,58,2,eye,5.176649,6.643902,6.036995
bass_4,s05,59,339,58,1,lj,2.998948,5.869724,5.025874
bass_4,s05,59,339,58,6,p2,8.27601729500231,4.448753645985287,4.677410573462404
bass_4,s05,59,339,58,6,pm,3.505478,7.19048,5.037251
bass_4,s05,59,339,58,8,quad,5.047292618704194,5.269822533502572,5.399834432496971
bass_4,s05,59,339,58,7,so,5.847266,5.071555,5.543498
bass_4,s05,59,339,58,4,uro,4.57367,5.355299,4.750888
bass_4,s05,60,340,59,3,basi,3.962636,5.554131,4.829712
bass_4,s05,60,340,59,2,eye,5.16313,6.644063,6.043269
bass_4,s05,60,340,59,1,lj,2.993495,5.873807,5.026119
bass_4,s05,60,340,59,6,p2,8.258869782287832,4.445319721060153,4.6794532766313806
bass_4,s05,60,340,59,6,pm,3.485769,7.184801,5.047864
bass_4,s05,60,340,59,8,quad,5.047669257335385,5.276148459802515,5.425923204998258
bass_4,s05,60,340,59,7,so,5.832077,5.060787,5.549088
bass_4,s05,60,340,59,4,uro,4.553413,5.345993,4.754483
bass_4,s05,61,341,60,3,basi,3.94521,5.546748,4.825929
bass_4,s05,61,341,60,2,eye,5.152101,6.644254,6.045273
bass_4,s05,61,341,60,1,lj,2.966883,5.864064,5.034809
bass_4,s05,61,341,60,6,p2,8.241738173297216,4.442050375223212,4.681310328641113
bass_4,s05,61,341,60,6,pm,3.459413,7.185454,5.047582
bass_4,s05,61,341,60,8,quad,5.00700823661807,5.267954287804402,5.39794615359153
bass_4,s05,61,341,60,7,so,5.803073,5.061493,5.572255
bass_4,s05,61,341,60,4,uro,4.5475,5.33685,4.754553
bass_4,s05,62,342,61,3,basi,3.937046,5.546986,4.829377
bass_4,s05,62,342,61,2,eye,5.136089,6.647285,6.055877
bass_4,s05,62,342,61,1,lj,2.93896,5.850099,5.051962
bass_4,s05,62,342,61,6,p2,8.224973908346659,4.438665162904502,4.683399103277021
bass_4,s05,62,342,61,6,pm,3.446238,7.179161,5.065419
bass_4,s05,62,342,61,8,quad,4.987002245466663,5.2876535232381965,5.447031164092541
bass_4,s05,62,342,61,7,so,5.789535,5.067279,5.572121
bass_4,s05,62,342,61,4,uro,4.524937,5.318154,4.762087
bass_4,s05,63,343,62,3,basi,3.911832,5.540308,4.829298
bass_4,s05,63,343,62,2,eye,5.107836,6.641906,6.063978
bass_4,s05,63,343,62,1,lj,2.925632,5.847364,5.0610290000000004
bass_4,s05,63,343,62,6,p2,8.208069101429917,4.43554259317027,4.685875469261981
bass_4,s05,63,343,62,6,pm,3.428208,7.196324,5.065124
bass_4,s05,63,343,62,8,quad,4.9444116582062465,5.307584608556449,5.4435342200767804
bass_4,s05,63,343,62,7,so,5.760644,5.067932,5.589403
bass_4,s05,63,343,62,4,uro,4.523745,5.309096,4.766215
bass_4,s05,64,344,63,3,basi,3.873255,5.536581,4.846666
bass_4,s05,64,344,63,2,eye,5.085647,6.639381,6.065747
bass_4,s05,64,344,63,1,lj,2.905386,5.84714,5.060404
bass_4,s05,64,344,63,6,p2,8.1915038272716,4.432401032908505,4.687791505369247
bass_4,s05,64,344,63,6,pm,3.402718,7.162892,5.068409
bass_4,s05,64,344,63,8,quad,4.914585262431075,5.299349178081296,5.450807130235257
bass_4,s05,64,344,63,7,so,5.739621,5.06843,5.606795
bass_4,s05,64,344,63,4,uro,4.509344,5.304844,4.770074
bass_4,s05,65,345,64,3,basi,3.851211,5.533828,4.853053
bass_4,s05,65,345,64,2,eye,5.064688,6.639665,6.071905
bass_4,s05,65,345,64,1,lj,2.89881,5.844486,5.06968
bass_4,s05,65,345,64,6,p2,8.175133103169854,4.429250533438585,4.689719018620416
bass_4,s05,65,345,64,6,pm,3.39723,7.169401,5.053095
bass_4,s05,65,345,64,8,quad,4.908211884072098,5.292970746714601,5.481501076736668
bass_4,s05,65,345,64,7,so,5.715036,5.068964,5.62414
bass_4,s05,65,345,64,4,uro,4.488563,5.295929,4.762103
bass_4,s05,66,346,65,3,basi,3.842143,5.523937,4.852971
bass_4,s05,66,346,65,2,eye,5.048845,6.640017,6.071702
bass_4,s05,66,346,65,1,lj,2.893715,5.838301,5.069978
bass_4,s05,66,346,65,6,p2,8.15893639185046,4.426238811782666,4.691425453658724
bass_4,s05,66,346,65,6,pm,3.378918,7.169708,5.052818
bass_4,s05,66,346,65,8,quad,4.8888163289807105,5.2891737403765156,5.417821058810899
bass_4,s05,66,346,65,7,so,5.706304,5.063716,5.629846
bass_4,s05,66,346,65,4,uro,4.471182,5.2915,4.769718
bass_4,s05,67,347,66,3,basi,3.835009,5.521593,4.856412
bass_4,s05,67,347,66,2,eye,5.026414,6.640242,6.077797
bass_4,s05,67,347,66,1,lj,2.866751,5.83806,5.060215
bass_4,s05,67,347,66,6,p2,8.143307823720715,4.422766056047509,4.693097804071476
bass_4,s05,67,347,66,6,pm,3.360106,7.158156,5.062078
bass_4,s05,67,347,66,8,quad,4.8648256209314225,5.28131470643892,5.484808145946117
bass_4,s05,67,347,66,7,so,5.691107,5.06406,5.641424
bass_4,s05,67,347,66,4,uro,4.460496,5.277653,4.777532
bass_4,s05,68,348,67,3,basi,3.822515,5.521712,4.870204
bass_4,s05,68,348,67,2,eye,5.016796,6.628933,6.075287
bass_4,s05,68,348,67,1,lj,2.850565,5.83818,5.068855
bass_4,s05,68,348,67,6,p2,8.127772912682044,4.41972086926594,4.694641359096401
bass_4,s05,68,348,67,6,pm,3.360533,7.169574,5.067105
bass_4,s05,68,348,67,8,quad,4.909144185740355,5.300427516515081,5.516692413420609
bass_4,s05,68,348,67,7,so,5.675105,5.070058,5.658952
bass_4,s05,68,348,67,4,uro,4.445667,5.263885,4.78138
bass_4,s05,69,349,68,3,basi,3.813399,5.514317,4.870098
bass_4,s05,69,349,68,2,eye,5.019323,6.631745,6.079708
bass_4,s05,69,349,68,1,lj,2.833099,5.834855,5.104347
bass_4,s05,69,349,68,6,p2,8.112627973400944,4.416421515404928,4.695326400382226
bass_4,s05,69,349,68,6,pm,3.348087,7.169939,5.071939
bass_4,s05,69,349,68,8,quad,4.842269229515572,5.217570694941626,5.499235401079875
bass_4,s05,69,349,68,7,so,5.667623,5.042612,5.670298
bass_4,s05,69,349,68,4,uro,4.432979,5.249765,4.796833
bass_4,s05,70,350,69,3,basi,3.797284,5.507323,4.873548
bass_4,s05,70,350,69,2,eye,5.005731,6.63198,6.079502
bass_4,s05,70,350,69,1,lj,2.823723,5.835926,5.122688
bass_4,s05,70,350,69,6,p2,8.09783899212637,4.41312909434912,4.695905829191532
bass_4,s05,70,350,69,6,pm,3.327575,7.170339,5.076596
bass_4,s05,70,350,69,8,quad,4.8581697810505,5.26511483216895,5.531446757201669
bass_4,s05,70,350,69,7,so,5.658068,5.048432,5.687908
bass_4,s05,70,350,69,4,uro,4.418788,5.245533,4.793185
bass_4,s05,71,351,70,3,basi,3.781405,5.50894,4.883779
bass_4,s05,71,351,70,2,eye,4.994896,6.629337,6.081479
bass_4,s05,71,351,70,1,lj,2.800549,5.842813,5.1311
bass_4,s05,71,351,70,6,p2,8.083778844541996,4.410019312250988,4.695896001150101
bass_4,s05,71,351,70,6,pm,3.293971,7.164861,5.095602
bass_4,s05,71,351,70,8,quad,4.839464549167693,5.293155642353076,5.514822951827477
bass_4,s05,71,351,70,7,so,5.640942,5.048729,5.687671
bass_4,s05,71,351,70,4,uro,4.397107,5.237774,4.796749
bass_4,s05,72,352,71,3,basi,3.761962,5.504223,4.887017
bass_4,s05,72,352,71,2,eye,4.973665,6.626494,6.096133
bass_4,s05,72,352,71,1,lj,2.793803,5.84273,5.130886
bass_4,s05,72,352,71,6,p2,8.070066774518741,4.406524576724885,4.696027982234615
bass_4,s05,72,352,71,6,pm,3.275828,7.159558,5.095337
bass_4,s05,72,352,71,8,quad,4.835801572462038,5.304382652980451,5.531846531825309
bass_4,s05,72,352,71,7,so,5.620861,5.03822,5.696784
bass_4,s05,72,352,71,4,uro,4.386655,5.232431,4.796522
bass_4,s05,73,353,72,3,basi,3.7458,5.499731,4.890449
bass_4,s05,73,353,72,2,eye,4.963842,6.623815,6.093774
bass_4,s05,73,353,72,1,lj,2.777604,5.842779,5.148453
bass_4,s05,73,353,72,6,p2,8.056538198659478,4.403181775471991,4.6954230410650935
bass_4,s05,73,353,72,6,pm,3.260423,7.159678,5.104897
bass_4,s05,73,353,72,8,quad,4.814308740551481,5.267438354399356,5.5707165162634364
bass_4,s05,73,353,72,7,so,5.598661,5.033,5.691166
bass_4,s05,73,353,72,4,uro,4.37558,5.219484,4.800401
bass_4,s05,74,354,73,3,basi,3.735556,5.49742,4.897332
bass_4,s05,74,354,73,2,eye,4.956674,6.621034,6.100108
bass_4,s05,74,354,73,1,lj,2.768193,5.843041,5.14838
bass_4,s05,74,354,73,6,p2,8.043649545364275,4.399983827556293,4.6943535908174825
bass_4,s05,74,354,73,6,pm,3.238845,7.14226,5.118859
bass_4,s05,74,354,73,8,quad,4.8093335745934835,5.233904734241362,5.5595695453608505
bass_4,s05,74,354,73,7,so,5.581185,5.039059,5.722406
bass_4,s05,74,354,73,4,uro,4.370728,5.201455,4.800648
bass_4,s05,75,355,74,3,basi,3.71752,5.490629,4.90084
bass_4,s05,75,355,74,2,eye,4.943217,6.618351,6.10417
bass_4,s05,75,355,74,1,lj,2.757704,5.836632,5.148391
bass_4,s05,75,355,74,6,p2,8.031043919018853,4.396195827441996,4.692776551114473
bass_4,s05,75,355,74,6,pm,3.225813,7.136673,5.123488
bass_4,s05,75,355,74,8,quad,4.7511689408812385,5.22720035619367,5.576222926188866
bass_4,s05,75,355,74,7,so,5.566376,5.039233,5.722186
bass_4,s05,75,355,74,4,uro,4.350382,5.193827,4.808202
bass_4,s05,76,356,75,3,basi,3.704913,5.49049,4.907477
bass_4,s05,76,356,75,2,eye,4.926042,6.615727,6.108173
bass_4,s05,76,356,75,1,lj,2.732165,5.832616,5.156383
bass_4,s05,76,356,75,6,p2,8.019034870799178,4.392878526796322,4.691349801325794
bass_4,s05,76,356,75,6,pm,3.215724,7.131199,5.128249
bass_4,s05,76,356,75,8,quad,4.751398868311026,5.247489603739866,5.5583087325026685
bass_4,s05,76,356,75,7,so,5.550173,5.039659,5.737672
bass_4,s05,76,356,75,4,uro,4.340712,5.178377,4.812189
bass_4,s05,77,357,76,3,basi,3.69352,5.488016,4.914243
bass_4,s05,77,357,76,2,eye,4.916164,6.612964,6.110109
bass_4,s05,77,357,76,1,lj,2.725504,5.833496,5.156744
bass_4,s05,77,357,76,6,p2,8.007153614236557,4.389042186715903,4.689482103351704
bass_4,s05,77,357,76,6,pm,3.199587,7.1311,5.132732
bass_4,s05,77,357,76,8,quad,4.7677225281393385,5.278045313493978,5.607473401538426
bass_4,s05,77,357,76,7,so,5.544646,5.028813,5.747915
bass_4,s05,77,357,76,4,uro,4.327086,5.173333,4.823735
bass_4,s05,78,358,77,3,basi,3.697847,5.477917,4.910834
bass_4,s05,78,358,77,2,eye,4.904738,6.612942,6.116335
bass_4,s05,78,358,77,1,lj,2.718791,5.834185,5.183887
bass_4,s05,78,358,77,6,p2,7.995706459070754,4.3850356428427535,4.687164822997157
bass_4,s05,78,358,77,6,pm,3.192463,7.125885,5.132776
bass_4,s05,78,358,77,8,quad,4.729083967468324,5.262331751038569,5.610338936082059
bass_4,s05,78,358,77,7,so,5.54138,5.029,5.747896
bass_4,s05,78,358,77,4,uro,4.309133,5.168354,4.827422
bass_4,s05,79,359,78,3,basi,3.691698,5.475482,4.914238
bass_4,s05,79,359,78,2,eye,4.892587,6.610263,6.120428
bass_4,s05,79,359,78,1,lj,2.708052,5.834625,5.18389
bass_4,s05,79,359,78,6,p2,7.984643703176633,4.381135239805486,4.684491387834791
bass_4,s05,79,359,78,6,pm,3.178198,7.115316,5.137717
bass_4,s05,79,359,78,8,quad,4.693662270977923,5.282199197150977,5.606024079790107
bass_4,s05,79,359,78,7,so,5.505071,5.029695,5.763083
bass_4,s05,79,359,78,4,uro,4.299933,5.168403,4.831142
bass_4,s05,80,360,79,3,basi,3.675676,5.473754,4.917798
bass_4,s05,80,360,79,2,eye,4.890007,6.607361,6.120298
bass_4,s05,80,360,79,1,lj,2.69983,5.83807,5.192669
bass_4,s05,80,360,79,6,p2,7.973800940932016,4.376679010592442,4.68198630418464
bass_4,s05,80,360,79,6,pm,3.172299,7.114943,5.142294
bass_4,s05,80,360,79,8,quad,4.649378707940273,5.256774030011785,5.588030747063284
bass_4,s05,80,360,79,7,so,5.494159,5.019001,5.778479
bass_4,s05,80,360,79,4,uro,4.276556,5.159082,4.83912
bass_4,s05,81,361,80,3,basi,3.662561,5.463997,4.921169
bass_4,s05,81,361,80,2,eye,4.882945,6.607652,6.118105
bass_4,s05,81,361,80,1,lj,2.678527,5.831136,5.192089
bass_4,s05,81,361,80,6,p2,7.963339730406558,4.372754328853753,4.679895212657058
bass_4,s05,81,361,80,6,pm,3.154929,7.109866,5.147091
bass_4,s05,81,361,80,8,quad,4.703770040867697,5.276515784356238,5.611200415567803
bass_4,s05,81,361,80,7,so,5.49184,5.019175,5.788928
bass_4,s05,81,361,80,4,uro,4.25207,5.148551,4.862014
bass_4,s05,82,362,81,3,basi,3.651239,5.459031,4.927943
bass_4,s05,82,362,81,2,eye,4.866769,6.60769,6.130756
bass_4,s05,82,362,81,1,lj,2.665256,5.823923,5.218428
bass_4,s05,82,362,81,6,p2,7.9530770357074605,4.368382042965308,4.677141440069873
bass_4,s05,82,362,81,6,pm,3.147965,7.098916,5.151992
bass_4,s05,82,362,81,8,quad,4.701786956225261,5.205362298302498,5.651359863026148
bass_4,s05,82,362,81,7,so,5.487366,5.01391,5.799274
bass_4,s05,82,362,81,4,uro,4.244393,5.138217,4.865903
bass_4,s05,83,363,82,3,basi,3.623743,5.446819,4.927522
bass_4,s05,83,363,82,2,eye,4.86048,6.607778,6.128479
bass_4,s05,83,363,82,1,lj,2.649008,5.827634,5.200282
bass_4,s05,83,363,82,6,p2,7.942994800688135,4.363955786098473,4.6753815091245245
bass_4,s05,83,363,82,6,pm,3.126533,7.104413,5.161261
bass_4,s05,83,363,82,8,quad,4.7140526164477095,5.207648601436239,5.636345021477306
bass_4,s05,83,363,82,7,so,5.481856,5.003082,5.809498
bass_4,s05,83,363,82,4,uro,4.230959,5.127869,4.869654
bass_4,s05,84,364,83,3,basi,3.619024,5.44233,4.927709
bass_4,s05,84,364,83,2,eye,4.85455,6.602176,6.1283010000000004
bass_4,s05,84,364,83,1,lj,2.645014,5.828173,5.200507
bass_4,s05,84,364,83,6,p2,7.933379676527608,4.359677292835012,4.673500167637156
bass_4,s05,84,364,83,6,pm,3.115857,7.092832,5.17064
bass_4,s05,84,364,83,8,quad,4.714399727173359,5.229419425272112,5.6605823080480535
bass_4,s05,84,364,83,7,so,5.481843,4.997569,5.809412
bass_4,s05,84,364,83,4,uro,4.221288,5.117674,4.869675
bass_4,s05,85,365,84,3,basi,3.608952,5.43504,4.931116
bass_4,s05,85,365,84,2,eye,4.853399,6.6022,6.130455
bass_4,s05,85,365,84,1,lj,2.636835,5.831804,5.182508
bass_4,s05,85,365,84,6,p2,7.9239585538627155,4.355390439507853,4.672368630824522
bass_4,s05,85,365,84,6,pm,3.121521,7.098385,5.180607
bass_4,s05,85,365,84,8,quad,4.707985205429177,5.236653621409498,5.653607883143003
bass_4,s05,85,365,84,7,so,5.472164,4.992223,5.81963
bass_4,s05,85,365,84,4,uro,4.208716,5.112554,4.881173
bass_4,s05,86,366,85,3,basi,3.599813,5.425174,4.94848
bass_4,s05,86,366,85,2,eye,4.846068,6.599364,6.136751
bass_4,s05,86,366,85,1,lj,2.631454,5.832267,5.218511
bass_4,s05,86,366,85,6,p2,7.914427217648216,4.35134209696772,4.671268961202298
bass_4,s05,86,366,85,6,pm,3.107379,7.103477,5.189836
bass_4,s05,86,366,85,8,quad,4.676255069618592,5.2543768124143275,5.650231297057385
bass_4,s05,86,366,85,7,so,5.45624,4.986997,5.819322
bass_4,s05,86,366,85,4,uro,4.19636,5.099496,4.884914
bass_4,s05,87,367,86,3,basi,3.598193,5.412918,4.948615
bass_4,s05,87,367,86,2,eye,4.835067,6.593732,6.140772
bass_4,s05,87,367,86,1,lj,2.611225,5.831977,5.217842
bass_4,s05,87,367,86,6,p2,7.905457292415901,4.347403871479421,4.6709389580742045
bass_4,s05,87,367,86,6,pm,3.10303,7.103993,5.190016
bass_4,s05,87,367,86,8,quad,4.657292232397581,5.220533982579704,5.6147141852002
bass_4,s05,87,367,86,7,so,5.448796,4.98717,5.819231
bass_4,s05,87,367,86,4,uro,4.181884,5.089261,4.892577
bass_4,s05,88,368,87,3,basi,3.58092,5.403011,4.944814
bass_4,s05,88,368,87,2,eye,4.822945,6.588168,6.1448
bass_4,s05,88,368,87,1,lj,2.598936,5.835013,5.217316
bass_4,s05,88,368,87,6,p2,7.896761802509544,4.343350884542419,4.670937364108084
bass_4,s05,88,368,87,6,pm,3.090024,7.098411,5.194629
bass_4,s05,88,368,87,8,quad,4.672675677620376,5.231168181560464,5.636318471876509
bass_4,s05,88,368,87,7,so,5.437157,4.981789,5.81896
bass_4,s05,88,368,87,4,uro,4.176725,5.073707,4.892666
bass_4,s05,89,369,88,3,basi,3.568832,5.393153,4.944649
bass_4,s05,89,369,88,2,eye,4.809305,6.58538,6.150964
bass_4,s05,89,369,88,1,lj,2.58545,5.834807,5.216867
bass_4,s05,89,369,88,6,p2,7.888330655458921,4.339746652294693,4.671266022501259
bass_4,s05,89,369,88,6,pm,3.077201,7.087234,5.19924
bass_4,s05,89,369,88,8,quad,4.639745662553195,5.200713529710071,5.660564648245772
bass_4,s05,89,369,88,7,so,5.41986,4.976868,5.834367
bass_4,s05,89,369,88,4,uro,4.168937,5.07126,4.896488
bass_4,s05,90,370,89,3,basi,3.562755,5.385758,4.958543
bass_4,s05,90,370,89,2,eye,4.795673,6.585524,6.155046
bass_4,s05,90,370,89,1,lj,2.581444,5.83529,5.226021
bass_4,s05,90,370,89,6,p2,7.880076208317071,4.336311917413512,4.6720015568992626
bass_4,s05,90,370,89,6,pm,3.061865,7.087648,5.199095
bass_4,s05,90,370,89,8,quad,4.60500449718806,5.278972627380081,5.6629978473710505
bass_4,s05,90,370,89,7,so,5.405911,4.977338,5.839465
bass_4,s05,90,370,89,4,uro,4.164536,5.068781,4.900368
bass_4,s05,91,371,90,3,basi,3.566215,5.378536,4.958794
bass_4,s05,91,371,90,2,eye,4.782266,6.58289,6.156957
bass_4,s05,91,371,90,1,lj,2.585648,5.832275,5.235325
bass_4,s05,91,371,90,6,p2,7.872007034304939,4.333073442811717,4.673228577193142
bass_4,s05,91,371,90,6,pm,3.053942,7.059164,5.20352
bass_4,s05,91,371,90,8,quad,4.619540783672388,5.206600234736895,5.704774656391528
bass_4,s05,91,371,90,7,so,5.395208,4.96657,5.844372
bass_4,s05,91,371,90,4,uro,4.159739,5.059784,4.9043005
bass_4,s05,92,372,91,3,basi,3.542723,5.371168,4.954865
bass_4,s05,92,372,91,2,eye,4.773504,6.58295,6.158944
bass_4,s05,92,372,91,1,lj,2.569775,5.825604,5.235027
bass_4,s05,92,372,91,6,p2,7.864433130897708,4.329826015342887,4.674876208854366
bass_4,s05,92,372,91,6,pm,3.05042,7.060628,5.184568
bass_4,s05,92,372,91,8,quad,4.634788520916249,5.181451133561339,5.718099772015379
bass_4,s05,92,372,91,7,so,5.390759,4.966841,5.854805
bass_4,s05,92,372,91,4,uro,4.154942,5.050787,4.908233
bass_4,s05,93,373,92,3,basi,3.538802,5.366315,4.95487
bass_4,s05,93,373,92,2,eye,4.76498,6.571476,6.162854
bass_4,s05,93,373,92,1,lj,2.565793,5.826218,5.226335
bass_4,s05,93,373,92,6,p2,7.857152442227108,4.326577959368782,4.676457971573159
bass_4,s05,93,373,92,6,pm,3.040285,7.054481,5.213529
bass_4,s05,93,373,92,8,quad,4.587814271638714,5.187089543792176,5.688784442561977
bass_4,s05,93,373,92,7,so,5.385458,4.96694,5.854734
bass_4,s05,93,373,92,4,uro,4.148218,5.048225,4.908133
bass_4,s05,94,374,93,3,basi,3.538835,5.361365,4.968853
bass_4,s05,94,374,93,2,eye,4.757595,6.568732,6.160516
bass_4,s05,94,374,93,1,lj,2.564462,5.826402,5.226412
bass_4,s05,94,374,93,6,p2,7.850011551422261,4.323615976466378,4.678359884140773
bass_4,s05,94,374,93,6,pm,3.027282,7.048767,5.222975
bass_4,s05,94,374,93,8,quad,4.590763337031845,5.219205974585153,5.723763996731713
bass_4,s05,94,374,93,7,so,5.374777,4.961525,5.86488
bass_4,s05,94,374,93,4,uro,4.13964,5.035334,4.908143
bass_4,s05,95,375,94,3,basi,3.520885,5.346871,4.972238
bass_4,s05,95,375,94,2,eye,4.749958,6.56872,6.1624930000000004
bass_4,s05,95,375,94,1,lj,2.561937,5.823351,5.226568
bass_4,s05,95,375,94,6,p2,7.843190951546492,4.320826582693458,4.680492351218501
bass_4,s05,95,375,94,6,pm,3.016855,7.031879,5.222636
bass_4,s05,95,375,94,8,quad,4.603907423836062,5.205823392733115,5.753633725794883
bass_4,s05,95,375,94,7,so,5.367253,4.96176,5.870025
bass_4,s05,95,375,94,4,uro,4.126807,5.032552,4.911674
bass_4,s05,96,376,95,3,basi,3.511768,5.341969,4.972096
bass_4,s05,96,376,95,2,eye,4.727934,6.560849,6.152577
bass_4,s05,96,376,95,1,lj,2.555332,5.819833,5.226343
bass_4,s05,96,376,95,6,p2,7.836585908690237,4.317632807123738,4.682817426105986
bass_4,s05,96,376,95,6,pm,3.014475,7.014976,5.222488
bass_4,s05,96,376,95,8,quad,4.568060974139694,5.198006632741034,5.696813932179556
bass_4,s05,96,376,95,7,so,5.361777,4.950957,5.880221
bass_4,s05,96,376,95,4,uro,4.121618,5.019632,4.911741
bass_4,s05,97,377,96,3,basi,3.50497,5.329675,4.972082
bass_4,s05,97,377,96,2,eye,4.716544,6.558149,6.150408
bass_4,s05,97,377,96,1,lj,2.548602,5.819795,5.217195
bass_4,s05,97,377,96,6,p2,7.830550123446808,4.314703623759521,4.684932627953292
bass_4,s05,97,377,96,6,pm,3.010128,7.015506,5.222678
bass_4,s05,97,377,96,8,quad,4.577490754054074,5.202232939749453,5.650212714258905
bass_4,s05,97,377,96,7,so,5.356474,4.945549,5.880054
bass_4,s05,97,377,96,4,uro,4.121618,5.019632,4.911741
bass_4,s05,98,378,97,3,basi,3.496055,5.322587,4.979082
bass_4,s05,98,378,97,2,eye,4.70621,6.56117,6.152217
bass_4,s05,98,378,97,1,lj,2.541969,5.816085,5.243735
bass_4,s05,98,378,97,6,p2,7.824650886081035,4.311970383985379,4.686818966677403
bass_4,s05,98,378,97,6,pm,2.999915,7.015785,5.222583
bass_4,s05,98,378,97,8,quad,4.556695885657806,5.21224008700013,5.702643406656932
bass_4,s05,98,378,97,7,so,5.349204,4.945617,5.869515
bass_4,s05,98,378,97,4,uro,4.115,5.015,4.912
bass_4,s05,99,379,98,3,basi,3.492973,5.322613,4.979025
bass_4,s05,99,379,98,2,eye,4.694806,6.552621,6.157584
bass_4,s05,99,379,98,1,lj,2.544835,5.8132,5.26204
bass_4,s05,99,379,98,6,p2,7.818996579254458,4.308932147714971,4.68862252828933
bass_4,s05,99,379,98,6,pm,2.99149,7.00422,5.22215
bass_4,s05,99,379,98,8,quad,4.616903198393273,5.217423464500847,5.665404512464937
bass_4,s05,99,379,98,7,so,5.347065,4.945702,5.869504
bass_4,s05,99,379,98,4,uro,4.11162,5.009259,4.915525
bass_4,s05,100,380,99,3,basi,3.487753,5.32257,4.982364
bass_4,s05,100,380,99,2,eye,4.687987,6.552856,6.159467
bass_4,s05,100,380,99,1,lj,2.534518,5.803407,5.262043
bass_4,s05,100,380,99,6,p2,7.813793698084989,4.306283423071059,4.690301491065529
bass_4,s05,100,380,99,6,pm,2.977118,6.999441,5.222245
bass_4,s05,100,380,99,8,quad,4.50385856356516,5.207825817293172,5.699827085201407
bass_4,s05,100,380,99,7,so,5.341764,4.940293,5.869339
bass_4,s05,100,380,99,4,uro,4.106341,5.00159,4.915559
bass_4,s05,101,381,100,3,basi,3.479612,5.317564,4.982185
bass_4,s05,101,381,100,2,eye,4.677686,6.553031,6.16316
bass_4,s05,101,381,100,1,lj,2.522659,5.796246,5.252586
bass_4,s05,101,381,100,6,p2,7.808919684823979,4.303506556124069,4.691781724373333
bass_4,s05,101,381,100,6,pm,2.969839,6.999848,5.222296
bass_4,s05,101,381,100,8,quad,4.5091268817633665,5.196699801921808,5.690205012918003
bass_4,s05,101,381,100,7,so,5.335443,4.934813,5.869124
bass_4,s05,101,381,100,4,uro,4.104397,4.996515,4.915637
bass_4,s05,102,382,101,3,basi,3.479816,5.310096,4.982222
bass_4,s05,102,382,101,2,eye,4.67086,6.553222,6.163094
bass_4,s05,102,382,101,1,lj,2.516183,5.789191,5.27019
bass_4,s05,102,382,101,6,p2,7.804358010355648,4.300967383684566,4.6929075278958665
bass_4,s05,102,382,101,6,pm,2.973889,6.989053,5.227514
bass_4,s05,102,382,101,8,quad,4.561573910823598,5.1630845393397165,5.696356040612189
bass_4,s05,102,382,101,7,so,5.333302,4.929391,5.869019
bass_4,s05,102,382,101,4,uro,4.101433,4.991528,4.915738
bass_4,s05,103,383,102,3,basi,3.480089,5.300139,4.982272
bass_4,s05,103,383,102,2,eye,4.666355,6.541616,6.162694
bass_4,s05,103,383,102,1,lj,2.505362,5.788543,5.278492
bass_4,s05,103,383,102,6,p2,7.799903388815581,4.2982687354675715,4.693722171534045
bass_4,s05,103,383,102,6,pm,2.963285,6.977626,5.232008
bass_4,s05,103,383,102,8,quad,4.547071130403215,5.190755753702512,5.723116596923767
bass_4,s05,103,383,102,7,so,5.329891,4.918568,5.884443
bass_4,s05,103,383,102,4,uro,4.099497,4.983866,4.919726
bass_4,s05,104,384,103,3,basi,3.470129,5.290374,4.98567
bass_4,s05,104,384,103,2,eye,4.661119,6.540645,6.16441
bass_4,s05,104,384,103,1,lj,2.500247,5.781477,5.269261
bass_4,s05,104,384,103,6,p2,7.795814098122745,4.295705573990885,4.694438814301056
bass_4,s05,104,384,103,6,pm,2.960543,6.971908,5.23186
bass_4,s05,104,384,103,8,quad,4.561117676510697,5.174553689312452,5.673548384430789
bass_4,s05,104,384,103,7,so,5.324179,4.918962,5.910497
bass_4,s05,104,384,103,4,uro,4.097184,4.981186,4.91966
bass_4,s05,105,385,104,3,basi,3.470472,5.27793,4.985731
bass_4,s05,105,385,104,2,eye,4.659314,6.536994,6.164383
bass_4,s05,105,385,104,1,lj,2.498917,5.781664,5.26934
bass_4,s05,105,385,104,6,p2,7.791952979835885,4.293358000064952,4.694602228696875
bass_4,s05,105,385,104,6,pm,2.956546,6.961003,5.241716
bass_4,s05,105,385,104,8,quad,4.522830494355681,5.196389157432774,5.734494613231281
bass_4,s05,105,385,104,7,so,5.317862,4.907978,5.910175
bass_4,s05,105,385,104,4,uro,4.097184,4.981186,4.91966
bass_4,s05,106,386,105,3,basi,3.46971,5.270568,4.985803
bass_4,s05,106,386,105,2,eye,4.660846,6.53304,6.164278
bass_4,s05,106,386,105,1,lj,2.496256,5.782039,5.269497
bass_4,s05,106,386,105,6,p2,7.788379232960581,4.291018995402919,4.69454082449622
bass_4,s05,106,386,105,6,pm,2.946329,6.961155,5.246456
bass_4,s05,106,386,105,8,quad,4.512535552738877,5.146846130928702,5.741476351281453
bass_4,s05,106,386,105,7,so,5.312318,4.908256,5.925776
bass_4,s05,106,386,105,4,uro,4.091452,4.978572,4.923426
bass_4,s05,107,387,106,3,basi,3.465708,5.268222,4.989274
bass_4,s05,107,387,106,2,eye,4.655265,6.521686,6.167833
bass_4,s05,107,387,106,1,lj,2.495075,5.77887,5.260659
bass_4,s05,107,387,106,6,p2,7.784987075396381,4.288636542166483,4.694539290708589
bass_4,s05,107,387,106,6,pm,2.948879,6.949708,5.246348
bass_4,s05,107,387,106,8,quad,4.561303528276556,5.167127054981267,5.754157557114529
bass_4,s05,107,387,106,7,so,5.304887,4.908441,5.925694
bass_4,s05,107,387,106,4,uro,4.088274,4.965522,4.927337
bass_4,s05,108,388,107,3,basi,3.460784,5.263506,4.996273
bass_4,s05,108,388,107,2,eye,4.651763,6.521588,6.171544
bass_4,s05,108,388,107,1,lj,2.492414,5.779244,5.260817
bass_4,s05,108,388,107,6,p2,7.781709705270696,4.286143935317743,4.693887663256069
bass_4,s05,108,388,107,6,pm,2.940081,6.949191,5.250742
bass_4,s05,108,388,107,8,quad,4.519757762217311,5.122609607433749,5.7318494402049565
bass_4,s05,108,388,107,7,so,5.302835,4.897465,5.920258
bass_4,s05,108,388,107,4,uro,4.0866375,4.961621,4.929276
bass_4,s05,109,389,108,3,basi,3.455572,5.263465,4.999605
bass_4,s05,109,389,108,2,eye,4.649473,6.517679,6.173293
bass_4,s05,109,389,108,1,lj,2.491068,5.779315,5.278727
bass_4,s05,109,389,108,6,p2,7.7786078746693725,4.283999212898865,4.6933049523753425
bass_4,s05,109,389,108,6,pm,2.937139,6.948931,5.255427
bass_4,s05,109,389,108,8,quad,4.52984509326673,5.141939178272462,5.728903209595666
bass_4,s05,109,389,108,7,so,5.297459,4.897624,5.925409
bass_4,s05,109,389,108,4,uro,4.085001,4.95772,4.931215
bass_4,s05,110,390,109,3,basi,3.451433,5.263649,5.013506
bass_4,s05,110,390,109,2,eye,4.648013,6.513921,6.173218
bass_4,s05,110,390,109,1,lj,2.488673,5.772749,5.296708
bass_4,s05,110,390,109,6,p2,7.775679920546271,4.2818425950443,4.69245241810312
bass_4,s05,110,390,109,6,pm,2.930412,6.932322,5.26512
bass_4,s05,110,390,109,8,quad,4.5168002960686024,5.13866023840881,5.738803440077503
bass_4,s05,110,390,109,7,so,5.299679,4.891973,5.920095
bass_4,s05,110,390,109,4,uro,4.0725,4.95259,4.934
bass_4,s05,111,391,110,3,basi,3.44665,5.256407,5.010072
bass_4,s05,111,391,110,2,eye,4.646552,6.510164,6.173143
bass_4,s05,111,391,110,1,lj,2.476536,5.772342,5.296168
bass_4,s05,111,391,110,6,p2,7.773002788375243,4.2795894947753,4.691685445177866
bass_4,s05,111,391,110,6,pm,2.927472,6.932063,5.269803
bass_4,s05,111,391,110,8,quad,4.528627943610226,5.146672917587744,5.725196214205716
bass_4,s05,111,391,110,7,so,5.303703,4.897482,5.935885
bass_4,s05,111,391,110,4,uro,4.065,4.95259,4.936
bass_4,s05,112,392,111,3,basi,3.437648,5.249005,5.006456
bass_4,s05,112,392,111,2,eye,4.640417,6.506266,6.178649
bass_4,s05,112,392,111,1,lj,2.475214,5.772588,5.287333
bass_4,s05,112,392,111,6,p2,7.770413526579988,4.277407178852485,4.690894935623712
bass_4,s05,112,392,111,6,pm,2.919432,6.931943,5.274439
bass_4,s05,112,392,111,8,quad,4.521399642281932,5.136405204234816,5.783661072781633
bass_4,s05,112,392,111,7,so,5.303786,4.89742,5.930662
bass_4,s05,112,392,111,4,uro,4.0587615,4.94,4.935
bass_4,s05,113,393,112,3,basi,3.435782,5.246728,5.006538
bass_4,s05,113,393,112,2,eye,4.642885,6.498709,6.170917
bass_4,s05,113,393,112,1,lj,2.467002,5.77602,5.296101
bass_4,s05,113,393,112,6,p2,7.768016516947557,4.2749017634226,4.6899940900319255
bass_4,s05,113,393,112,6,pm,2.914705,6.920784,5.279204
bass_4,s05,113,393,112,8,quad,4.4787907852959625,5.121485487187256,5.752353846510936
bass_4,s05,113,393,112,7,so,5.307026,4.897351,5.9255
bass_4,s05,113,393,112,4,uro,4.074995,4.931381,4.934949
bass_4,s05,114,394,113,3,basi,3.424416,5.246736,5.009755
bass_4,s05,114,394,113,2,eye,4.63415,6.494967,6.172595
bass_4,s05,114,394,113,1,lj,2.472272,5.779789,5.287501
bass_4,s05,114,394,113,6,p2,7.765765409259188,4.272672085837041,4.6894036312820555
bass_4,s05,114,394,113,6,pm,2.910172,6.904044,5.283957
bass_4,s05,114,394,113,8,quad,4.521456235253009,5.155603170076263,5.738220290128372
bass_4,s05,114,394,113,7,so,5.306943,4.897412,5.930724
bass_4,s05,114,394,113,4,uro,4.076112,4.926046,4.934957
bass_4,s05,115,395,114,3,basi,3.419499,5.242027,5.016749
bass_4,s05,115,395,114,2,eye,4.630665,6.490981,6.178117
bass_4,s05,115,395,114,1,lj,2.471996,5.786674,5.278592
bass_4,s05,115,395,114,6,p2,7.763774284251462,4.2702897215054465,4.688865304637059
bass_4,s05,115,395,114,6,pm,2.907427,6.898201,5.288627
bass_4,s05,115,395,114,8,quad,4.50275974369617,5.143020370495213,5.707718589405172
bass_4,s05,115,395,114,7,so,5.29841,4.897578,5.935813
bass_4,s05,115,395,114,4,uro,4.075142,4.923512,4.934995
bass_4,s05,116,396,115,3,basi,3.417415,5.239488,5.023624
bass_4,s05,116,396,115,2,eye,4.626214,6.487424,6.178075
bass_4,s05,116,396,115,1,lj,2.471834,5.789908,5.305349
bass_4,s05,116,396,115,6,p2,7.761908145245548,4.267771835923979,4.688372731046815
bass_4,s05,116,396,115,6,pm,2.907414,6.898076,5.293453
bass_4,s05,116,396,115,8,quad,4.538854475425939,5.105613516438319,5.727432346492458
bass_4,s05,116,396,115,7,so,5.292867,4.903357,5.951517
bass_4,s05,116,396,115,4,uro,4.071824,4.918336,4.938852
bass_4,s05,117,397,116,3,basi,3.412332,5.242212,5.023629
bass_4,s05,117,397,116,2,eye,4.62131,6.487558,6.174182
bass_4,s05,117,397,116,1,lj,2.466428,5.789609,5.305038
bass_4,s05,117,397,116,6,p2,7.760348582604242,4.2650838291899,4.687949013028558
bass_4,s05,117,397,116,6,pm,2.909778,6.89222,5.293342
bass_4,s05,117,397,116,8,quad,4.443227851010977,5.126794721632477,5.771493852980561
bass_4,s05,117,397,116,7,so,5.295003,4.903268,5.951527
bass_4,s05,117,397,116,4,uro,4.069467,4.918276,4.938769
bass_4,s05,118,398,117,3,basi,3.408359,5.239856,5.023619
bass_4,s05,118,398,117,2,eye,4.617971,6.47596,6.173809
bass_4,s05,118,398,117,1,lj,2.461022,5.789308,5.304727
bass_4,s05,118,398,117,6,p2,7.759166599975445,4.262239859741999,4.687753407533074
bass_4,s05,118,398,117,6,pm,2.912716,6.892478,5.288664
bass_4,s05,118,398,117,8,quad,4.474351646321499,5.13696017576629,5.750357675129812
bass_4,s05,118,398,117,7,so,5.285614,4.903226,5.946115
bass_4,s05,118,398,117,4,uro,4.068546,4.913119,4.938822
bass_4,s05,119,399,118,3,basi,3.40433,5.232246,5.026941
bass_4,s05,119,399,118,2,eye,4.615339,6.472162,6.175605
bass_4,s05,119,399,118,1,lj,2.461022,5.789308,5.304727
bass_4,s05,119,399,118,6,p2,7.757870113310385,4.259434607614064,4.687647994570534
bass_4,s05,119,399,118,6,pm,2.910545,6.892751,5.288764
bass_4,s05,119,399,118,8,quad,4.493060215624532,5.148934009397943,5.7593901253711905
bass_4,s05,119,399,118,7,so,5.285697,4.903165,5.940891
bass_4,s05,119,399,118,4,uro,4.067576,4.910584,4.938861
bass_4,s05,120,400,119,3,basi,3.402456,5.224687,5.0234
bass_4,s05,120,400,119,2,eye,4.613054,6.468252,6.17735
bass_4,s05,120,400,119,1,lj,2.463824,5.785518,5.304562
bass_4,s05,120,400,119,6,p2,7.756853776365307,4.256269048604434,4.687458780402307
bass_4,s05,120,400,119,6,pm,2.910545,6.892751,5.288764
bass_4,s05,120,400,119,8,quad,4.5464835295120825,5.123861570180969,5.763344456473225
bass_4,s05,120,400,119,7,so,5.287821,4.903272,5.935771
bass_4,s05,120,400,119,4,uro,4.066655,4.905428,4.938914
bass_4,s05,121,401,120,3,basi,3.400441,5.222101,5.01984
bass_4,s05,121,401,120,2,eye,4.613031,6.46822,6.179253
bass_4,s05,121,401,120,1,lj,2.468041,5.782597,5.304947
bass_4,s05,121,401,120,6,p2,7.756118887113233,4.253298448314397,4.687326684390316
bass_4,s05,121,401,120,6,pm,2.910545,6.892751,5.288764
bass_4,s05,121,401,120,8,quad,4.516646533031964,5.144595526491,5.77472506588749
bass_4,s05,121,401,120,7,so,5.286712,4.914249,5.94115
bass_4,s05,121,401,120,4,uro,4.064765,4.897736,4.939006
bass_4,s05,122,402,121,3,basi,3.400654,5.21464,5.019872
bass_4,s05,122,402,121,2,eye,4.613146,6.456655,6.17898
bass_4,s05,122,402,121,1,lj,2.466711,5.782785,5.305027
bass_4,s05,122,402,121,6,p2,7.755445685857787,4.2498827952910565,4.68703598343029
bass_4,s05,122,402,121,6,pm,2.913841,6.881592,5.293715
bass_4,s05,122,402,121,8,quad,4.4583621411945,5.149345549660259,5.747510878623176
bass_4,s05,122,402,121,7,so,5.282451,4.89243,5.940716
bass_4,s05,122,402,121,4,uro,4.061904,4.887511,4.939137
bass_4,s05,123,403,122,3,basi,3.402732,5.209452,5.01982
bass_4,s05,123,403,122,2,eye,4.613184,6.4528,6.17889
bass_4,s05,123,403,122,1,lj,2.46657,5.786197,5.305033
bass_4,s05,123,403,122,6,p2,7.755070118863498,4.246526560101513,4.686896630529289
bass_4,s05,123,403,122,6,pm,2.914033,6.876009,5.293705
bass_4,s05,123,403,122,8,quad,4.4821993776212175,5.170106181572529,5.7717125558479685
bass_4,s05,123,403,122,7,so,5.28246,4.875931,5.940405
bass_4,s05,123,403,122,4,uro,4.061904,4.887511,4.939137
bass_4,s05,124,404,123,3,basi,3.399829,5.209773,5.019929
bass_4,s05,124,404,123,2,eye,4.612057,6.452821,6.176953
bass_4,s05,124,404,123,1,lj,2.471975,5.786496,5.305344
bass_4,s05,124,404,123,6,p2,7.754386959881538,4.2430167209813305,4.686557883799109
bass_4,s05,124,404,123,6,pm,2.914225,6.870426,5.293694
bass_4,s05,124,404,123,8,quad,4.487543830984965,5.1301641198514965,5.764509899563433
bass_4,s05,124,404,123,7,so,5.280332,4.859522,5.940085
bass_4,s05,124,404,123,4,uro,4.061904,4.887511,4.939137
bass_4,s05,125,405,124,3,basi,3.397842,5.204733,5.023332
bass_4,s05,125,405,124,2,eye,4.610637,6.44521,6.176789
bass_4,s05,125,405,124,1,lj,2.471975,5.786496,5.305344
bass_4,s05,125,405,124,6,p2,7.753879512524951,4.239319694862496,4.6863175169676365
bass_4,s05,125,405,124,6,pm,2.916012,6.88132,5.293615
bass_4,s05,125,405,124,8,quad,4.471767249659284,5.119055339512653,5.746284347295198
bass_4,s05,125,405,124,7,so,5.280335,4.854023,5.939982
bass_4,s05,125,405,124,4,uro,4.061904,4.887511,4.939137
bass_4,s05,126,406,125,3,basi,3.390968,5.202699,5.023431
bass_4,s05,126,406,125,2,eye,4.609202,6.441487,6.174813
bass_4,s05,126,406,125,1,lj,2.472116,5.783084,5.305339
bass_4,s05,126,406,125,6,p2,7.753646126978456,4.236144484768703,4.685699791903264
bass_4,s05,126,406,125,6,pm,2.905003,6.842793,5.29355
bass_4,s05,126,406,125,8,quad,4.490105064392176,5.063285420781722,5.743289580863011
bass_4,s05,126,406,125,7,so,5.27727,4.842964,5.934494
bass_4,s05,126,406,125,4,uro,4.061904,4.887511,4.939137
bass_4,s05,127,407,126,3,basi,3.388955,5.200111,5.019872
bass_4,s05,127,407,126,2,eye,4.608113,6.437652,6.172787
bass_4,s05,127,407,126,1,lj,2.472109,5.783025,5.314256
bass_4,s05,127,407,126,6,p2,7.753242840188971,4.232668288704549,4.685084381710827
bass_4,s05,127,407,126,6,pm,2.902468,6.831495,5.293382
bass_4,s05,127,407,126,8,quad,4.515846824313522,5.126464718898142,5.771724739242792
bass_4,s05,127,407,126,7,so,5.278205,4.843114,5.939766
bass_4,s05,127,407,126,4,uro,4.060934,4.884977,4.939177
bass_4,s05,128,408,127,3,basi,3.385951,5.197648,5.019826
bass_4,s05,128,408,127,2,eye,4.609015,6.430094,6.17079
bass_4,s05,128,408,127,1,lj,2.477514,5.783322,5.314567
bass_4,s05,128,408,127,6,p2,7.75276297096398,4.229014265099584,4.684369562021473
bass_4,s05,128,408,127,6,pm,2.905026,6.820056,5.29326
bass_4,s05,128,408,127,8,quad,4.4680682267971275,5.12700738969282,5.820048963664023
bass_4,s05,128,408,127,7,so,5.284432,4.832166,5.9449
bass_4,s05,128,408,127,4,uro,4.0587615,4.883725,4.9391665
bass_4,s05,129,409,128,3,basi,3.385105,5.192799,5.023358
bass_4,s05,129,409,128,2,eye,4.604411,6.426133,6.174366
bass_4,s05,129,409,128,1,lj,2.477514,5.783322,5.314567
bass_4,s05,129,409,128,6,p2,7.752177293125837,4.225522548737237,4.6837429753755275
bass_4,s05,129,409,128,6,pm,2.905026,6.820056,5.29326
bass_4,s05,129,409,128,8,quad,4.526916612382628,5.080333824018512,5.792082912535992
bass_4,s05,129,409,128,7,so,5.289722,4.826569,5.944867
bass_4,s05,129,409,128,4,uro,4.056589,4.882473,4.939156
bass_4,s05,130,410,129,3,basi,3.380096,5.193039,5.023374
bass_4,s05,130,410,129,2,eye,4.59946,6.422284,6.177993
bass_4,s05,130,410,129,1,lj,2.477514,5.783322,5.314567
bass_4,s05,130,410,129,6,p2,7.751500869111995,4.222203936135152,4.68305303898526
bass_4,s05,130,410,129,6,pm,2.905026,6.820056,5.29326
bass_4,s05,130,410,129,8,quad,4.47656052246385,5.134480392620617,5.766598727721574
bass_4,s05,130,410,129,7,so,5.303553,4.82062,5.944871
bass_4,s05,130,410,129,4,uro,4.057609,4.882384,4.939132
bass_4,s05,131,411,130,3,basi,3.378061,5.190468,5.023291
bass_4,s05,131,411,130,2,eye,4.599499,6.418429,6.177902
bass_4,s05,131,411,130,1,lj,2.478696,5.786486,5.323412
bass_4,s05,131,411,130,6,p2,7.750956530393966,4.219206149994252,4.681823860885262
bass_4,s05,131,411,130,6,pm,2.88387,6.78193,5.288294
bass_4,s05,131,411,130,8,quad,4.532516724736709,5.065924117815241,5.741257796923096
bass_4,s05,131,411,130,7,so,5.306707,4.804116,5.94462
bass_4,s05,131,411,130,4,uro,4.0554365,4.881132,4.939122
bass_4,s05,132,412,131,3,basi,3.378061,5.190468,5.023291
bass_4,s05,132,412,131,2,eye,4.59946,6.422284,6.177993
bass_4,s05,132,412,131,1,lj,2.478696,5.786486,5.323412
bass_4,s05,132,412,131,6,p2,7.750123329867813,4.215961174021958,4.680927038418167
bass_4,s05,132,412,131,6,pm,2.879253,6.786441,5.292468
bass_4,s05,132,412,131,8,quad,4.506045951846225,5.050665868329922,5.797254909605236
bass_4,s05,132,412,131,7,so,5.307804,4.787627,5.939149
bass_4,s05,132,412,131,4,uro,4.053264,4.87988,4.939112
bass_4,s05,133,413,132,3,basi,3.378133,5.187981,5.023301
bass_4,s05,133,413,132,2,eye,4.598065,6.414705,6.175928
bass_4,s05,133,413,132,1,lj,2.474619,5.786001,5.323021
bass_4,s05,133,413,132,6,p2,7.749202706572027,4.212652863060022,4.679878782751316
bass_4,s05,133,413,132,6,pm,2.877671,6.76997,5.292539
bass_4,s05,133,413,132,8,quad,4.514134016845574,5.115892095419824,5.789637017642509
bass_4,s05,133,413,132,7,so,5.314213,4.776368,5.938972
bass_4,s05,133,413,132,4,uro,4.052344,4.874723,4.939167
bass_4,s05,134,414,133,3,basi,3.37298,5.18547,5.030108
bass_4,s05,134,414,133,2,eye,4.597033,6.403129,6.175622
bass_4,s05,134,414,133,1,lj,2.474478,5.789412,5.323027
bass_4,s05,134,414,133,6,p2,7.748176762232289,4.209697708255324,4.67885395862738
bass_4,s05,134,414,133,6,pm,2.877867,6.764388,5.292529
bass_4,s05,134,414,133,8,quad,4.5547291376458805,5.086469372715875,5.7822653523847976
bass_4,s05,134,414,133,7,so,5.316349,4.776281,5.938983
bass_4,s05,134,414,133,4,uro,4.052344,4.874723,4.939167
bass_4,s05,135,415,134,3,basi,3.373052,5.182984,5.030118
bass_4,s05,135,415,134,2,eye,4.597072,6.399274,6.175531
bass_4,s05,135,415,134,1,lj,2.485143,5.793356,5.332577
bass_4,s05,135,415,134,6,p2,7.7469147866222094,4.207064595581849,4.6777895804912335
bass_4,s05,135,415,134,6,pm,2.878063,6.758807,5.292519
bass_4,s05,135,415,134,8,quad,4.534213373176634,5.0493407490305176,5.787054769083151
bass_4,s05,135,415,134,7,so,5.319413,4.75985,5.943939
bass_4,s05,135,415,134,4,uro,4.050256,4.877523,4.9392
bass_4,s05,136,416,135,3,basi,3.373052,5.182984,5.030118
bass_4,s05,136,416,135,2,eye,4.593357,6.391642,6.175299
bass_4,s05,136,416,135,1,lj,2.475643,5.792453,5.349717
bass_4,s05,136,416,135,6,p2,7.745943494519104,4.204458294754894,4.6767191382160656
bass_4,s05,136,416,135,6,pm,2.878455,6.747643,5.292498
bass_4,s05,136,416,135,8,quad,4.489862283800351,5.04145443371079,5.820849741895943
bass_4,s05,136,416,135,7,so,5.322392,4.754492,5.954309
bass_4,s05,136,416,135,4,uro,4.045596,4.874782,4.939048
bass_4,s05,137,417,136,3,basi,3.370295,5.178335,5.030249
bass_4,s05,137,417,136,2,eye,4.588764,6.391596,6.175162
bass_4,s05,137,417,136,1,lj,2.475486,5.795739,5.367572
bass_4,s05,137,417,136,6,p2,7.744651991046117,4.201517346825558,4.67568112222743
bass_4,s05,137,417,136,6,pm,2.878821,6.736257,5.302093
bass_4,s05,137,417,136,8,quad,4.5488215408365535,5.046873711488038,5.751928231527743
bass_4,s05,137,417,136,7,so,5.324693,4.74326,5.943698
bass_4,s05,137,417,136,4,uro,4.047746,4.866781,4.942926
bass_4,s05,138,418,137,3,basi,3.368166,5.178269,5.033628
bass_4,s05,138,418,137,2,eye,4.588831,6.391685,6.169463
bass_4,s05,138,418,137,1,lj,2.480612,5.802855,5.367905
bass_4,s05,138,418,137,6,p2,7.74336404865108,4.199227313165892,4.674673633423967
bass_4,s05,138,418,137,6,pm,2.873362,6.724601,5.311387
bass_4,s05,138,418,137,8,quad,4.493844744109823,5.055839485467899,5.785072913604733
bass_4,s05,138,418,137,7,so,5.321548,4.73777,5.943533
bass_4,s05,138,418,137,4,uro,4.047796,4.864159,4.94294
bass_4,s05,139,419,138,3,basi,3.368239,5.175783,5.033638
bass_4,s05,139,419,138,2,eye,4.58891,6.383974,6.169283
bass_4,s05,139,419,138,1,lj,2.480464,5.8062,5.376841
bass_4,s05,139,419,138,6,p2,7.74199946448433,4.1970223947208565,4.6739237067590675
bass_4,s05,139,419,138,6,pm,2.873532,6.718802,5.320986
bass_4,s05,139,419,138,8,quad,4.48934285217941,5.023359818140027,5.774105855849114
bass_4,s05,139,419,138,7,so,5.315342,4.737709,5.938207
bass_4,s05,139,419,138,4,uro,4.047076,4.848514,4.943053
bass_4,s05,140,420,139,3,basi,3.367106,5.177478,5.030201
bass_4,s05,140,420,139,2,eye,4.590081,6.384015,6.167418
bass_4,s05,140,420,139,1,lj,2.490996,5.813544,5.386415
bass_4,s05,140,420,139,6,p2,7.740627960757152,4.1948387172819555,4.673197511806576
bass_4,s05,140,420,139,6,pm,2.876628,6.713252,5.325926
bass_4,s05,140,420,139,8,quad,4.533389995394191,5.065731836293466,5.767500409313857
bass_4,s05,140,420,139,7,so,5.31551,4.732058,5.927697
bass_4,s05,140,420,139,4,uro,4.046088,4.846004,4.945032
bass_4,s05,141,421,140,3,basi,3.367181,5.174181,5.033687
bass_4,s05,141,421,140,2,eye,4.591268,6.380171,6.167362
bass_4,s05,141,421,140,1,lj,2.490864,5.817015,5.377498
bass_4,s05,141,421,140,6,p2,7.739309427442611,4.1926601588080405,4.6726467255009485
bass_4,s05,141,421,140,6,pm,2.874642,6.707841,5.330819
bass_4,s05,141,421,140,8,quad,4.55938958186415,5.030492160725878,5.789972662480543
bass_4,s05,141,421,140,7,so,5.315511,4.721058,5.927492
bass_4,s05,141,421,140,4,uro,4.0451,4.843494,4.947011
bass_4,s05,142,422,141,3,basi,3.367374,5.167551,5.033713
bass_4,s05,142,422,141,2,eye,4.589829,6.372532,6.169099
bass_4,s05,142,422,141,1,lj,2.490864,5.817015,5.377498
bass_4,s05,142,422,141,6,p2,7.737950502316216,4.190578371331237,4.672385512351028
bass_4,s05,142,422,141,6,pm,2.875035,6.696686,5.330789
bass_4,s05,142,422,141,8,quad,4.4877868207587674,5.002835962576395,5.7720377040849
bass_4,s05,142,422,141,7,so,5.317732,4.715393,5.922201
bass_4,s05,142,422,141,4,uro,4.0451,4.843494,4.947011
bass_4,s05,143,423,142,3,basi,3.367374,5.167551,5.033713
bass_4,s05,143,423,142,2,eye,4.583701,6.376443,6.16907
bass_4,s05,143,423,142,1,lj,2.49071,5.820293,5.395368
bass_4,s05,143,423,142,6,p2,7.736502836839645,4.188391731037106,4.6721570148883504
bass_4,s05,143,423,142,6,pm,2.87544,6.685638,5.325956
bass_4,s05,143,423,142,8,quad,4.528759393272953,5.04622175055561,5.742494775716405
bass_4,s05,143,423,142,7,so,5.314672,4.715321,5.91694
bass_4,s05,143,423,142,4,uro,4.044572,4.8435615,4.948963
bass_4,s05,144,424,143,3,basi,3.369458,5.167654,5.03728
bass_4,s05,144,424,143,2,eye,4.580378,6.364842,6.168696
bass_4,s05,144,424,143,1,lj,2.49071,5.820293,5.395368
bass_4,s05,144,424,143,6,p2,7.735085253295427,4.186164926607104,4.6721760559215895
bass_4,s05,144,424,143,6,pm,2.872727,6.679924,5.325793
bass_4,s05,144,424,143,8,quad,4.543915212537525,5.042393833569046,5.7415394408888965
bass_4,s05,144,424,143,7,so,5.314756,4.715243,5.911739
bass_4,s05,144,424,143,4,uro,4.044044,4.843629,4.950915
bass_4,s05,145,425,144,3,basi,3.367331,5.167589,5.040659
bass_4,s05,145,425,144,2,eye,4.579311,6.357119,6.168482
bass_4,s05,145,425,144,1,lj,2.497316,5.823872,5.386682
bass_4,s05,145,425,144,6,p2,7.733829073561909,4.184031613269901,4.672542476621253
bass_4,s05,145,425,144,6,pm,2.87529,6.668492,5.325662
bass_4,s05,145,425,144,8,quad,4.520369020336222,5.007847805413125,5.780428605060393
bass_4,s05,145,425,144,7,so,5.31484,4.715165,5.906539
bass_4,s05,145,425,144,4,uro,4.0587615,4.883725,4.9391665
bass_4,s05,146,426,145,3,basi,3.363119,5.16742,5.04047
bass_4,s05,146,426,145,2,eye,4.578249,6.353308,6.164561
bass_4,s05,146,426,145,1,lj,2.497184,5.827345,5.377763
bass_4,s05,146,426,145,6,p2,7.732423953235995,4.181239226013434,4.672898244411804
bass_4,s05,146,426,145,6,pm,2.87529,6.668492,5.325662
bass_4,s05,146,426,145,8,quad,4.509158961507913,5.020105827278533,5.7378656719520515
bass_4,s05,146,426,145,7,so,5.312787,4.709672,5.901228
bass_4,s05,146,426,145,4,uro,4.0587615,4.883725,4.9391665
bass_4,s05,147,427,146,3,basi,3.363119,5.16742,5.04047
bass_4,s05,147,427,146,2,eye,4.575686,6.345687,6.164365
bass_4,s05,147,427,146,1,lj,2.503771,5.830726,5.395869
bass_4,s05,147,427,146,6,p2,7.730966345501247,4.178451323545583,4.6735289275768155
bass_4,s05,147,427,146,6,pm,2.873513,6.657614,5.325735
bass_4,s05,147,427,146,8,quad,4.528484869623214,5.003462464922156,5.7213667586350265
bass_4,s05,147,427,146,7,so,5.310733,4.709682,5.896017
bass_4,s05,147,427,146,4,uro,4.042319,4.843334,4.958432
bass_4,s05,148,428,147,3,basi,3.359004,5.163935,5.040293
bass_4,s05,148,428,147,2,eye,4.577205,6.345613,6.16245
bass_4,s05,148,428,147,1,lj,2.494295,5.830152,5.368372
bass_4,s05,148,428,147,6,p2,7.729759186757809,4.1754758598465775,4.674354889011713
bass_4,s05,148,428,147,6,pm,2.871344,6.65789,5.325838
bass_4,s05,148,428,147,8,quad,4.502520338744909,4.999504262241828,5.762497442454291
bass_4,s05,148,428,147,7,so,5.310816,4.709603,5.890818
bass_4,s05,148,428,147,4,uro,4.042319,4.843334,4.958432
bass_4,s05,149,429,148,3,basi,3.361238,5.15745,5.050829
bass_4,s05,149,429,148,2,eye,4.576591,6.342041,6.15867
bass_4,s05,149,429,148,1,lj,2.495623,5.829965,5.368292
bass_4,s05,149,429,148,6,p2,7.728477907812915,4.1723279539306395,4.674957880749441
bass_4,s05,149,429,148,6,pm,2.871541,6.652312,5.325824
bass_4,s05,149,429,148,8,quad,4.525967213782147,4.976832830635697,5.747792507749275
bass_4,s05,149,429,148,7,so,5.310735,4.698676,5.895821
bass_4,s05,149,429,148,4,uro,4.0587615,4.883725,4.9391665
bass_4,s05,150,430,149,3,basi,3.364633,5.157391,5.050874
bass_4,s05,150,430,149,2,eye,4.575174,6.33443,6.15851
bass_4,s05,150,430,149,1,lj,2.501035,5.83026,5.368603
bass_4,s05,150,430,149,6,p2,7.727156647354669,4.168999233831027,4.6761475387581966
bass_4,s05,150,430,149,6,pm,2.87371,6.652036,5.325721
bass_4,s05,150,430,149,8,quad,4.52788668222347,5.077775796166724,5.772151419516942
bass_4,s05,150,430,149,7,so,5.308598,4.693262,5.895711
bass_4,s05,150,430,149,4,uro,4.043438,4.838002,4.958436
bass_4,s05,151,431,150,3,basi,3.367211,5.157102,5.050775
bass_4,s05,151,431,150,2,eye,4.573678,6.334532,6.158529
bass_4,s05,151,431,150,1,lj,2.502224,5.833482,5.368534
bass_4,s05,151,431,150,6,p2,7.725950219361167,4.165450830250436,4.676952562471684
bass_4,s05,151,431,150,6,pm,2.874103,6.640881,5.325692
bass_4,s05,151,431,150,8,quad,4.496229136303758,5.030403648299102,5.761441758357365
bass_4,s05,151,431,150,7,so,5.306464,4.676842,5.895406
bass_4,s05,151,431,150,4,uro,4.050547,4.835561,4.958701
bass_4,s05,152,432,151,3,basi,3.367115,5.160416,5.050764
bass_4,s05,152,432,151,2,eye,4.566898,6.322866,6.15995
bass_4,s05,152,432,151,1,lj,2.503552,5.833295,5.368455
bass_4,s05,152,432,151,6,p2,7.7247263892544895,4.161918564800697,4.677859358654409
bass_4,s05,152,432,151,6,pm,2.877404,6.629864,5.325811
bass_4,s05,152,432,151,8,quad,4.534630880097704,4.95303084600269,5.744221379756582
bass_4,s05,152,432,151,7,so,5.306301,4.666002,5.905597
bass_4,s05,152,432,151,4,uro,4.048509,4.835738,4.95875
bass_4,s05,153,433,152,3,basi,3.365825,5.16056,5.050813
bass_4,s05,153,433,152,2,eye,4.56692,6.322893,6.158054
bass_4,s05,153,433,152,1,lj,2.500307,5.828692,5.368646
bass_4,s05,153,433,152,6,p2,7.723719811408554,4.15877263418407,4.6789543449968205
bass_4,s05,153,433,152,6,pm,2.8776,6.624286,5.325797
bass_4,s05,153,433,152,8,quad,4.58386156119318,4.980074798782096,5.755642470010654
bass_4,s05,153,433,152,7,so,5.308688,4.660164,5.889929
bass_4,s05,153,433,152,4,uro,4.046521,4.833295,4.958813
bass_4,s05,154,434,153,3,basi,3.365825,5.16056,5.050813
bass_4,s05,154,434,153,2,eye,4.571205,6.311159,6.155888
bass_4,s05,154,434,153,1,lj,2.49871,5.832604,5.368744
bass_4,s05,154,434,153,6,p2,7.722568290734545,4.155222875001063,4.679751227107825
bass_4,s05,154,434,153,6,pm,2.880506,6.624422,5.325945
bass_4,s05,154,434,153,8,quad,4.50913994963276,4.988564539328841,5.745826946071217
bass_4,s05,154,434,153,7,so,5.308937,4.65441,5.874256
bass_4,s05,154,434,153,4,uro,4.044168,4.833235,4.958729
bass_4,s05,155,435,154,3,basi,3.367931,5.160645,5.050907
bass_4,s05,155,435,154,2,eye,4.572373,6.311198,6.154027
bass_4,s05,155,435,154,1,lj,2.501449,5.835908,5.368582
bass_4,s05,155,435,154,6,p2,7.721614039142184,4.151950039621825,4.6806751086222045
bass_4,s05,155,435,154,6,pm,2.880898,6.613268,5.325916
bass_4,s05,155,435,154,8,quad,4.477397330388598,4.94051391907219,5.738648575397227
bass_4,s05,155,435,154,7,so,5.309104,4.648737,5.86378
bass_4,s05,155,435,154,4,uro,4.047325,4.827726,4.958683
bass_4,s05,156,436,155,3,basi,3.367878,5.163921,5.04395
bass_4,s05,156,436,155,2,eye,4.570998,6.299732,6.153779
bass_4,s05,156,436,155,1,lj,2.501297,5.839618,5.368593
bass_4,s05,156,436,155,6,p2,7.72069061488581,4.148777061344045,4.681555175096141
bass_4,s05,156,436,155,6,pm,2.879121,6.602389,5.325991
bass_4,s05,156,436,155,8,quad,4.537794589516029,4.959343985161141,5.704557749141945
bass_4,s05,156,436,155,7,so,5.309187,4.648653,5.85859
bass_4,s05,156,436,155,4,uro,4.044972,4.827665,4.958599
bass_4,s05,157,437,156,3,basi,3.3679,5.163902,5.040478
bass_4,s05,157,437,156,2,eye,4.569524,6.29986,6.151902
bass_4,s05,157,437,156,1,lj,2.50656,5.84362,5.368915
bass_4,s05,157,437,156,6,p2,7.719858157025623,4.145915454300017,4.682486429146416
bass_4,s05,157,437,156,6,pm,2.873507,6.596541,5.325679
bass_4,s05,157,437,156,8,quad,4.582669018877154,5.010099741455855,5.664056495417189
bass_4,s05,157,437,156,7,so,5.309353,4.648484,5.84821
bass_4,s05,157,437,156,4,uro,4.045022,4.825044,4.958613
bass_4,s05,158,438,157,3,basi,3.365772,5.163836,5.043856
bass_4,s05,158,438,157,2,eye,4.568482,6.292162,6.149795
bass_4,s05,158,438,157,1,lj,2.506242,5.850901,5.38681
bass_4,s05,158,438,157,6,p2,7.719023382879634,4.142832841992743,4.683365229171722
bass_4,s05,158,438,157,6,pm,2.873704,6.590964,5.325665
bass_4,s05,158,438,157,8,quad,4.469028058139506,4.99277303310233,5.744694553276741
bass_4,s05,158,438,157,7,so,5.312572,4.648393,5.843081
bass_4,s05,158,438,157,4,uro,4.046141,4.819712,4.958616
bass_4,s05,159,439,158,3,basi,3.364558,5.160685,5.04739
bass_4,s05,159,439,158,2,eye,4.567029,6.292317,6.146023
bass_4,s05,159,439,158,1,lj,2.507385,5.858116,5.38675
bass_4,s05,159,439,158,6,p2,7.718285667235911,4.13979854783182,4.684299232401892
bass_4,s05,159,439,158,6,pm,2.87607,6.585111,5.325547
bass_4,s05,159,439,158,8,quad,4.509971105960285,5.028615854210324,5.716340158530202
bass_4,s05,159,439,158,7,so,5.314795,4.648222,5.837902
bass_4,s05,159,439,158,4,uro,4.046141,4.819712,4.958616
bass_4,s05,160,440,159,3,basi,3.363462,5.154202,5.047463
bass_4,s05,160,440,159,2,eye,4.567114,6.288512,6.142145
bass_4,s05,160,440,159,1,lj,2.508686,5.861693,5.377738
bass_4,s05,160,440,159,6,p2,7.717648461559824,4.13685383150789,4.685326248571762
bass_4,s05,160,440,159,6,pm,2.876267,6.579534,5.325533
bass_4,s05,160,440,159,8,quad,4.553791525942168,5.016495482491907,5.691482170368827
bass_4,s05,160,440,159,7,so,5.323374,4.647951,5.827656
bass_4,s05,160,440,159,4,uro,4.045223,4.814558,4.958668
bass_4,s05,161,441,160,3,basi,3.36227,5.151032,5.047525
bass_4,s05,161,441,160,2,eye,4.565969,6.2885,6.142111
bass_4,s05,161,441,160,1,lj,2.514103,5.861985,5.378048
bass_4,s05,161,441,160,6,p2,7.71698936078869,4.133780902883391,4.686373124331886
bass_4,s05,161,441,160,6,pm,2.876267,6.579534,5.325533
bass_4,s05,161,441,160,8,quad,4.5347491630240695,4.9898721652847025,5.673735458629506
bass_4,s05,161,441,160,7,so,5.326345,4.648111,5.838095
bass_4,s05,161,441,160,4,uro,4.045323,4.809316,4.958696
bass_4,s05,162,442,161,3,basi,3.364397,5.151097,5.044148
bass_4,s05,162,442,161,2,eye,4.565991,6.288526,6.140216
bass_4,s05,162,442,161,1,lj,2.519378,5.866055,5.369431
bass_4,s05,162,442,161,6,p2,7.716454542010517,4.130722427276243,4.687327795028156
bass_4,s05,162,442,161,6,pm,2.8788299999999998,6.568104,5.325401
bass_4,s05,162,442,161,8,quad,4.583361158308665,5.001030567323822,5.706570836131503
bass_4,s05,162,442,161,7,so,5.326428,4.648027,5.832906
bass_4,s05,162,442,161,4,uro,4.04736,4.809137,4.958647
bass_4,s05,163,443,162,3,basi,3.366954,5.150828,5.04752
bass_4,s05,163,443,162,2,eye,4.566054,6.284695,6.138234
bass_4,s05,163,443,162,1,lj,2.520673,5.869564,5.369356
bass_4,s05,163,443,162,6,p2,7.71592829988711,4.127250588517145,4.688415324960596
bass_4,s05,163,443,162,6,pm,2.879026,6.562527,5.325387
bass_4,s05,163,443,162,8,quad,4.549047656470918,4.958821782130611,5.743310265734668
bass_4,s05,163,443,162,7,so,5.326428,4.648027,5.832906
bass_4,s05,163,443,162,4,uro,4.048379,4.809048,4.958623
bass_4,s05,164,444,163,3,basi,3.369133,5.147619,5.051097
bass_4,s05,164,444,163,2,eye,4.564579,6.284823,6.136358
bass_4,s05,164,444,163,1,lj,2.520673,5.869564,5.369356
bass_4,s05,164,444,163,6,p2,7.715366618627447,4.123496533268601,4.6894606782015424
bass_4,s05,164,444,163,6,pm,2.879223,6.556951,5.325372
bass_4,s05,164,444,163,8,quad,4.521539692012787,4.941113596917483,5.664938526692052
bass_4,s05,164,444,163,7,so,5.326511,4.647942,5.827716
bass_4,s05,164,444,163,4,uro,4.061772,4.811604,4.962724
bass_4,s05,165,445,164,3,basi,3.364998,5.144156,5.054391
bass_4,s05,165,445,164,2,eye,4.563456,6.284837,6.134429
bass_4,s05,165,445,164,1,lj,2.516533,5.872636,5.386854
bass_4,s05,165,445,164,6,p2,7.7148103971596145,4.119808598030209,4.690545702307774
bass_4,s05,165,445,164,6,pm,2.879223,6.556951,5.325372
bass_4,s05,165,445,164,8,quad,4.554819858759436,4.96243932272415,5.6935699283103975
bass_4,s05,165,445,164,7,so,5.326594,4.647858,5.822527
bass_4,s05,165,445,164,4,uro,4.062791,4.811515,4.9627
bass_4,s05,166,446,165,3,basi,3.360983,5.137358,5.054225
bass_4,s05,166,446,165,2,eye,4.562354,6.284877,6.130605
bass_4,s05,166,446,165,1,lj,2.517827,5.876143,5.386781
bass_4,s05,166,446,165,6,p2,7.714294602463303,4.115785906952986,4.69139921283721
bass_4,s05,166,446,165,6,pm,2.881786,6.545521,5.325241
bass_4,s05,166,446,165,8,quad,4.530972440510629,4.952136527426397,5.684938676112909
bass_4,s05,166,446,165,7,so,5.326593,4.642349,5.822439
bass_4,s05,166,446,165,4,uro,4.0667665,4.8127185,4.9553715
bass_4,s05,167,447,166,3,basi,3.360983,5.137358,5.054225
bass_4,s05,167,447,166,2,eye,4.562459,6.277187,6.128537
bass_4,s05,167,447,166,1,lj,2.519289,5.876088,5.368812
bass_4,s05,167,447,166,6,p2,7.71386469836257,4.111522077960751,4.692410171320281
bass_4,s05,167,447,166,6,pm,2.890684,6.540355,5.32567
bass_4,s05,167,447,166,8,quad,4.5437392426027605,4.990697595575192,5.6506147359641465
bass_4,s05,167,447,166,7,so,5.329895,4.64217,5.812123
bass_4,s05,167,447,166,4,uro,4.070742,4.813922,4.948043
bass_4,s05,168,448,167,3,basi,3.360983,5.137358,5.054225
bass_4,s05,168,448,167,2,eye,4.561088,6.269624,6.124595
bass_4,s05,168,448,167,1,lj,2.51928,5.876015,5.377754
bass_4,s05,168,448,167,6,p2,7.713244543217261,4.106903671662159,4.693295920929103
bass_4,s05,168,448,167,6,pm,2.890684,6.540355,5.32567
bass_4,s05,168,448,167,8,quad,4.536760282891892,4.985338400870097,5.703489610213637
bass_4,s05,168,448,167,7,so,5.330057,4.625467,5.801489
bass_4,s05,168,448,167,4,uro,4.070742,4.813922,4.948043
bass_4,s05,169,449,168,3,basi,3.36108,5.134044,5.054236
bass_4,s05,169,449,168,2,eye,4.56117,6.261908,6.124422
bass_4,s05,169,449,168,1,lj,2.520557,5.879374,5.395567
bass_4,s05,169,449,168,6,p2,7.7125802614915715,4.102283642569563,4.694051308057572
bass_4,s05,169,449,168,6,pm,2.890684,6.540355,5.32567
bass_4,s05,169,449,168,8,quad,4.593572445127097,4.999000567839825,5.695604252544508
bass_4,s05,169,449,168,7,so,5.332365,4.625209,5.79113
bass_4,s05,169,449,168,4,uro,4.070742,4.813922,4.948043
bass_4,s05,170,450,169,3,basi,3.36108,5.134044,5.054236
bass_4,s05,170,450,169,2,eye,4.561274,6.254216,6.122357
bass_4,s05,170,450,169,1,lj,2.522002,5.879172,5.395481
bass_4,s05,170,450,169,6,p2,7.71211681766772,4.097992766937982,4.694874304143181
bass_4,s05,170,450,169,6,pm,2.892854,6.54008,5.325567
bass_4,s05,170,450,169,8,quad,4.524441593963816,4.960257557126933,5.696809827927547
bass_4,s05,170,450,169,7,so,5.334588,4.619524,5.785873
bass_4,s05,170,450,169,4,uro,4.072927,4.80588,4.948039
bass_4,s05,171,451,170,3,basi,3.361873,5.134296,5.05785
bass_4,s05,171,451,170,2,eye,4.560152,6.254229,6.120429
bass_4,s05,171,451,170,1,lj,2.525977,5.879666,5.395876
bass_4,s05,171,451,170,6,p2,7.711562344109947,4.093651952997931,4.695497189251781
bass_4,s05,171,451,170,6,pm,2.892854,6.54008,5.325567
bass_4,s05,171,451,170,8,quad,4.580840110108669,4.9119866226639095,5.680061234580054
bass_4,s05,171,451,170,7,so,5.337721,4.614003,5.785848
bass_4,s05,171,451,170,4,uro,4.073996,4.80317,4.94803
bass_4,s05,172,452,171,3,basi,3.361873,5.134296,5.05785
bass_4,s05,172,452,171,2,eye,4.560193,6.250371,6.120343
bass_4,s05,172,452,171,1,lj,2.530102,5.87645,5.396257
bass_4,s05,172,452,171,6,p2,7.711010564979497,4.089289950222717,4.696051398601184
bass_4,s05,172,452,171,6,pm,2.89791,6.539847,5.330399
bass_4,s05,172,452,171,8,quad,4.562135795345608,4.972645798267059,5.660700759717544
bass_4,s05,172,452,171,7,so,5.343079,4.61382,5.780736
bass_4,s05,172,452,171,4,uro,4.081097,4.800725,4.948293
bass_4,s05,173,453,172,3,basi,3.361873,5.134296,5.05785
bass_4,s05,173,453,172,2,eye,4.556221,6.239037,6.116304
bass_4,s05,173,453,172,1,lj,2.530102,5.87645,5.396257
bass_4,s05,173,453,172,6,p2,7.71054110743707,4.085222686567466,4.696570825188617
bass_4,s05,173,453,172,6,pm,2.89791,6.539847,5.330399
bass_4,s05,173,453,172,8,quad,4.5593004432465225,4.976341560733601,5.654965341545895
bass_4,s05,173,453,172,7,so,5.336977,4.60815,5.770169
bass_4,s05,173,453,172,4,uro,4.080029,4.803434,4.948302
bass_4,s05,174,454,173,3,basi,3.360681,5.131127,5.057911
bass_4,s05,174,454,173,2,eye,4.552853,6.235166,6.114222
bass_4,s05,174,454,173,1,lj,2.529952,5.880158,5.396271
bass_4,s05,174,454,173,6,p2,7.710030866055156,4.081407965740874,4.696905489913923
bass_4,s05,174,454,173,6,pm,2.898836,6.534681,5.330634
bass_4,s05,174,454,173,8,quad,4.489298532772435,5.002761271004354,5.66159331936184
bass_4,s05,174,454,173,7,so,5.33393,4.6191,5.76509
bass_4,s05,174,454,173,4,uro,4.082989,4.808415,4.948202
bass_4,s05,175,455,174,3,basi,3.359489,5.127958,5.057972
bass_4,s05,175,455,174,2,eye,4.552916,6.231331,6.112245
bass_4,s05,175,455,174,1,lj,2.531405,5.880031,5.387241
bass_4,s05,175,455,174,6,p2,7.709691762053531,4.077888725316845,4.697386907853245
bass_4,s05,175,455,174,6,pm,2.899226,6.523529,5.330604
bass_4,s05,175,455,174,8,quad,4.575110958077644,4.9399814188859175,5.626580427392345
bass_4,s05,175,455,174,7,so,5.331866,4.591524,5.759492
bass_4,s05,175,455,174,4,uro,4.090689,4.802908,4.948262
bass_4,s05,176,456,175,3,basi,3.362089,5.127647,5.054403
bass_4,s05,176,456,175,2,eye,4.550695,6.231379,6.106499
bass_4,s05,176,456,175,1,lj,2.538585,5.872845,5.369555
bass_4,s05,176,456,175,6,p2,7.709187704307822,4.0743483323639165,4.697544888305368
bass_4,s05,176,456,175,6,pm,2.896326,6.523394,5.330456
bass_4,s05,176,456,175,8,quad,4.486075960011962,4.921378049745345,5.674984930724105
bass_4,s05,176,456,175,7,so,5.321648,4.574804,5.738399
bass_4,s05,176,456,175,4,uro,4.090737,4.800286,4.948276
bass_4,s05,177,457,176,3,basi,3.37044,5.12805,5.0651910000000004
bass_4,s05,177,457,176,2,eye,4.550717,6.231403,6.104607
bass_4,s05,177,457,176,1,lj,2.538585,5.872845,5.369555
bass_4,s05,177,457,176,6,p2,7.709011966676187,4.072479134527857,4.697644603696746
bass_4,s05,177,457,176,6,pm,2.899031,6.529105,5.330619
bass_4,s05,177,457,176,8,quad,4.534096361017714,4.958150860044066,5.619907124429671
bass_4,s05,177,457,176,7,so,5.321732,4.585748,5.733376
bass_4,s05,177,457,176,4,uro,4.095523,4.787177,4.948448
bass_4,s05,178,458,177,3,basi,3.383506,5.117623,5.061788
bass_4,s05,178,458,177,2,eye,4.549595,6.231414,6.102681
bass_4,s05,178,458,177,1,lj,2.535908,5.875865,5.369088
bass_4,s05,178,458,177,6,p2,7.708994241542882,4.070946076262327,4.6978669491961895
bass_4,s05,178,458,177,6,pm,2.904343,6.500677,5.330338
bass_4,s05,178,458,177,8,quad,4.541183789854018,4.933336847852264,5.59617520690383
bass_4,s05,178,458,177,7,so,5.321814,4.574623,5.728045
bass_4,s05,178,458,177,4,uro,4.096542,4.78709,4.948425
bass_4,s05,179,459,178,3,basi,3.382979,5.107456,5.061676
bass_4,s05,179,459,178,2,eye,4.549595,6.231414,6.102681
bass_4,s05,179,459,178,1,lj,2.537203,5.879374,5.369015
bass_4,s05,179,459,178,6,p2,7.708728308703915,4.069234093187144,4.6978695121121685
bass_4,s05,179,459,178,6,pm,2.901951,6.506345,5.340022
bass_4,s05,179,459,178,8,quad,4.496741240481814,4.893557744139468,5.608534416205289
bass_4,s05,179,459,178,7,so,5.321897,4.569013,5.722793
bass_4,s05,179,459,178,4,uro,4.09924,4.776777,4.948629
bass_4,s05,180,460,179,3,basi,3.374544,5.107139,5.064768
bass_4,s05,180,460,179,2,eye,4.549747,6.227674,6.093138
bass_4,s05,180,460,179,1,lj,2.542613,5.87959,5.378265
bass_4,s05,180,460,179,6,p2,7.708593995316964,4.067912877148838,4.698033662905486
bass_4,s05,180,460,179,6,pm,2.901951,6.506345,5.340022
bass_4,s05,180,460,179,8,quad,4.570976521835266,4.91519658518844,5.622936053769879
bass_4,s05,180,460,179,7,so,5.325026,4.563487,5.722777
bass_4,s05,180,460,179,4,uro,4.0981629999999996,4.776941,4.954462
